2024-07-20 12:18:07,151 DEBUG:Starting main script
2024-07-20 12:18:07,378 DEBUG:starting thread (client mode): 0x2f1cc40
2024-07-20 12:18:07,379 DEBUG:Local version/idstring: SSH-2.0-paramiko_3.4.0
2024-07-20 12:18:07,421 DEBUG:Remote version/idstring: SSH-2.0-OpenSSH_8.2p1 Ubuntu-4ubuntu0.11
2024-07-20 12:18:07,421 INFO:Connected (version 2.0, client OpenSSH_8.2p1)
2024-07-20 12:18:07,448 DEBUG:=== Key exchange possibilities ===
2024-07-20 12:18:07,448 DEBUG:kex algos: curve25519-sha256, curve25519-sha256@libssh.org, ecdh-sha2-nistp256, ecdh-sha2-nistp384, ecdh-sha2-nistp521, diffie-hellman-group-exchange-sha256, diffie-hellman-group16-sha512, diffie-hellman-group18-sha512, diffie-hellman-group14-sha256, kex-strict-s-v00@openssh.com
2024-07-20 12:18:07,448 DEBUG:server key: rsa-sha2-512, rsa-sha2-256, ssh-rsa, ecdsa-sha2-nistp256, ssh-ed25519
2024-07-20 12:18:07,448 DEBUG:client encrypt: chacha20-poly1305@openssh.com, aes128-ctr, aes192-ctr, aes256-ctr, aes128-gcm@openssh.com, aes256-gcm@openssh.com
2024-07-20 12:18:07,448 DEBUG:server encrypt: chacha20-poly1305@openssh.com, aes128-ctr, aes192-ctr, aes256-ctr, aes128-gcm@openssh.com, aes256-gcm@openssh.com
2024-07-20 12:18:07,448 DEBUG:client mac: umac-64-etm@openssh.com, umac-128-etm@openssh.com, hmac-sha2-256-etm@openssh.com, hmac-sha2-512-etm@openssh.com, hmac-sha1-etm@openssh.com, umac-64@openssh.com, umac-128@openssh.com, hmac-sha2-256, hmac-sha2-512, hmac-sha1
2024-07-20 12:18:07,448 DEBUG:server mac: umac-64-etm@openssh.com, umac-128-etm@openssh.com, hmac-sha2-256-etm@openssh.com, hmac-sha2-512-etm@openssh.com, hmac-sha1-etm@openssh.com, umac-64@openssh.com, umac-128@openssh.com, hmac-sha2-256, hmac-sha2-512, hmac-sha1
2024-07-20 12:18:07,448 DEBUG:client compress: none, zlib@openssh.com
2024-07-20 12:18:07,448 DEBUG:server compress: none, zlib@openssh.com
2024-07-20 12:18:07,448 DEBUG:client lang: <none>
2024-07-20 12:18:07,449 DEBUG:server lang: <none>
2024-07-20 12:18:07,449 DEBUG:kex follows: False
2024-07-20 12:18:07,449 DEBUG:=== Key exchange agreements ===
2024-07-20 12:18:07,449 DEBUG:Strict kex mode: True
2024-07-20 12:18:07,449 DEBUG:Kex: curve25519-sha256@libssh.org
2024-07-20 12:18:07,449 DEBUG:HostKey: ssh-ed25519
2024-07-20 12:18:07,449 DEBUG:Cipher: aes128-ctr
2024-07-20 12:18:07,449 DEBUG:MAC: hmac-sha2-256
2024-07-20 12:18:07,449 DEBUG:Compression: none
2024-07-20 12:18:07,449 DEBUG:=== End of kex handshake ===
2024-07-20 12:18:07,488 DEBUG:Resetting outbound seqno after NEWKEYS due to strict mode
2024-07-20 12:18:07,488 DEBUG:kex engine KexCurve25519 specified hash_algo <built-in function openssl_sha256>
2024-07-20 12:18:07,488 DEBUG:Switch to new keys ...
2024-07-20 12:18:07,488 DEBUG:Resetting inbound seqno after NEWKEYS due to strict mode
2024-07-20 12:18:07,489 DEBUG:Attempting public-key auth...
2024-07-20 12:18:07,489 DEBUG:Got EXT_INFO: {'server-sig-algs': b'ssh-ed25519,sk-ssh-ed25519@openssh.com,ssh-rsa,rsa-sha2-256,rsa-sha2-512,ssh-dss,ecdsa-sha2-nistp256,ecdsa-sha2-nistp384,ecdsa-sha2-nistp521,sk-ecdsa-sha2-nistp256@openssh.com'}
2024-07-20 12:18:07,547 DEBUG:userauth is OK
2024-07-20 12:18:07,547 DEBUG:Finalizing pubkey algorithm for key of type 'ssh-rsa'
2024-07-20 12:18:07,547 DEBUG:Our pubkey algorithm list: ['rsa-sha2-512', 'rsa-sha2-256', 'ssh-rsa']
2024-07-20 12:18:07,547 DEBUG:Server-side algorithm list: ['ssh-ed25519', 'sk-ssh-ed25519@openssh.com', 'ssh-rsa', 'rsa-sha2-256', 'rsa-sha2-512', 'ssh-dss', 'ecdsa-sha2-nistp256', 'ecdsa-sha2-nistp384', 'ecdsa-sha2-nistp521', 'sk-ecdsa-sha2-nistp256@openssh.com']
2024-07-20 12:18:07,547 DEBUG:Agreed upon 'rsa-sha2-512' pubkey algorithm
2024-07-20 12:18:07,606 INFO:Authentication (publickey) successful!
2024-07-20 12:18:07,613 DEBUG:[chan 0] Max packet in: 32768 bytes
2024-07-20 12:18:08,123 DEBUG:Received global request "hostkeys-00@openssh.com"
2024-07-20 12:18:08,124 DEBUG:Rejecting "hostkeys-00@openssh.com" global request from server.
2024-07-20 12:18:08,124 DEBUG:Debug msg: b'/home/smueller/.ssh/authorized_keys:1: key options: agent-forwarding port-forwarding pty user-rc x11-forwarding'
2024-07-20 12:18:08,152 DEBUG:[chan 0] Max packet out: 32768 bytes
2024-07-20 12:18:08,152 DEBUG:Secsh channel 0 opened.
2024-07-20 12:18:08,153 DEBUG:Building SSL context
2024-07-20 12:18:08,169 DEBUG:Switching to SSL
2024-07-20 12:18:08,302 DEBUG:SSL has been enabled
2024-07-20 12:18:08,302 DEBUG:Starting authorization phase
2024-07-20 12:18:08,302 DEBUG:The provided initial strategy is caching_sha2_password
2024-07-20 12:18:08,302 INFO:package: mysql.connector.plugins
2024-07-20 12:18:08,302 INFO:plugin_name: caching_sha2_password
2024-07-20 12:18:08,302 INFO:AUTHENTICATION_PLUGIN_CLASS: MySQLCachingSHA2PasswordAuthPlugin
2024-07-20 12:18:08,334 DEBUG:Exchanging further packets
2024-07-20 12:18:08,334 DEBUG:caching_sha2_password completed succesfully
2024-07-20 12:18:08,600 DEBUG:Random Value: 16, Inconsistency Value: 0, Filename: data/SRS/Dataset_A/sig20_25_50/srs_106.txt, Value: (A6||(A5&&A5))||(A13&&A9)
2024-07-20 12:18:08,601 DEBUG:Random Value: 2, Inconsistency Value: 0, Filename: data/SRS/Dataset_A/sig20_25_50/srs_106.txt, Value: (!A4||(A7||A4))&&(!A12||(A4&&A3))
2024-07-20 12:18:08,601 DEBUG:Random Value: 13, Inconsistency Value: 1, Filename: data/SRS/Dataset_A/sig20_25_50/srs_106.txt, Value: !(A10||((A7&&A10)||A0))
2024-07-20 12:18:08,601 DEBUG:Random Value: 18, Inconsistency Value: 0, Filename: data/SRS/Dataset_A/sig20_25_50/srs_106.txt, Value: !(A16&&A3)||A9
2024-07-20 12:18:08,601 DEBUG:Random Value: 17, Inconsistency Value: 0, Filename: data/SRS/Dataset_A/sig20_25_50/srs_106.txt, Value: A14&&A3
2024-07-20 12:18:08,601 DEBUG:Random Value: 4, Inconsistency Value: 0, Filename: data/SRS/Dataset_A/sig20_25_50/srs_106.txt, Value: !(A3&&A15)
2024-07-20 12:18:08,601 DEBUG:Random Value: 24, Inconsistency Value: 0, Filename: data/SRS/Dataset_A/sig20_25_50/srs_106.txt, Value: !(A13&&A3)
2024-07-20 12:18:08,602 DEBUG:Random Value: 22, Inconsistency Value: 1, Filename: data/SRS/Dataset_A/sig20_25_50/srs_106.txt, Value: ((!A12||(A6||A8))&&A8)&&!A4
2024-07-20 12:18:08,602 DEBUG:Random Value: 6, Inconsistency Value: 2, Filename: data/SRS/Dataset_A/sig20_25_50/srs_106.txt, Value: ((A15||A7)&&((A2||A5)&&A10))&&!A11
2024-07-20 12:18:08,602 DEBUG:Random Value: 21, Inconsistency Value: 0, Filename: data/SRS/Dataset_A/sig20_25_50/srs_106.txt, Value: (!A3&&!(A6||A19))&&(!A14||(A7||A14))
2024-07-20 12:18:08,602 DEBUG:Random Value: 10, Inconsistency Value: 0, Filename: data/SRS/Dataset_A/sig20_25_50/srs_106.txt, Value: (A19||A13)||A10
2024-07-20 12:18:08,602 DEBUG:Random Value: 1, Inconsistency Value: 0, Filename: data/SRS/Dataset_A/sig20_25_50/srs_106.txt, Value: !(!A13&&A14)&&A18
2024-07-20 12:18:08,602 DEBUG:Random Value: 3, Inconsistency Value: 0, Filename: data/SRS/Dataset_A/sig20_25_50/srs_106.txt, Value: A5
2024-07-20 12:18:08,602 DEBUG:Random Value: 11, Inconsistency Value: 1, Filename: data/SRS/Dataset_A/sig20_25_50/srs_106.txt, Value: (((A9&&A4)&&(A10&&A0))||!A2)&&!A12
2024-07-20 12:18:08,602 DEBUG:Random Value: 25, Inconsistency Value: 1, Filename: data/SRS/Dataset_A/sig20_25_50/srs_106.txt, Value: A8&&!A5
2024-07-20 12:18:08,602 DEBUG:Random Value: 15, Inconsistency Value: 0, Filename: data/SRS/Dataset_A/sig20_25_50/srs_106.txt, Value: !A19&&A14
2024-07-20 12:18:08,602 DEBUG:Random Value: 8, Inconsistency Value: 2, Filename: data/SRS/Dataset_A/sig20_25_50/srs_106.txt, Value: A0&&!A8
2024-07-20 12:18:08,602 DEBUG:Random Value: 26, Inconsistency Value: 0, Filename: data/SRS/Dataset_A/sig20_25_50/srs_106.txt, Value: !(A6||A18)||(A14||(A1&&A7))
2024-07-20 12:18:08,602 DEBUG:Random Value: 12, Inconsistency Value: 1, Filename: data/SRS/Dataset_A/sig20_25_50/srs_106.txt, Value: A14&&!(!A1||A16)
2024-07-20 12:18:08,602 DEBUG:Random Value: 27, Inconsistency Value: 0, Filename: data/SRS/Dataset_A/sig20_25_50/srs_106.txt, Value: A11||A5
2024-07-20 12:18:08,602 DEBUG:Random Value: 14, Inconsistency Value: 1, Filename: data/SRS/Dataset_A/sig20_25_50/srs_106.txt, Value: !A7&&!(!A19)
2024-07-20 12:18:08,602 DEBUG:Random Value: 19, Inconsistency Value: 0, Filename: data/SRS/Dataset_A/sig20_25_50/srs_106.txt, Value: A14||(A9&&A3)
2024-07-20 12:18:08,602 DEBUG:Random Value: 7, Inconsistency Value: 1, Filename: data/SRS/Dataset_A/sig20_25_50/srs_106.txt, Value: (A2||A11)||((A11||A4)&&(A6&&A6))
2024-07-20 12:18:08,602 DEBUG:Random Value: 5, Inconsistency Value: 0, Filename: data/SRS/Dataset_A/sig20_25_50/srs_106.txt, Value: (!A0&&!A7)||A16
2024-07-20 12:18:08,602 DEBUG:Random Value: 20, Inconsistency Value: 0, Filename: data/SRS/Dataset_A/sig20_25_50/srs_106.txt, Value: !(A2||A8)||A15
2024-07-20 12:18:08,602 DEBUG:Random Value: 9, Inconsistency Value: 0, Filename: data/SRS/Dataset_A/sig20_25_50/srs_106.txt, Value: !(A13&&!(A15||A6))
2024-07-20 12:18:08,602 DEBUG:Random Value: 23, Inconsistency Value: 2, Filename: data/SRS/Dataset_A/sig20_25_50/srs_106.txt, Value: A12&&(!A1&&A3)
2024-07-20 12:18:08,602 INFO:Alpha: A0&&!A0
2024-07-20 12:18:09,227 DEBUG:MiniSat result: UNSAT. Therefore, A0&&!A0 is in Cn(['(A6||(A5&&A5))||(A13&&A9)', '(!A4||(A7||A4))&&(!A12||(A4&&A3))', '!(A10||((A7&&A10)||A0))', '!(A16&&A3)||A9', 'A14&&A3', '!(A3&&A15)', '!(A13&&A3)', '((!A12||(A6||A8))&&A8)&&!A4', '((A15||A7)&&((A2||A5)&&A10))&&!A11', '(!A3&&!(A6||A19))&&(!A14||(A7||A14))', '(A19||A13)||A10', '!(!A13&&A14)&&A18', 'A5', '(((A9&&A4)&&(A10&&A0))||!A2)&&!A12', 'A8&&!A5', '!A19&&A14', 'A0&&!A8', '!(A6||A18)||(A14||(A1&&A7))', 'A14&&!(!A1||A16)', 'A11||A5', '!A7&&!(!A19)', 'A14||(A9&&A3)', '(A2||A11)||((A11||A4)&&(A6&&A6))', '(!A0&&!A7)||A16', '!(A2||A8)||A15', '!(A13&&!(A15||A6))', 'A12&&(!A1&&A3)'])
2024-07-20 12:18:09,227 DEBUG:Finding kernel for dataset with 27 elements: ['(A6||(A5&&A5))||(A13&&A9)', '(!A4||(A7||A4))&&(!A12||(A4&&A3))', '!(A10||((A7&&A10)||A0))', '!(A16&&A3)||A9', 'A14&&A3', '!(A3&&A15)', '!(A13&&A3)', '((!A12||(A6||A8))&&A8)&&!A4', '((A15||A7)&&((A2||A5)&&A10))&&!A11', '(!A3&&!(A6||A19))&&(!A14||(A7||A14))', '(A19||A13)||A10', '!(!A13&&A14)&&A18', 'A5', '(((A9&&A4)&&(A10&&A0))||!A2)&&!A12', 'A8&&!A5', '!A19&&A14', 'A0&&!A8', '!(A6||A18)||(A14||(A1&&A7))', 'A14&&!(!A1||A16)', 'A11||A5', '!A7&&!(!A19)', 'A14||(A9&&A3)', '(A2||A11)||((A11||A4)&&(A6&&A6))', '(!A0&&!A7)||A16', '!(A2||A8)||A15', '!(A13&&!(A15||A6))', 'A12&&(!A1&&A3)']
2024-07-20 12:18:09,227 INFO:27 ELEMENTS: ['(A6||(A5&&A5))||(A13&&A9)', '(!A4||(A7||A4))&&(!A12||(A4&&A3))', '!(A10||((A7&&A10)||A0))', '!(A16&&A3)||A9', 'A14&&A3', '!(A3&&A15)', '!(A13&&A3)', '((!A12||(A6||A8))&&A8)&&!A4', '((A15||A7)&&((A2||A5)&&A10))&&!A11', '(!A3&&!(A6||A19))&&(!A14||(A7||A14))', '(A19||A13)||A10', '!(!A13&&A14)&&A18', 'A5', '(((A9&&A4)&&(A10&&A0))||!A2)&&!A12', 'A8&&!A5', '!A19&&A14', 'A0&&!A8', '!(A6||A18)||(A14||(A1&&A7))', 'A14&&!(!A1||A16)', 'A11||A5', '!A7&&!(!A19)', 'A14||(A9&&A3)', '(A2||A11)||((A11||A4)&&(A6&&A6))', '(!A0&&!A7)||A16', '!(A2||A8)||A15', '!(A13&&!(A15||A6))', 'A12&&(!A1&&A3)']
2024-07-20 12:18:09,227 DEBUG:B_PRIME with 1 elements: ['(A6||(A5&&A5))||(A13&&A9)']
2024-07-20 12:18:09,246 DEBUG:MiniSat result: SAT. Therefore, A0&&!A0 is not in Cn(['(A6||(A5&&A5))||(A13&&A9)'])
2024-07-20 12:18:09,246 DEBUG:B_PRIME with 2 elements: ['(A6||(A5&&A5))||(A13&&A9)', '(!A4||(A7||A4))&&(!A12||(A4&&A3))']
2024-07-20 12:18:09,263 DEBUG:MiniSat result: SAT. Therefore, A0&&!A0 is not in Cn(['(A6||(A5&&A5))||(A13&&A9)', '(!A4||(A7||A4))&&(!A12||(A4&&A3))'])
2024-07-20 12:18:09,263 DEBUG:B_PRIME with 3 elements: ['(A6||(A5&&A5))||(A13&&A9)', '(!A4||(A7||A4))&&(!A12||(A4&&A3))', '!(A10||((A7&&A10)||A0))']
2024-07-20 12:18:09,281 DEBUG:MiniSat result: SAT. Therefore, A0&&!A0 is not in Cn(['(A6||(A5&&A5))||(A13&&A9)', '(!A4||(A7||A4))&&(!A12||(A4&&A3))', '!(A10||((A7&&A10)||A0))'])
2024-07-20 12:18:09,281 DEBUG:B_PRIME with 4 elements: ['(A6||(A5&&A5))||(A13&&A9)', '(!A4||(A7||A4))&&(!A12||(A4&&A3))', '!(A10||((A7&&A10)||A0))', '!(A16&&A3)||A9']
2024-07-20 12:18:09,300 DEBUG:MiniSat result: SAT. Therefore, A0&&!A0 is not in Cn(['(A6||(A5&&A5))||(A13&&A9)', '(!A4||(A7||A4))&&(!A12||(A4&&A3))', '!(A10||((A7&&A10)||A0))', '!(A16&&A3)||A9'])
2024-07-20 12:18:09,300 DEBUG:B_PRIME with 5 elements: ['(A6||(A5&&A5))||(A13&&A9)', '(!A4||(A7||A4))&&(!A12||(A4&&A3))', '!(A10||((A7&&A10)||A0))', '!(A16&&A3)||A9', 'A14&&A3']
2024-07-20 12:18:09,318 DEBUG:MiniSat result: SAT. Therefore, A0&&!A0 is not in Cn(['(A6||(A5&&A5))||(A13&&A9)', '(!A4||(A7||A4))&&(!A12||(A4&&A3))', '!(A10||((A7&&A10)||A0))', '!(A16&&A3)||A9', 'A14&&A3'])
2024-07-20 12:18:09,318 DEBUG:B_PRIME with 6 elements: ['(A6||(A5&&A5))||(A13&&A9)', '(!A4||(A7||A4))&&(!A12||(A4&&A3))', '!(A10||((A7&&A10)||A0))', '!(A16&&A3)||A9', 'A14&&A3', '!(A3&&A15)']
2024-07-20 12:18:09,342 DEBUG:MiniSat result: SAT. Therefore, A0&&!A0 is not in Cn(['(A6||(A5&&A5))||(A13&&A9)', '(!A4||(A7||A4))&&(!A12||(A4&&A3))', '!(A10||((A7&&A10)||A0))', '!(A16&&A3)||A9', 'A14&&A3', '!(A3&&A15)'])
2024-07-20 12:18:09,342 DEBUG:B_PRIME with 7 elements: ['(A6||(A5&&A5))||(A13&&A9)', '(!A4||(A7||A4))&&(!A12||(A4&&A3))', '!(A10||((A7&&A10)||A0))', '!(A16&&A3)||A9', 'A14&&A3', '!(A3&&A15)', '!(A13&&A3)']
2024-07-20 12:18:09,360 DEBUG:MiniSat result: SAT. Therefore, A0&&!A0 is not in Cn(['(A6||(A5&&A5))||(A13&&A9)', '(!A4||(A7||A4))&&(!A12||(A4&&A3))', '!(A10||((A7&&A10)||A0))', '!(A16&&A3)||A9', 'A14&&A3', '!(A3&&A15)', '!(A13&&A3)'])
2024-07-20 12:18:09,360 DEBUG:B_PRIME with 8 elements: ['(A6||(A5&&A5))||(A13&&A9)', '(!A4||(A7||A4))&&(!A12||(A4&&A3))', '!(A10||((A7&&A10)||A0))', '!(A16&&A3)||A9', 'A14&&A3', '!(A3&&A15)', '!(A13&&A3)', '((!A12||(A6||A8))&&A8)&&!A4']
2024-07-20 12:18:09,378 DEBUG:MiniSat result: SAT. Therefore, A0&&!A0 is not in Cn(['(A6||(A5&&A5))||(A13&&A9)', '(!A4||(A7||A4))&&(!A12||(A4&&A3))', '!(A10||((A7&&A10)||A0))', '!(A16&&A3)||A9', 'A14&&A3', '!(A3&&A15)', '!(A13&&A3)', '((!A12||(A6||A8))&&A8)&&!A4'])
2024-07-20 12:18:09,378 DEBUG:B_PRIME with 9 elements: ['(A6||(A5&&A5))||(A13&&A9)', '(!A4||(A7||A4))&&(!A12||(A4&&A3))', '!(A10||((A7&&A10)||A0))', '!(A16&&A3)||A9', 'A14&&A3', '!(A3&&A15)', '!(A13&&A3)', '((!A12||(A6||A8))&&A8)&&!A4', '((A15||A7)&&((A2||A5)&&A10))&&!A11']
2024-07-20 12:18:09,396 DEBUG:MiniSat result: UNSAT. Therefore, A0&&!A0 is in Cn(['(A6||(A5&&A5))||(A13&&A9)', '(!A4||(A7||A4))&&(!A12||(A4&&A3))', '!(A10||((A7&&A10)||A0))', '!(A16&&A3)||A9', 'A14&&A3', '!(A3&&A15)', '!(A13&&A3)', '((!A12||(A6||A8))&&A8)&&!A4', '((A15||A7)&&((A2||A5)&&A10))&&!A11'])
2024-07-20 12:18:09,396 DEBUG:Dataset expanded using sliding window of size 1: ['(A6||(A5&&A5))||(A13&&A9)', '(!A4||(A7||A4))&&(!A12||(A4&&A3))', '!(A10||((A7&&A10)||A0))', '!(A16&&A3)||A9', 'A14&&A3', '!(A3&&A15)', '!(A13&&A3)', '((!A12||(A6||A8))&&A8)&&!A4', '((A15||A7)&&((A2||A5)&&A10))&&!A11']
2024-07-20 12:18:09,396 INFO:Checking line: (A6||(A5&&A5))||(A13&&A9) with index: 0
2024-07-20 12:18:09,396 DEBUG:Removing element: (A6||(A5&&A5))||(A13&&A9)
2024-07-20 12:18:09,396 DEBUG:B with 8 elements = ['(!A4||(A7||A4))&&(!A12||(A4&&A3))', '!(A10||((A7&&A10)||A0))', '!(A16&&A3)||A9', 'A14&&A3', '!(A3&&A15)', '!(A13&&A3)', '((!A12||(A6||A8))&&A8)&&!A4', '((A15||A7)&&((A2||A5)&&A10))&&!A11']
2024-07-20 12:18:09,414 DEBUG:MiniSat result: UNSAT. Therefore, A0&&!A0 is in Cn(['(!A4||(A7||A4))&&(!A12||(A4&&A3))', '!(A10||((A7&&A10)||A0))', '!(A16&&A3)||A9', 'A14&&A3', '!(A3&&A15)', '!(A13&&A3)', '((!A12||(A6||A8))&&A8)&&!A4', '((A15||A7)&&((A2||A5)&&A10))&&!A11'])
2024-07-20 12:18:09,414 INFO:SHRINK: CN = TRUE, removing: (A6||(A5&&A5))||(A13&&A9)
2024-07-20 12:18:09,414 DEBUG:CONTINUE SHRINKING WITH 8 elements : ['(!A4||(A7||A4))&&(!A12||(A4&&A3))', '!(A10||((A7&&A10)||A0))', '!(A16&&A3)||A9', 'A14&&A3', '!(A3&&A15)', '!(A13&&A3)', '((!A12||(A6||A8))&&A8)&&!A4', '((A15||A7)&&((A2||A5)&&A10))&&!A11']
2024-07-20 12:18:09,414 INFO:Checking line: (!A4||(A7||A4))&&(!A12||(A4&&A3)) with index: 0
2024-07-20 12:18:09,414 DEBUG:Removing element: (!A4||(A7||A4))&&(!A12||(A4&&A3))
2024-07-20 12:18:09,414 DEBUG:B with 7 elements = ['!(A10||((A7&&A10)||A0))', '!(A16&&A3)||A9', 'A14&&A3', '!(A3&&A15)', '!(A13&&A3)', '((!A12||(A6||A8))&&A8)&&!A4', '((A15||A7)&&((A2||A5)&&A10))&&!A11']
2024-07-20 12:18:09,431 DEBUG:MiniSat result: UNSAT. Therefore, A0&&!A0 is in Cn(['!(A10||((A7&&A10)||A0))', '!(A16&&A3)||A9', 'A14&&A3', '!(A3&&A15)', '!(A13&&A3)', '((!A12||(A6||A8))&&A8)&&!A4', '((A15||A7)&&((A2||A5)&&A10))&&!A11'])
2024-07-20 12:18:09,431 INFO:SHRINK: CN = TRUE, removing: (!A4||(A7||A4))&&(!A12||(A4&&A3))
2024-07-20 12:18:09,431 DEBUG:CONTINUE SHRINKING WITH 7 elements : ['!(A10||((A7&&A10)||A0))', '!(A16&&A3)||A9', 'A14&&A3', '!(A3&&A15)', '!(A13&&A3)', '((!A12||(A6||A8))&&A8)&&!A4', '((A15||A7)&&((A2||A5)&&A10))&&!A11']
2024-07-20 12:18:09,431 INFO:Checking line: !(A10||((A7&&A10)||A0)) with index: 0
2024-07-20 12:18:09,431 DEBUG:Removing element: !(A10||((A7&&A10)||A0))
2024-07-20 12:18:09,431 DEBUG:B with 6 elements = ['!(A16&&A3)||A9', 'A14&&A3', '!(A3&&A15)', '!(A13&&A3)', '((!A12||(A6||A8))&&A8)&&!A4', '((A15||A7)&&((A2||A5)&&A10))&&!A11']
2024-07-20 12:18:09,450 DEBUG:MiniSat result: SAT. Therefore, A0&&!A0 is not in Cn(['!(A16&&A3)||A9', 'A14&&A3', '!(A3&&A15)', '!(A13&&A3)', '((!A12||(A6||A8))&&A8)&&!A4', '((A15||A7)&&((A2||A5)&&A10))&&!A11'])
2024-07-20 12:18:09,450 INFO:Checking line: !(A16&&A3)||A9 with index: 1
2024-07-20 12:18:09,450 DEBUG:Removing element: !(A16&&A3)||A9
2024-07-20 12:18:09,450 DEBUG:B with 6 elements = ['!(A10||((A7&&A10)||A0))', 'A14&&A3', '!(A3&&A15)', '!(A13&&A3)', '((!A12||(A6||A8))&&A8)&&!A4', '((A15||A7)&&((A2||A5)&&A10))&&!A11']
2024-07-20 12:18:09,467 DEBUG:MiniSat result: UNSAT. Therefore, A0&&!A0 is in Cn(['!(A10||((A7&&A10)||A0))', 'A14&&A3', '!(A3&&A15)', '!(A13&&A3)', '((!A12||(A6||A8))&&A8)&&!A4', '((A15||A7)&&((A2||A5)&&A10))&&!A11'])
2024-07-20 12:18:09,467 INFO:SHRINK: CN = TRUE, removing: !(A16&&A3)||A9
2024-07-20 12:18:09,467 DEBUG:CONTINUE SHRINKING WITH 6 elements : ['!(A10||((A7&&A10)||A0))', 'A14&&A3', '!(A3&&A15)', '!(A13&&A3)', '((!A12||(A6||A8))&&A8)&&!A4', '((A15||A7)&&((A2||A5)&&A10))&&!A11']
2024-07-20 12:18:09,467 INFO:Checking line: A14&&A3 with index: 1
2024-07-20 12:18:09,467 DEBUG:Removing element: A14&&A3
2024-07-20 12:18:09,467 DEBUG:B with 5 elements = ['!(A10||((A7&&A10)||A0))', '!(A3&&A15)', '!(A13&&A3)', '((!A12||(A6||A8))&&A8)&&!A4', '((A15||A7)&&((A2||A5)&&A10))&&!A11']
2024-07-20 12:18:09,485 DEBUG:MiniSat result: UNSAT. Therefore, A0&&!A0 is in Cn(['!(A10||((A7&&A10)||A0))', '!(A3&&A15)', '!(A13&&A3)', '((!A12||(A6||A8))&&A8)&&!A4', '((A15||A7)&&((A2||A5)&&A10))&&!A11'])
2024-07-20 12:18:09,485 INFO:SHRINK: CN = TRUE, removing: A14&&A3
2024-07-20 12:18:09,485 DEBUG:CONTINUE SHRINKING WITH 5 elements : ['!(A10||((A7&&A10)||A0))', '!(A3&&A15)', '!(A13&&A3)', '((!A12||(A6||A8))&&A8)&&!A4', '((A15||A7)&&((A2||A5)&&A10))&&!A11']
2024-07-20 12:18:09,485 INFO:Checking line: !(A3&&A15) with index: 1
2024-07-20 12:18:09,485 DEBUG:Removing element: !(A3&&A15)
2024-07-20 12:18:09,485 DEBUG:B with 4 elements = ['!(A10||((A7&&A10)||A0))', '!(A13&&A3)', '((!A12||(A6||A8))&&A8)&&!A4', '((A15||A7)&&((A2||A5)&&A10))&&!A11']
2024-07-20 12:18:09,505 DEBUG:MiniSat result: UNSAT. Therefore, A0&&!A0 is in Cn(['!(A10||((A7&&A10)||A0))', '!(A13&&A3)', '((!A12||(A6||A8))&&A8)&&!A4', '((A15||A7)&&((A2||A5)&&A10))&&!A11'])
2024-07-20 12:18:09,505 INFO:SHRINK: CN = TRUE, removing: !(A3&&A15)
2024-07-20 12:18:09,505 DEBUG:CONTINUE SHRINKING WITH 4 elements : ['!(A10||((A7&&A10)||A0))', '!(A13&&A3)', '((!A12||(A6||A8))&&A8)&&!A4', '((A15||A7)&&((A2||A5)&&A10))&&!A11']
2024-07-20 12:18:09,505 INFO:Checking line: !(A13&&A3) with index: 1
2024-07-20 12:18:09,505 DEBUG:Removing element: !(A13&&A3)
2024-07-20 12:18:09,505 DEBUG:B with 3 elements = ['!(A10||((A7&&A10)||A0))', '((!A12||(A6||A8))&&A8)&&!A4', '((A15||A7)&&((A2||A5)&&A10))&&!A11']
2024-07-20 12:18:09,527 DEBUG:MiniSat result: UNSAT. Therefore, A0&&!A0 is in Cn(['!(A10||((A7&&A10)||A0))', '((!A12||(A6||A8))&&A8)&&!A4', '((A15||A7)&&((A2||A5)&&A10))&&!A11'])
2024-07-20 12:18:09,527 INFO:SHRINK: CN = TRUE, removing: !(A13&&A3)
2024-07-20 12:18:09,527 DEBUG:CONTINUE SHRINKING WITH 3 elements : ['!(A10||((A7&&A10)||A0))', '((!A12||(A6||A8))&&A8)&&!A4', '((A15||A7)&&((A2||A5)&&A10))&&!A11']
2024-07-20 12:18:09,527 INFO:Checking line: ((!A12||(A6||A8))&&A8)&&!A4 with index: 1
2024-07-20 12:18:09,527 DEBUG:Removing element: ((!A12||(A6||A8))&&A8)&&!A4
2024-07-20 12:18:09,527 DEBUG:B with 2 elements = ['!(A10||((A7&&A10)||A0))', '((A15||A7)&&((A2||A5)&&A10))&&!A11']
2024-07-20 12:18:09,546 DEBUG:MiniSat result: UNSAT. Therefore, A0&&!A0 is in Cn(['!(A10||((A7&&A10)||A0))', '((A15||A7)&&((A2||A5)&&A10))&&!A11'])
2024-07-20 12:18:09,547 INFO:SHRINK: CN = TRUE, removing: ((!A12||(A6||A8))&&A8)&&!A4
2024-07-20 12:18:09,547 DEBUG:CONTINUE SHRINKING WITH 2 elements : ['!(A10||((A7&&A10)||A0))', '((A15||A7)&&((A2||A5)&&A10))&&!A11']
2024-07-20 12:18:09,547 INFO:Checking line: ((A15||A7)&&((A2||A5)&&A10))&&!A11 with index: 1
2024-07-20 12:18:09,547 DEBUG:Removing element: ((A15||A7)&&((A2||A5)&&A10))&&!A11
2024-07-20 12:18:09,547 DEBUG:B with 1 elements = ['!(A10||((A7&&A10)||A0))']
2024-07-20 12:18:09,565 DEBUG:MiniSat result: SAT. Therefore, A0&&!A0 is not in Cn(['!(A10||((A7&&A10)||A0))'])
2024-07-20 12:18:09,565 INFO:Kernel output with 2 elements: ['!(A10||((A7&&A10)||A0))', '((A15||A7)&&((A2||A5)&&A10))&&!A11']
2024-07-20 12:18:09,565 INFO:KERNEL BLACKBOX FINISHED
2024-07-20 12:18:09,565 DEBUG:Dataset shrunk using basic shrink: ['!(A10||((A7&&A10)||A0))', '((A15||A7)&&((A2||A5)&&A10))&&!A11']
2024-07-20 12:18:09,586 DEBUG:MiniSat result: UNSAT. Therefore, A0&&!A0 is in Cn(['(A6||(A5&&A5))||(A13&&A9)', '(!A4||(A7||A4))&&(!A12||(A4&&A3))', '!(A16&&A3)||A9', 'A14&&A3', '!(A3&&A15)', '!(A13&&A3)', '((!A12||(A6||A8))&&A8)&&!A4', '((A15||A7)&&((A2||A5)&&A10))&&!A11', '(!A3&&!(A6||A19))&&(!A14||(A7||A14))', '(A19||A13)||A10', '!(!A13&&A14)&&A18', 'A5', '(((A9&&A4)&&(A10&&A0))||!A2)&&!A12', 'A8&&!A5', '!A19&&A14', 'A0&&!A8', '!(A6||A18)||(A14||(A1&&A7))', 'A14&&!(!A1||A16)', 'A11||A5', '!A7&&!(!A19)', 'A14||(A9&&A3)', '(A2||A11)||((A11||A4)&&(A6&&A6))', '(!A0&&!A7)||A16', '!(A2||A8)||A15', '!(A13&&!(A15||A6))', 'A12&&(!A1&&A3)'])
2024-07-20 12:18:09,586 DEBUG:Finding kernel for dataset with 26 elements: ['(A6||(A5&&A5))||(A13&&A9)', '(!A4||(A7||A4))&&(!A12||(A4&&A3))', '!(A16&&A3)||A9', 'A14&&A3', '!(A3&&A15)', '!(A13&&A3)', '((!A12||(A6||A8))&&A8)&&!A4', '((A15||A7)&&((A2||A5)&&A10))&&!A11', '(!A3&&!(A6||A19))&&(!A14||(A7||A14))', '(A19||A13)||A10', '!(!A13&&A14)&&A18', 'A5', '(((A9&&A4)&&(A10&&A0))||!A2)&&!A12', 'A8&&!A5', '!A19&&A14', 'A0&&!A8', '!(A6||A18)||(A14||(A1&&A7))', 'A14&&!(!A1||A16)', 'A11||A5', '!A7&&!(!A19)', 'A14||(A9&&A3)', '(A2||A11)||((A11||A4)&&(A6&&A6))', '(!A0&&!A7)||A16', '!(A2||A8)||A15', '!(A13&&!(A15||A6))', 'A12&&(!A1&&A3)']
2024-07-20 12:18:09,586 INFO:26 ELEMENTS: ['(A6||(A5&&A5))||(A13&&A9)', '(!A4||(A7||A4))&&(!A12||(A4&&A3))', '!(A16&&A3)||A9', 'A14&&A3', '!(A3&&A15)', '!(A13&&A3)', '((!A12||(A6||A8))&&A8)&&!A4', '((A15||A7)&&((A2||A5)&&A10))&&!A11', '(!A3&&!(A6||A19))&&(!A14||(A7||A14))', '(A19||A13)||A10', '!(!A13&&A14)&&A18', 'A5', '(((A9&&A4)&&(A10&&A0))||!A2)&&!A12', 'A8&&!A5', '!A19&&A14', 'A0&&!A8', '!(A6||A18)||(A14||(A1&&A7))', 'A14&&!(!A1||A16)', 'A11||A5', '!A7&&!(!A19)', 'A14||(A9&&A3)', '(A2||A11)||((A11||A4)&&(A6&&A6))', '(!A0&&!A7)||A16', '!(A2||A8)||A15', '!(A13&&!(A15||A6))', 'A12&&(!A1&&A3)']
2024-07-20 12:18:09,586 DEBUG:B_PRIME with 1 elements: ['(A6||(A5&&A5))||(A13&&A9)']
2024-07-20 12:18:09,604 DEBUG:MiniSat result: SAT. Therefore, A0&&!A0 is not in Cn(['(A6||(A5&&A5))||(A13&&A9)'])
2024-07-20 12:18:09,604 DEBUG:B_PRIME with 2 elements: ['(A6||(A5&&A5))||(A13&&A9)', '(!A4||(A7||A4))&&(!A12||(A4&&A3))']
2024-07-20 12:18:09,623 DEBUG:MiniSat result: SAT. Therefore, A0&&!A0 is not in Cn(['(A6||(A5&&A5))||(A13&&A9)', '(!A4||(A7||A4))&&(!A12||(A4&&A3))'])
2024-07-20 12:18:09,623 DEBUG:B_PRIME with 3 elements: ['(A6||(A5&&A5))||(A13&&A9)', '(!A4||(A7||A4))&&(!A12||(A4&&A3))', '!(A16&&A3)||A9']
2024-07-20 12:18:09,642 DEBUG:MiniSat result: SAT. Therefore, A0&&!A0 is not in Cn(['(A6||(A5&&A5))||(A13&&A9)', '(!A4||(A7||A4))&&(!A12||(A4&&A3))', '!(A16&&A3)||A9'])
2024-07-20 12:18:09,642 DEBUG:B_PRIME with 4 elements: ['(A6||(A5&&A5))||(A13&&A9)', '(!A4||(A7||A4))&&(!A12||(A4&&A3))', '!(A16&&A3)||A9', 'A14&&A3']
2024-07-20 12:18:09,660 DEBUG:MiniSat result: SAT. Therefore, A0&&!A0 is not in Cn(['(A6||(A5&&A5))||(A13&&A9)', '(!A4||(A7||A4))&&(!A12||(A4&&A3))', '!(A16&&A3)||A9', 'A14&&A3'])
2024-07-20 12:18:09,660 DEBUG:B_PRIME with 5 elements: ['(A6||(A5&&A5))||(A13&&A9)', '(!A4||(A7||A4))&&(!A12||(A4&&A3))', '!(A16&&A3)||A9', 'A14&&A3', '!(A3&&A15)']
2024-07-20 12:18:09,679 DEBUG:MiniSat result: SAT. Therefore, A0&&!A0 is not in Cn(['(A6||(A5&&A5))||(A13&&A9)', '(!A4||(A7||A4))&&(!A12||(A4&&A3))', '!(A16&&A3)||A9', 'A14&&A3', '!(A3&&A15)'])
2024-07-20 12:18:09,680 DEBUG:B_PRIME with 6 elements: ['(A6||(A5&&A5))||(A13&&A9)', '(!A4||(A7||A4))&&(!A12||(A4&&A3))', '!(A16&&A3)||A9', 'A14&&A3', '!(A3&&A15)', '!(A13&&A3)']
2024-07-20 12:18:09,698 DEBUG:MiniSat result: SAT. Therefore, A0&&!A0 is not in Cn(['(A6||(A5&&A5))||(A13&&A9)', '(!A4||(A7||A4))&&(!A12||(A4&&A3))', '!(A16&&A3)||A9', 'A14&&A3', '!(A3&&A15)', '!(A13&&A3)'])
2024-07-20 12:18:09,698 DEBUG:B_PRIME with 7 elements: ['(A6||(A5&&A5))||(A13&&A9)', '(!A4||(A7||A4))&&(!A12||(A4&&A3))', '!(A16&&A3)||A9', 'A14&&A3', '!(A3&&A15)', '!(A13&&A3)', '((!A12||(A6||A8))&&A8)&&!A4']
2024-07-20 12:18:09,717 DEBUG:MiniSat result: SAT. Therefore, A0&&!A0 is not in Cn(['(A6||(A5&&A5))||(A13&&A9)', '(!A4||(A7||A4))&&(!A12||(A4&&A3))', '!(A16&&A3)||A9', 'A14&&A3', '!(A3&&A15)', '!(A13&&A3)', '((!A12||(A6||A8))&&A8)&&!A4'])
2024-07-20 12:18:09,717 DEBUG:B_PRIME with 8 elements: ['(A6||(A5&&A5))||(A13&&A9)', '(!A4||(A7||A4))&&(!A12||(A4&&A3))', '!(A16&&A3)||A9', 'A14&&A3', '!(A3&&A15)', '!(A13&&A3)', '((!A12||(A6||A8))&&A8)&&!A4', '((A15||A7)&&((A2||A5)&&A10))&&!A11']
2024-07-20 12:18:09,735 DEBUG:MiniSat result: SAT. Therefore, A0&&!A0 is not in Cn(['(A6||(A5&&A5))||(A13&&A9)', '(!A4||(A7||A4))&&(!A12||(A4&&A3))', '!(A16&&A3)||A9', 'A14&&A3', '!(A3&&A15)', '!(A13&&A3)', '((!A12||(A6||A8))&&A8)&&!A4', '((A15||A7)&&((A2||A5)&&A10))&&!A11'])
2024-07-20 12:18:09,735 DEBUG:B_PRIME with 9 elements: ['(A6||(A5&&A5))||(A13&&A9)', '(!A4||(A7||A4))&&(!A12||(A4&&A3))', '!(A16&&A3)||A9', 'A14&&A3', '!(A3&&A15)', '!(A13&&A3)', '((!A12||(A6||A8))&&A8)&&!A4', '((A15||A7)&&((A2||A5)&&A10))&&!A11', '(!A3&&!(A6||A19))&&(!A14||(A7||A14))']
2024-07-20 12:18:09,758 DEBUG:MiniSat result: UNSAT. Therefore, A0&&!A0 is in Cn(['(A6||(A5&&A5))||(A13&&A9)', '(!A4||(A7||A4))&&(!A12||(A4&&A3))', '!(A16&&A3)||A9', 'A14&&A3', '!(A3&&A15)', '!(A13&&A3)', '((!A12||(A6||A8))&&A8)&&!A4', '((A15||A7)&&((A2||A5)&&A10))&&!A11', '(!A3&&!(A6||A19))&&(!A14||(A7||A14))'])
2024-07-20 12:18:09,758 DEBUG:Dataset expanded using sliding window of size 1: ['(A6||(A5&&A5))||(A13&&A9)', '(!A4||(A7||A4))&&(!A12||(A4&&A3))', '!(A16&&A3)||A9', 'A14&&A3', '!(A3&&A15)', '!(A13&&A3)', '((!A12||(A6||A8))&&A8)&&!A4', '((A15||A7)&&((A2||A5)&&A10))&&!A11', '(!A3&&!(A6||A19))&&(!A14||(A7||A14))']
2024-07-20 12:18:09,758 INFO:Checking line: (A6||(A5&&A5))||(A13&&A9) with index: 0
2024-07-20 12:18:09,759 DEBUG:Removing element: (A6||(A5&&A5))||(A13&&A9)
2024-07-20 12:18:09,759 DEBUG:B with 8 elements = ['(!A4||(A7||A4))&&(!A12||(A4&&A3))', '!(A16&&A3)||A9', 'A14&&A3', '!(A3&&A15)', '!(A13&&A3)', '((!A12||(A6||A8))&&A8)&&!A4', '((A15||A7)&&((A2||A5)&&A10))&&!A11', '(!A3&&!(A6||A19))&&(!A14||(A7||A14))']
2024-07-20 12:18:09,777 DEBUG:MiniSat result: UNSAT. Therefore, A0&&!A0 is in Cn(['(!A4||(A7||A4))&&(!A12||(A4&&A3))', '!(A16&&A3)||A9', 'A14&&A3', '!(A3&&A15)', '!(A13&&A3)', '((!A12||(A6||A8))&&A8)&&!A4', '((A15||A7)&&((A2||A5)&&A10))&&!A11', '(!A3&&!(A6||A19))&&(!A14||(A7||A14))'])
2024-07-20 12:18:09,777 INFO:SHRINK: CN = TRUE, removing: (A6||(A5&&A5))||(A13&&A9)
2024-07-20 12:18:09,777 DEBUG:CONTINUE SHRINKING WITH 8 elements : ['(!A4||(A7||A4))&&(!A12||(A4&&A3))', '!(A16&&A3)||A9', 'A14&&A3', '!(A3&&A15)', '!(A13&&A3)', '((!A12||(A6||A8))&&A8)&&!A4', '((A15||A7)&&((A2||A5)&&A10))&&!A11', '(!A3&&!(A6||A19))&&(!A14||(A7||A14))']
2024-07-20 12:18:09,777 INFO:Checking line: (!A4||(A7||A4))&&(!A12||(A4&&A3)) with index: 0
2024-07-20 12:18:09,777 DEBUG:Removing element: (!A4||(A7||A4))&&(!A12||(A4&&A3))
2024-07-20 12:18:09,777 DEBUG:B with 7 elements = ['!(A16&&A3)||A9', 'A14&&A3', '!(A3&&A15)', '!(A13&&A3)', '((!A12||(A6||A8))&&A8)&&!A4', '((A15||A7)&&((A2||A5)&&A10))&&!A11', '(!A3&&!(A6||A19))&&(!A14||(A7||A14))']
2024-07-20 12:18:09,797 DEBUG:MiniSat result: UNSAT. Therefore, A0&&!A0 is in Cn(['!(A16&&A3)||A9', 'A14&&A3', '!(A3&&A15)', '!(A13&&A3)', '((!A12||(A6||A8))&&A8)&&!A4', '((A15||A7)&&((A2||A5)&&A10))&&!A11', '(!A3&&!(A6||A19))&&(!A14||(A7||A14))'])
2024-07-20 12:18:09,797 INFO:SHRINK: CN = TRUE, removing: (!A4||(A7||A4))&&(!A12||(A4&&A3))
2024-07-20 12:18:09,797 DEBUG:CONTINUE SHRINKING WITH 7 elements : ['!(A16&&A3)||A9', 'A14&&A3', '!(A3&&A15)', '!(A13&&A3)', '((!A12||(A6||A8))&&A8)&&!A4', '((A15||A7)&&((A2||A5)&&A10))&&!A11', '(!A3&&!(A6||A19))&&(!A14||(A7||A14))']
2024-07-20 12:18:09,797 INFO:Checking line: !(A16&&A3)||A9 with index: 0
2024-07-20 12:18:09,797 DEBUG:Removing element: !(A16&&A3)||A9
2024-07-20 12:18:09,797 DEBUG:B with 6 elements = ['A14&&A3', '!(A3&&A15)', '!(A13&&A3)', '((!A12||(A6||A8))&&A8)&&!A4', '((A15||A7)&&((A2||A5)&&A10))&&!A11', '(!A3&&!(A6||A19))&&(!A14||(A7||A14))']
2024-07-20 12:18:09,815 DEBUG:MiniSat result: UNSAT. Therefore, A0&&!A0 is in Cn(['A14&&A3', '!(A3&&A15)', '!(A13&&A3)', '((!A12||(A6||A8))&&A8)&&!A4', '((A15||A7)&&((A2||A5)&&A10))&&!A11', '(!A3&&!(A6||A19))&&(!A14||(A7||A14))'])
2024-07-20 12:18:09,815 INFO:SHRINK: CN = TRUE, removing: !(A16&&A3)||A9
2024-07-20 12:18:09,815 DEBUG:CONTINUE SHRINKING WITH 6 elements : ['A14&&A3', '!(A3&&A15)', '!(A13&&A3)', '((!A12||(A6||A8))&&A8)&&!A4', '((A15||A7)&&((A2||A5)&&A10))&&!A11', '(!A3&&!(A6||A19))&&(!A14||(A7||A14))']
2024-07-20 12:18:09,815 INFO:Checking line: A14&&A3 with index: 0
2024-07-20 12:18:09,815 DEBUG:Removing element: A14&&A3
2024-07-20 12:18:09,815 DEBUG:B with 5 elements = ['!(A3&&A15)', '!(A13&&A3)', '((!A12||(A6||A8))&&A8)&&!A4', '((A15||A7)&&((A2||A5)&&A10))&&!A11', '(!A3&&!(A6||A19))&&(!A14||(A7||A14))']
2024-07-20 12:18:09,835 DEBUG:MiniSat result: SAT. Therefore, A0&&!A0 is not in Cn(['!(A3&&A15)', '!(A13&&A3)', '((!A12||(A6||A8))&&A8)&&!A4', '((A15||A7)&&((A2||A5)&&A10))&&!A11', '(!A3&&!(A6||A19))&&(!A14||(A7||A14))'])
2024-07-20 12:18:09,835 INFO:Checking line: !(A3&&A15) with index: 1
2024-07-20 12:18:09,835 DEBUG:Removing element: !(A3&&A15)
2024-07-20 12:18:09,835 DEBUG:B with 5 elements = ['A14&&A3', '!(A13&&A3)', '((!A12||(A6||A8))&&A8)&&!A4', '((A15||A7)&&((A2||A5)&&A10))&&!A11', '(!A3&&!(A6||A19))&&(!A14||(A7||A14))']
2024-07-20 12:18:09,854 DEBUG:MiniSat result: UNSAT. Therefore, A0&&!A0 is in Cn(['A14&&A3', '!(A13&&A3)', '((!A12||(A6||A8))&&A8)&&!A4', '((A15||A7)&&((A2||A5)&&A10))&&!A11', '(!A3&&!(A6||A19))&&(!A14||(A7||A14))'])
2024-07-20 12:18:09,854 INFO:SHRINK: CN = TRUE, removing: !(A3&&A15)
2024-07-20 12:18:09,854 DEBUG:CONTINUE SHRINKING WITH 5 elements : ['A14&&A3', '!(A13&&A3)', '((!A12||(A6||A8))&&A8)&&!A4', '((A15||A7)&&((A2||A5)&&A10))&&!A11', '(!A3&&!(A6||A19))&&(!A14||(A7||A14))']
2024-07-20 12:18:09,854 INFO:Checking line: !(A13&&A3) with index: 1
2024-07-20 12:18:09,854 DEBUG:Removing element: !(A13&&A3)
2024-07-20 12:18:09,854 DEBUG:B with 4 elements = ['A14&&A3', '((!A12||(A6||A8))&&A8)&&!A4', '((A15||A7)&&((A2||A5)&&A10))&&!A11', '(!A3&&!(A6||A19))&&(!A14||(A7||A14))']
2024-07-20 12:18:09,872 DEBUG:MiniSat result: UNSAT. Therefore, A0&&!A0 is in Cn(['A14&&A3', '((!A12||(A6||A8))&&A8)&&!A4', '((A15||A7)&&((A2||A5)&&A10))&&!A11', '(!A3&&!(A6||A19))&&(!A14||(A7||A14))'])
2024-07-20 12:18:09,872 INFO:SHRINK: CN = TRUE, removing: !(A13&&A3)
2024-07-20 12:18:09,872 DEBUG:CONTINUE SHRINKING WITH 4 elements : ['A14&&A3', '((!A12||(A6||A8))&&A8)&&!A4', '((A15||A7)&&((A2||A5)&&A10))&&!A11', '(!A3&&!(A6||A19))&&(!A14||(A7||A14))']
2024-07-20 12:18:09,872 INFO:Checking line: ((!A12||(A6||A8))&&A8)&&!A4 with index: 1
2024-07-20 12:18:09,872 DEBUG:Removing element: ((!A12||(A6||A8))&&A8)&&!A4
2024-07-20 12:18:09,872 DEBUG:B with 3 elements = ['A14&&A3', '((A15||A7)&&((A2||A5)&&A10))&&!A11', '(!A3&&!(A6||A19))&&(!A14||(A7||A14))']
2024-07-20 12:18:09,890 DEBUG:MiniSat result: UNSAT. Therefore, A0&&!A0 is in Cn(['A14&&A3', '((A15||A7)&&((A2||A5)&&A10))&&!A11', '(!A3&&!(A6||A19))&&(!A14||(A7||A14))'])
2024-07-20 12:18:09,890 INFO:SHRINK: CN = TRUE, removing: ((!A12||(A6||A8))&&A8)&&!A4
2024-07-20 12:18:09,890 DEBUG:CONTINUE SHRINKING WITH 3 elements : ['A14&&A3', '((A15||A7)&&((A2||A5)&&A10))&&!A11', '(!A3&&!(A6||A19))&&(!A14||(A7||A14))']
2024-07-20 12:18:09,890 INFO:Checking line: ((A15||A7)&&((A2||A5)&&A10))&&!A11 with index: 1
2024-07-20 12:18:09,890 DEBUG:Removing element: ((A15||A7)&&((A2||A5)&&A10))&&!A11
2024-07-20 12:18:09,890 DEBUG:B with 2 elements = ['A14&&A3', '(!A3&&!(A6||A19))&&(!A14||(A7||A14))']
2024-07-20 12:18:09,907 DEBUG:MiniSat result: UNSAT. Therefore, A0&&!A0 is in Cn(['A14&&A3', '(!A3&&!(A6||A19))&&(!A14||(A7||A14))'])
2024-07-20 12:18:09,908 INFO:SHRINK: CN = TRUE, removing: ((A15||A7)&&((A2||A5)&&A10))&&!A11
2024-07-20 12:18:09,908 DEBUG:CONTINUE SHRINKING WITH 2 elements : ['A14&&A3', '(!A3&&!(A6||A19))&&(!A14||(A7||A14))']
2024-07-20 12:18:09,908 INFO:Checking line: (!A3&&!(A6||A19))&&(!A14||(A7||A14)) with index: 1
2024-07-20 12:18:09,908 DEBUG:Removing element: (!A3&&!(A6||A19))&&(!A14||(A7||A14))
2024-07-20 12:18:09,908 DEBUG:B with 1 elements = ['A14&&A3']
2024-07-20 12:18:09,925 DEBUG:MiniSat result: SAT. Therefore, A0&&!A0 is not in Cn(['A14&&A3'])
2024-07-20 12:18:09,925 INFO:Kernel output with 2 elements: ['A14&&A3', '(!A3&&!(A6||A19))&&(!A14||(A7||A14))']
2024-07-20 12:18:09,925 INFO:KERNEL BLACKBOX FINISHED
2024-07-20 12:18:09,926 DEBUG:Dataset shrunk using basic shrink: ['A14&&A3', '(!A3&&!(A6||A19))&&(!A14||(A7||A14))']
2024-07-20 12:18:09,946 DEBUG:MiniSat result: UNSAT. Therefore, A0&&!A0 is in Cn(['(A6||(A5&&A5))||(A13&&A9)', '(!A4||(A7||A4))&&(!A12||(A4&&A3))', '!(A16&&A3)||A9', '!(A3&&A15)', '!(A13&&A3)', '((!A12||(A6||A8))&&A8)&&!A4', '((A15||A7)&&((A2||A5)&&A10))&&!A11', '(!A3&&!(A6||A19))&&(!A14||(A7||A14))', '(A19||A13)||A10', '!(!A13&&A14)&&A18', 'A5', '(((A9&&A4)&&(A10&&A0))||!A2)&&!A12', 'A8&&!A5', '!A19&&A14', 'A0&&!A8', '!(A6||A18)||(A14||(A1&&A7))', 'A14&&!(!A1||A16)', 'A11||A5', '!A7&&!(!A19)', 'A14||(A9&&A3)', '(A2||A11)||((A11||A4)&&(A6&&A6))', '(!A0&&!A7)||A16', '!(A2||A8)||A15', '!(A13&&!(A15||A6))', 'A12&&(!A1&&A3)'])
2024-07-20 12:18:09,946 DEBUG:Finding kernel for dataset with 25 elements: ['(A6||(A5&&A5))||(A13&&A9)', '(!A4||(A7||A4))&&(!A12||(A4&&A3))', '!(A16&&A3)||A9', '!(A3&&A15)', '!(A13&&A3)', '((!A12||(A6||A8))&&A8)&&!A4', '((A15||A7)&&((A2||A5)&&A10))&&!A11', '(!A3&&!(A6||A19))&&(!A14||(A7||A14))', '(A19||A13)||A10', '!(!A13&&A14)&&A18', 'A5', '(((A9&&A4)&&(A10&&A0))||!A2)&&!A12', 'A8&&!A5', '!A19&&A14', 'A0&&!A8', '!(A6||A18)||(A14||(A1&&A7))', 'A14&&!(!A1||A16)', 'A11||A5', '!A7&&!(!A19)', 'A14||(A9&&A3)', '(A2||A11)||((A11||A4)&&(A6&&A6))', '(!A0&&!A7)||A16', '!(A2||A8)||A15', '!(A13&&!(A15||A6))', 'A12&&(!A1&&A3)']
2024-07-20 12:18:09,946 INFO:25 ELEMENTS: ['(A6||(A5&&A5))||(A13&&A9)', '(!A4||(A7||A4))&&(!A12||(A4&&A3))', '!(A16&&A3)||A9', '!(A3&&A15)', '!(A13&&A3)', '((!A12||(A6||A8))&&A8)&&!A4', '((A15||A7)&&((A2||A5)&&A10))&&!A11', '(!A3&&!(A6||A19))&&(!A14||(A7||A14))', '(A19||A13)||A10', '!(!A13&&A14)&&A18', 'A5', '(((A9&&A4)&&(A10&&A0))||!A2)&&!A12', 'A8&&!A5', '!A19&&A14', 'A0&&!A8', '!(A6||A18)||(A14||(A1&&A7))', 'A14&&!(!A1||A16)', 'A11||A5', '!A7&&!(!A19)', 'A14||(A9&&A3)', '(A2||A11)||((A11||A4)&&(A6&&A6))', '(!A0&&!A7)||A16', '!(A2||A8)||A15', '!(A13&&!(A15||A6))', 'A12&&(!A1&&A3)']
2024-07-20 12:18:09,946 DEBUG:B_PRIME with 1 elements: ['(A6||(A5&&A5))||(A13&&A9)']
2024-07-20 12:18:09,963 DEBUG:MiniSat result: SAT. Therefore, A0&&!A0 is not in Cn(['(A6||(A5&&A5))||(A13&&A9)'])
2024-07-20 12:18:09,963 DEBUG:B_PRIME with 2 elements: ['(A6||(A5&&A5))||(A13&&A9)', '(!A4||(A7||A4))&&(!A12||(A4&&A3))']
2024-07-20 12:18:09,980 DEBUG:MiniSat result: SAT. Therefore, A0&&!A0 is not in Cn(['(A6||(A5&&A5))||(A13&&A9)', '(!A4||(A7||A4))&&(!A12||(A4&&A3))'])
2024-07-20 12:18:09,981 DEBUG:B_PRIME with 3 elements: ['(A6||(A5&&A5))||(A13&&A9)', '(!A4||(A7||A4))&&(!A12||(A4&&A3))', '!(A16&&A3)||A9']
2024-07-20 12:18:09,999 DEBUG:MiniSat result: SAT. Therefore, A0&&!A0 is not in Cn(['(A6||(A5&&A5))||(A13&&A9)', '(!A4||(A7||A4))&&(!A12||(A4&&A3))', '!(A16&&A3)||A9'])
2024-07-20 12:18:09,999 DEBUG:B_PRIME with 4 elements: ['(A6||(A5&&A5))||(A13&&A9)', '(!A4||(A7||A4))&&(!A12||(A4&&A3))', '!(A16&&A3)||A9', '!(A3&&A15)']
2024-07-20 12:18:10,018 DEBUG:MiniSat result: SAT. Therefore, A0&&!A0 is not in Cn(['(A6||(A5&&A5))||(A13&&A9)', '(!A4||(A7||A4))&&(!A12||(A4&&A3))', '!(A16&&A3)||A9', '!(A3&&A15)'])
2024-07-20 12:18:10,018 DEBUG:B_PRIME with 5 elements: ['(A6||(A5&&A5))||(A13&&A9)', '(!A4||(A7||A4))&&(!A12||(A4&&A3))', '!(A16&&A3)||A9', '!(A3&&A15)', '!(A13&&A3)']
2024-07-20 12:18:10,036 DEBUG:MiniSat result: SAT. Therefore, A0&&!A0 is not in Cn(['(A6||(A5&&A5))||(A13&&A9)', '(!A4||(A7||A4))&&(!A12||(A4&&A3))', '!(A16&&A3)||A9', '!(A3&&A15)', '!(A13&&A3)'])
2024-07-20 12:18:10,036 DEBUG:B_PRIME with 6 elements: ['(A6||(A5&&A5))||(A13&&A9)', '(!A4||(A7||A4))&&(!A12||(A4&&A3))', '!(A16&&A3)||A9', '!(A3&&A15)', '!(A13&&A3)', '((!A12||(A6||A8))&&A8)&&!A4']
2024-07-20 12:18:10,055 DEBUG:MiniSat result: SAT. Therefore, A0&&!A0 is not in Cn(['(A6||(A5&&A5))||(A13&&A9)', '(!A4||(A7||A4))&&(!A12||(A4&&A3))', '!(A16&&A3)||A9', '!(A3&&A15)', '!(A13&&A3)', '((!A12||(A6||A8))&&A8)&&!A4'])
2024-07-20 12:18:10,055 DEBUG:B_PRIME with 7 elements: ['(A6||(A5&&A5))||(A13&&A9)', '(!A4||(A7||A4))&&(!A12||(A4&&A3))', '!(A16&&A3)||A9', '!(A3&&A15)', '!(A13&&A3)', '((!A12||(A6||A8))&&A8)&&!A4', '((A15||A7)&&((A2||A5)&&A10))&&!A11']
2024-07-20 12:18:10,074 DEBUG:MiniSat result: SAT. Therefore, A0&&!A0 is not in Cn(['(A6||(A5&&A5))||(A13&&A9)', '(!A4||(A7||A4))&&(!A12||(A4&&A3))', '!(A16&&A3)||A9', '!(A3&&A15)', '!(A13&&A3)', '((!A12||(A6||A8))&&A8)&&!A4', '((A15||A7)&&((A2||A5)&&A10))&&!A11'])
2024-07-20 12:18:10,074 DEBUG:B_PRIME with 8 elements: ['(A6||(A5&&A5))||(A13&&A9)', '(!A4||(A7||A4))&&(!A12||(A4&&A3))', '!(A16&&A3)||A9', '!(A3&&A15)', '!(A13&&A3)', '((!A12||(A6||A8))&&A8)&&!A4', '((A15||A7)&&((A2||A5)&&A10))&&!A11', '(!A3&&!(A6||A19))&&(!A14||(A7||A14))']
2024-07-20 12:18:10,093 DEBUG:MiniSat result: SAT. Therefore, A0&&!A0 is not in Cn(['(A6||(A5&&A5))||(A13&&A9)', '(!A4||(A7||A4))&&(!A12||(A4&&A3))', '!(A16&&A3)||A9', '!(A3&&A15)', '!(A13&&A3)', '((!A12||(A6||A8))&&A8)&&!A4', '((A15||A7)&&((A2||A5)&&A10))&&!A11', '(!A3&&!(A6||A19))&&(!A14||(A7||A14))'])
2024-07-20 12:18:10,093 DEBUG:B_PRIME with 9 elements: ['(A6||(A5&&A5))||(A13&&A9)', '(!A4||(A7||A4))&&(!A12||(A4&&A3))', '!(A16&&A3)||A9', '!(A3&&A15)', '!(A13&&A3)', '((!A12||(A6||A8))&&A8)&&!A4', '((A15||A7)&&((A2||A5)&&A10))&&!A11', '(!A3&&!(A6||A19))&&(!A14||(A7||A14))', '(A19||A13)||A10']
2024-07-20 12:18:10,112 DEBUG:MiniSat result: SAT. Therefore, A0&&!A0 is not in Cn(['(A6||(A5&&A5))||(A13&&A9)', '(!A4||(A7||A4))&&(!A12||(A4&&A3))', '!(A16&&A3)||A9', '!(A3&&A15)', '!(A13&&A3)', '((!A12||(A6||A8))&&A8)&&!A4', '((A15||A7)&&((A2||A5)&&A10))&&!A11', '(!A3&&!(A6||A19))&&(!A14||(A7||A14))', '(A19||A13)||A10'])
2024-07-20 12:18:10,112 DEBUG:B_PRIME with 10 elements: ['(A6||(A5&&A5))||(A13&&A9)', '(!A4||(A7||A4))&&(!A12||(A4&&A3))', '!(A16&&A3)||A9', '!(A3&&A15)', '!(A13&&A3)', '((!A12||(A6||A8))&&A8)&&!A4', '((A15||A7)&&((A2||A5)&&A10))&&!A11', '(!A3&&!(A6||A19))&&(!A14||(A7||A14))', '(A19||A13)||A10', '!(!A13&&A14)&&A18']
2024-07-20 12:18:10,131 DEBUG:MiniSat result: SAT. Therefore, A0&&!A0 is not in Cn(['(A6||(A5&&A5))||(A13&&A9)', '(!A4||(A7||A4))&&(!A12||(A4&&A3))', '!(A16&&A3)||A9', '!(A3&&A15)', '!(A13&&A3)', '((!A12||(A6||A8))&&A8)&&!A4', '((A15||A7)&&((A2||A5)&&A10))&&!A11', '(!A3&&!(A6||A19))&&(!A14||(A7||A14))', '(A19||A13)||A10', '!(!A13&&A14)&&A18'])
2024-07-20 12:18:10,131 DEBUG:B_PRIME with 11 elements: ['(A6||(A5&&A5))||(A13&&A9)', '(!A4||(A7||A4))&&(!A12||(A4&&A3))', '!(A16&&A3)||A9', '!(A3&&A15)', '!(A13&&A3)', '((!A12||(A6||A8))&&A8)&&!A4', '((A15||A7)&&((A2||A5)&&A10))&&!A11', '(!A3&&!(A6||A19))&&(!A14||(A7||A14))', '(A19||A13)||A10', '!(!A13&&A14)&&A18', 'A5']
2024-07-20 12:18:10,150 DEBUG:MiniSat result: SAT. Therefore, A0&&!A0 is not in Cn(['(A6||(A5&&A5))||(A13&&A9)', '(!A4||(A7||A4))&&(!A12||(A4&&A3))', '!(A16&&A3)||A9', '!(A3&&A15)', '!(A13&&A3)', '((!A12||(A6||A8))&&A8)&&!A4', '((A15||A7)&&((A2||A5)&&A10))&&!A11', '(!A3&&!(A6||A19))&&(!A14||(A7||A14))', '(A19||A13)||A10', '!(!A13&&A14)&&A18', 'A5'])
2024-07-20 12:18:10,150 DEBUG:B_PRIME with 12 elements: ['(A6||(A5&&A5))||(A13&&A9)', '(!A4||(A7||A4))&&(!A12||(A4&&A3))', '!(A16&&A3)||A9', '!(A3&&A15)', '!(A13&&A3)', '((!A12||(A6||A8))&&A8)&&!A4', '((A15||A7)&&((A2||A5)&&A10))&&!A11', '(!A3&&!(A6||A19))&&(!A14||(A7||A14))', '(A19||A13)||A10', '!(!A13&&A14)&&A18', 'A5', '(((A9&&A4)&&(A10&&A0))||!A2)&&!A12']
2024-07-20 12:18:10,174 DEBUG:MiniSat result: SAT. Therefore, A0&&!A0 is not in Cn(['(A6||(A5&&A5))||(A13&&A9)', '(!A4||(A7||A4))&&(!A12||(A4&&A3))', '!(A16&&A3)||A9', '!(A3&&A15)', '!(A13&&A3)', '((!A12||(A6||A8))&&A8)&&!A4', '((A15||A7)&&((A2||A5)&&A10))&&!A11', '(!A3&&!(A6||A19))&&(!A14||(A7||A14))', '(A19||A13)||A10', '!(!A13&&A14)&&A18', 'A5', '(((A9&&A4)&&(A10&&A0))||!A2)&&!A12'])
2024-07-20 12:18:10,174 DEBUG:B_PRIME with 13 elements: ['(A6||(A5&&A5))||(A13&&A9)', '(!A4||(A7||A4))&&(!A12||(A4&&A3))', '!(A16&&A3)||A9', '!(A3&&A15)', '!(A13&&A3)', '((!A12||(A6||A8))&&A8)&&!A4', '((A15||A7)&&((A2||A5)&&A10))&&!A11', '(!A3&&!(A6||A19))&&(!A14||(A7||A14))', '(A19||A13)||A10', '!(!A13&&A14)&&A18', 'A5', '(((A9&&A4)&&(A10&&A0))||!A2)&&!A12', 'A8&&!A5']
2024-07-20 12:18:10,192 DEBUG:MiniSat result: UNSAT. Therefore, A0&&!A0 is in Cn(['(A6||(A5&&A5))||(A13&&A9)', '(!A4||(A7||A4))&&(!A12||(A4&&A3))', '!(A16&&A3)||A9', '!(A3&&A15)', '!(A13&&A3)', '((!A12||(A6||A8))&&A8)&&!A4', '((A15||A7)&&((A2||A5)&&A10))&&!A11', '(!A3&&!(A6||A19))&&(!A14||(A7||A14))', '(A19||A13)||A10', '!(!A13&&A14)&&A18', 'A5', '(((A9&&A4)&&(A10&&A0))||!A2)&&!A12', 'A8&&!A5'])
2024-07-20 12:18:10,192 DEBUG:Dataset expanded using sliding window of size 1: ['(A6||(A5&&A5))||(A13&&A9)', '(!A4||(A7||A4))&&(!A12||(A4&&A3))', '!(A16&&A3)||A9', '!(A3&&A15)', '!(A13&&A3)', '((!A12||(A6||A8))&&A8)&&!A4', '((A15||A7)&&((A2||A5)&&A10))&&!A11', '(!A3&&!(A6||A19))&&(!A14||(A7||A14))', '(A19||A13)||A10', '!(!A13&&A14)&&A18', 'A5', '(((A9&&A4)&&(A10&&A0))||!A2)&&!A12', 'A8&&!A5']
2024-07-20 12:18:10,192 INFO:Checking line: (A6||(A5&&A5))||(A13&&A9) with index: 0
2024-07-20 12:18:10,192 DEBUG:Removing element: (A6||(A5&&A5))||(A13&&A9)
2024-07-20 12:18:10,192 DEBUG:B with 12 elements = ['(!A4||(A7||A4))&&(!A12||(A4&&A3))', '!(A16&&A3)||A9', '!(A3&&A15)', '!(A13&&A3)', '((!A12||(A6||A8))&&A8)&&!A4', '((A15||A7)&&((A2||A5)&&A10))&&!A11', '(!A3&&!(A6||A19))&&(!A14||(A7||A14))', '(A19||A13)||A10', '!(!A13&&A14)&&A18', 'A5', '(((A9&&A4)&&(A10&&A0))||!A2)&&!A12', 'A8&&!A5']
2024-07-20 12:18:10,210 DEBUG:MiniSat result: UNSAT. Therefore, A0&&!A0 is in Cn(['(!A4||(A7||A4))&&(!A12||(A4&&A3))', '!(A16&&A3)||A9', '!(A3&&A15)', '!(A13&&A3)', '((!A12||(A6||A8))&&A8)&&!A4', '((A15||A7)&&((A2||A5)&&A10))&&!A11', '(!A3&&!(A6||A19))&&(!A14||(A7||A14))', '(A19||A13)||A10', '!(!A13&&A14)&&A18', 'A5', '(((A9&&A4)&&(A10&&A0))||!A2)&&!A12', 'A8&&!A5'])
2024-07-20 12:18:10,210 INFO:SHRINK: CN = TRUE, removing: (A6||(A5&&A5))||(A13&&A9)
2024-07-20 12:18:10,210 DEBUG:CONTINUE SHRINKING WITH 12 elements : ['(!A4||(A7||A4))&&(!A12||(A4&&A3))', '!(A16&&A3)||A9', '!(A3&&A15)', '!(A13&&A3)', '((!A12||(A6||A8))&&A8)&&!A4', '((A15||A7)&&((A2||A5)&&A10))&&!A11', '(!A3&&!(A6||A19))&&(!A14||(A7||A14))', '(A19||A13)||A10', '!(!A13&&A14)&&A18', 'A5', '(((A9&&A4)&&(A10&&A0))||!A2)&&!A12', 'A8&&!A5']
2024-07-20 12:18:10,210 INFO:Checking line: (!A4||(A7||A4))&&(!A12||(A4&&A3)) with index: 0
2024-07-20 12:18:10,210 DEBUG:Removing element: (!A4||(A7||A4))&&(!A12||(A4&&A3))
2024-07-20 12:18:10,210 DEBUG:B with 11 elements = ['!(A16&&A3)||A9', '!(A3&&A15)', '!(A13&&A3)', '((!A12||(A6||A8))&&A8)&&!A4', '((A15||A7)&&((A2||A5)&&A10))&&!A11', '(!A3&&!(A6||A19))&&(!A14||(A7||A14))', '(A19||A13)||A10', '!(!A13&&A14)&&A18', 'A5', '(((A9&&A4)&&(A10&&A0))||!A2)&&!A12', 'A8&&!A5']
2024-07-20 12:18:10,229 DEBUG:MiniSat result: UNSAT. Therefore, A0&&!A0 is in Cn(['!(A16&&A3)||A9', '!(A3&&A15)', '!(A13&&A3)', '((!A12||(A6||A8))&&A8)&&!A4', '((A15||A7)&&((A2||A5)&&A10))&&!A11', '(!A3&&!(A6||A19))&&(!A14||(A7||A14))', '(A19||A13)||A10', '!(!A13&&A14)&&A18', 'A5', '(((A9&&A4)&&(A10&&A0))||!A2)&&!A12', 'A8&&!A5'])
2024-07-20 12:18:10,229 INFO:SHRINK: CN = TRUE, removing: (!A4||(A7||A4))&&(!A12||(A4&&A3))
2024-07-20 12:18:10,229 DEBUG:CONTINUE SHRINKING WITH 11 elements : ['!(A16&&A3)||A9', '!(A3&&A15)', '!(A13&&A3)', '((!A12||(A6||A8))&&A8)&&!A4', '((A15||A7)&&((A2||A5)&&A10))&&!A11', '(!A3&&!(A6||A19))&&(!A14||(A7||A14))', '(A19||A13)||A10', '!(!A13&&A14)&&A18', 'A5', '(((A9&&A4)&&(A10&&A0))||!A2)&&!A12', 'A8&&!A5']
2024-07-20 12:18:10,229 INFO:Checking line: !(A16&&A3)||A9 with index: 0
2024-07-20 12:18:10,229 DEBUG:Removing element: !(A16&&A3)||A9
2024-07-20 12:18:10,229 DEBUG:B with 10 elements = ['!(A3&&A15)', '!(A13&&A3)', '((!A12||(A6||A8))&&A8)&&!A4', '((A15||A7)&&((A2||A5)&&A10))&&!A11', '(!A3&&!(A6||A19))&&(!A14||(A7||A14))', '(A19||A13)||A10', '!(!A13&&A14)&&A18', 'A5', '(((A9&&A4)&&(A10&&A0))||!A2)&&!A12', 'A8&&!A5']
2024-07-20 12:18:10,248 DEBUG:MiniSat result: UNSAT. Therefore, A0&&!A0 is in Cn(['!(A3&&A15)', '!(A13&&A3)', '((!A12||(A6||A8))&&A8)&&!A4', '((A15||A7)&&((A2||A5)&&A10))&&!A11', '(!A3&&!(A6||A19))&&(!A14||(A7||A14))', '(A19||A13)||A10', '!(!A13&&A14)&&A18', 'A5', '(((A9&&A4)&&(A10&&A0))||!A2)&&!A12', 'A8&&!A5'])
2024-07-20 12:18:10,248 INFO:SHRINK: CN = TRUE, removing: !(A16&&A3)||A9
2024-07-20 12:18:10,248 DEBUG:CONTINUE SHRINKING WITH 10 elements : ['!(A3&&A15)', '!(A13&&A3)', '((!A12||(A6||A8))&&A8)&&!A4', '((A15||A7)&&((A2||A5)&&A10))&&!A11', '(!A3&&!(A6||A19))&&(!A14||(A7||A14))', '(A19||A13)||A10', '!(!A13&&A14)&&A18', 'A5', '(((A9&&A4)&&(A10&&A0))||!A2)&&!A12', 'A8&&!A5']
2024-07-20 12:18:10,248 INFO:Checking line: !(A3&&A15) with index: 0
2024-07-20 12:18:10,248 DEBUG:Removing element: !(A3&&A15)
2024-07-20 12:18:10,248 DEBUG:B with 9 elements = ['!(A13&&A3)', '((!A12||(A6||A8))&&A8)&&!A4', '((A15||A7)&&((A2||A5)&&A10))&&!A11', '(!A3&&!(A6||A19))&&(!A14||(A7||A14))', '(A19||A13)||A10', '!(!A13&&A14)&&A18', 'A5', '(((A9&&A4)&&(A10&&A0))||!A2)&&!A12', 'A8&&!A5']
2024-07-20 12:18:10,268 DEBUG:MiniSat result: UNSAT. Therefore, A0&&!A0 is in Cn(['!(A13&&A3)', '((!A12||(A6||A8))&&A8)&&!A4', '((A15||A7)&&((A2||A5)&&A10))&&!A11', '(!A3&&!(A6||A19))&&(!A14||(A7||A14))', '(A19||A13)||A10', '!(!A13&&A14)&&A18', 'A5', '(((A9&&A4)&&(A10&&A0))||!A2)&&!A12', 'A8&&!A5'])
2024-07-20 12:18:10,268 INFO:SHRINK: CN = TRUE, removing: !(A3&&A15)
2024-07-20 12:18:10,268 DEBUG:CONTINUE SHRINKING WITH 9 elements : ['!(A13&&A3)', '((!A12||(A6||A8))&&A8)&&!A4', '((A15||A7)&&((A2||A5)&&A10))&&!A11', '(!A3&&!(A6||A19))&&(!A14||(A7||A14))', '(A19||A13)||A10', '!(!A13&&A14)&&A18', 'A5', '(((A9&&A4)&&(A10&&A0))||!A2)&&!A12', 'A8&&!A5']
2024-07-20 12:18:10,268 INFO:Checking line: !(A13&&A3) with index: 0
2024-07-20 12:18:10,269 DEBUG:Removing element: !(A13&&A3)
2024-07-20 12:18:10,269 DEBUG:B with 8 elements = ['((!A12||(A6||A8))&&A8)&&!A4', '((A15||A7)&&((A2||A5)&&A10))&&!A11', '(!A3&&!(A6||A19))&&(!A14||(A7||A14))', '(A19||A13)||A10', '!(!A13&&A14)&&A18', 'A5', '(((A9&&A4)&&(A10&&A0))||!A2)&&!A12', 'A8&&!A5']
2024-07-20 12:18:10,289 DEBUG:MiniSat result: UNSAT. Therefore, A0&&!A0 is in Cn(['((!A12||(A6||A8))&&A8)&&!A4', '((A15||A7)&&((A2||A5)&&A10))&&!A11', '(!A3&&!(A6||A19))&&(!A14||(A7||A14))', '(A19||A13)||A10', '!(!A13&&A14)&&A18', 'A5', '(((A9&&A4)&&(A10&&A0))||!A2)&&!A12', 'A8&&!A5'])
2024-07-20 12:18:10,289 INFO:SHRINK: CN = TRUE, removing: !(A13&&A3)
2024-07-20 12:18:10,289 DEBUG:CONTINUE SHRINKING WITH 8 elements : ['((!A12||(A6||A8))&&A8)&&!A4', '((A15||A7)&&((A2||A5)&&A10))&&!A11', '(!A3&&!(A6||A19))&&(!A14||(A7||A14))', '(A19||A13)||A10', '!(!A13&&A14)&&A18', 'A5', '(((A9&&A4)&&(A10&&A0))||!A2)&&!A12', 'A8&&!A5']
2024-07-20 12:18:10,289 INFO:Checking line: ((!A12||(A6||A8))&&A8)&&!A4 with index: 0
2024-07-20 12:18:10,289 DEBUG:Removing element: ((!A12||(A6||A8))&&A8)&&!A4
2024-07-20 12:18:10,289 DEBUG:B with 7 elements = ['((A15||A7)&&((A2||A5)&&A10))&&!A11', '(!A3&&!(A6||A19))&&(!A14||(A7||A14))', '(A19||A13)||A10', '!(!A13&&A14)&&A18', 'A5', '(((A9&&A4)&&(A10&&A0))||!A2)&&!A12', 'A8&&!A5']
2024-07-20 12:18:10,307 DEBUG:MiniSat result: UNSAT. Therefore, A0&&!A0 is in Cn(['((A15||A7)&&((A2||A5)&&A10))&&!A11', '(!A3&&!(A6||A19))&&(!A14||(A7||A14))', '(A19||A13)||A10', '!(!A13&&A14)&&A18', 'A5', '(((A9&&A4)&&(A10&&A0))||!A2)&&!A12', 'A8&&!A5'])
2024-07-20 12:18:10,307 INFO:SHRINK: CN = TRUE, removing: ((!A12||(A6||A8))&&A8)&&!A4
2024-07-20 12:18:10,307 DEBUG:CONTINUE SHRINKING WITH 7 elements : ['((A15||A7)&&((A2||A5)&&A10))&&!A11', '(!A3&&!(A6||A19))&&(!A14||(A7||A14))', '(A19||A13)||A10', '!(!A13&&A14)&&A18', 'A5', '(((A9&&A4)&&(A10&&A0))||!A2)&&!A12', 'A8&&!A5']
2024-07-20 12:18:10,307 INFO:Checking line: ((A15||A7)&&((A2||A5)&&A10))&&!A11 with index: 0
2024-07-20 12:18:10,307 DEBUG:Removing element: ((A15||A7)&&((A2||A5)&&A10))&&!A11
2024-07-20 12:18:10,307 DEBUG:B with 6 elements = ['(!A3&&!(A6||A19))&&(!A14||(A7||A14))', '(A19||A13)||A10', '!(!A13&&A14)&&A18', 'A5', '(((A9&&A4)&&(A10&&A0))||!A2)&&!A12', 'A8&&!A5']
2024-07-20 12:18:10,325 DEBUG:MiniSat result: UNSAT. Therefore, A0&&!A0 is in Cn(['(!A3&&!(A6||A19))&&(!A14||(A7||A14))', '(A19||A13)||A10', '!(!A13&&A14)&&A18', 'A5', '(((A9&&A4)&&(A10&&A0))||!A2)&&!A12', 'A8&&!A5'])
2024-07-20 12:18:10,325 INFO:SHRINK: CN = TRUE, removing: ((A15||A7)&&((A2||A5)&&A10))&&!A11
2024-07-20 12:18:10,325 DEBUG:CONTINUE SHRINKING WITH 6 elements : ['(!A3&&!(A6||A19))&&(!A14||(A7||A14))', '(A19||A13)||A10', '!(!A13&&A14)&&A18', 'A5', '(((A9&&A4)&&(A10&&A0))||!A2)&&!A12', 'A8&&!A5']
2024-07-20 12:18:10,325 INFO:Checking line: (!A3&&!(A6||A19))&&(!A14||(A7||A14)) with index: 0
2024-07-20 12:18:10,325 DEBUG:Removing element: (!A3&&!(A6||A19))&&(!A14||(A7||A14))
2024-07-20 12:18:10,325 DEBUG:B with 5 elements = ['(A19||A13)||A10', '!(!A13&&A14)&&A18', 'A5', '(((A9&&A4)&&(A10&&A0))||!A2)&&!A12', 'A8&&!A5']
2024-07-20 12:18:10,343 DEBUG:MiniSat result: UNSAT. Therefore, A0&&!A0 is in Cn(['(A19||A13)||A10', '!(!A13&&A14)&&A18', 'A5', '(((A9&&A4)&&(A10&&A0))||!A2)&&!A12', 'A8&&!A5'])
2024-07-20 12:18:10,343 INFO:SHRINK: CN = TRUE, removing: (!A3&&!(A6||A19))&&(!A14||(A7||A14))
2024-07-20 12:18:10,343 DEBUG:CONTINUE SHRINKING WITH 5 elements : ['(A19||A13)||A10', '!(!A13&&A14)&&A18', 'A5', '(((A9&&A4)&&(A10&&A0))||!A2)&&!A12', 'A8&&!A5']
2024-07-20 12:18:10,343 INFO:Checking line: (A19||A13)||A10 with index: 0
2024-07-20 12:18:10,343 DEBUG:Removing element: (A19||A13)||A10
2024-07-20 12:18:10,343 DEBUG:B with 4 elements = ['!(!A13&&A14)&&A18', 'A5', '(((A9&&A4)&&(A10&&A0))||!A2)&&!A12', 'A8&&!A5']
2024-07-20 12:18:10,361 DEBUG:MiniSat result: UNSAT. Therefore, A0&&!A0 is in Cn(['!(!A13&&A14)&&A18', 'A5', '(((A9&&A4)&&(A10&&A0))||!A2)&&!A12', 'A8&&!A5'])
2024-07-20 12:18:10,361 INFO:SHRINK: CN = TRUE, removing: (A19||A13)||A10
2024-07-20 12:18:10,361 DEBUG:CONTINUE SHRINKING WITH 4 elements : ['!(!A13&&A14)&&A18', 'A5', '(((A9&&A4)&&(A10&&A0))||!A2)&&!A12', 'A8&&!A5']
2024-07-20 12:18:10,361 INFO:Checking line: !(!A13&&A14)&&A18 with index: 0
2024-07-20 12:18:10,361 DEBUG:Removing element: !(!A13&&A14)&&A18
2024-07-20 12:18:10,361 DEBUG:B with 3 elements = ['A5', '(((A9&&A4)&&(A10&&A0))||!A2)&&!A12', 'A8&&!A5']
2024-07-20 12:18:10,379 DEBUG:MiniSat result: UNSAT. Therefore, A0&&!A0 is in Cn(['A5', '(((A9&&A4)&&(A10&&A0))||!A2)&&!A12', 'A8&&!A5'])
2024-07-20 12:18:10,379 INFO:SHRINK: CN = TRUE, removing: !(!A13&&A14)&&A18
2024-07-20 12:18:10,379 DEBUG:CONTINUE SHRINKING WITH 3 elements : ['A5', '(((A9&&A4)&&(A10&&A0))||!A2)&&!A12', 'A8&&!A5']
2024-07-20 12:18:10,379 INFO:Checking line: A5 with index: 0
2024-07-20 12:18:10,379 DEBUG:Removing element: A5
2024-07-20 12:18:10,379 DEBUG:B with 2 elements = ['(((A9&&A4)&&(A10&&A0))||!A2)&&!A12', 'A8&&!A5']
2024-07-20 12:18:10,397 DEBUG:MiniSat result: SAT. Therefore, A0&&!A0 is not in Cn(['(((A9&&A4)&&(A10&&A0))||!A2)&&!A12', 'A8&&!A5'])
2024-07-20 12:18:10,397 INFO:Checking line: (((A9&&A4)&&(A10&&A0))||!A2)&&!A12 with index: 1
2024-07-20 12:18:10,397 DEBUG:Removing element: (((A9&&A4)&&(A10&&A0))||!A2)&&!A12
2024-07-20 12:18:10,397 DEBUG:B with 2 elements = ['A5', 'A8&&!A5']
2024-07-20 12:18:10,414 DEBUG:MiniSat result: UNSAT. Therefore, A0&&!A0 is in Cn(['A5', 'A8&&!A5'])
2024-07-20 12:18:10,415 INFO:SHRINK: CN = TRUE, removing: (((A9&&A4)&&(A10&&A0))||!A2)&&!A12
2024-07-20 12:18:10,415 DEBUG:CONTINUE SHRINKING WITH 2 elements : ['A5', 'A8&&!A5']
2024-07-20 12:18:10,415 INFO:Checking line: A8&&!A5 with index: 1
2024-07-20 12:18:10,415 DEBUG:Removing element: A8&&!A5
2024-07-20 12:18:10,415 DEBUG:B with 1 elements = ['A5']
2024-07-20 12:18:10,433 DEBUG:MiniSat result: SAT. Therefore, A0&&!A0 is not in Cn(['A5'])
2024-07-20 12:18:10,433 INFO:Kernel output with 2 elements: ['A5', 'A8&&!A5']
2024-07-20 12:18:10,433 INFO:KERNEL BLACKBOX FINISHED
2024-07-20 12:18:10,433 DEBUG:Dataset shrunk using basic shrink: ['A5', 'A8&&!A5']
2024-07-20 12:18:10,453 DEBUG:MiniSat result: UNSAT. Therefore, A0&&!A0 is in Cn(['(A6||(A5&&A5))||(A13&&A9)', '(!A4||(A7||A4))&&(!A12||(A4&&A3))', '!(A16&&A3)||A9', 'A14&&A3', '!(A3&&A15)', '!(A13&&A3)', '((!A12||(A6||A8))&&A8)&&!A4', '((A15||A7)&&((A2||A5)&&A10))&&!A11', '(A19||A13)||A10', '!(!A13&&A14)&&A18', 'A5', '(((A9&&A4)&&(A10&&A0))||!A2)&&!A12', 'A8&&!A5', '!A19&&A14', 'A0&&!A8', '!(A6||A18)||(A14||(A1&&A7))', 'A14&&!(!A1||A16)', 'A11||A5', '!A7&&!(!A19)', 'A14||(A9&&A3)', '(A2||A11)||((A11||A4)&&(A6&&A6))', '(!A0&&!A7)||A16', '!(A2||A8)||A15', '!(A13&&!(A15||A6))', 'A12&&(!A1&&A3)'])
2024-07-20 12:18:10,453 DEBUG:Finding kernel for dataset with 25 elements: ['(A6||(A5&&A5))||(A13&&A9)', '(!A4||(A7||A4))&&(!A12||(A4&&A3))', '!(A16&&A3)||A9', 'A14&&A3', '!(A3&&A15)', '!(A13&&A3)', '((!A12||(A6||A8))&&A8)&&!A4', '((A15||A7)&&((A2||A5)&&A10))&&!A11', '(A19||A13)||A10', '!(!A13&&A14)&&A18', 'A5', '(((A9&&A4)&&(A10&&A0))||!A2)&&!A12', 'A8&&!A5', '!A19&&A14', 'A0&&!A8', '!(A6||A18)||(A14||(A1&&A7))', 'A14&&!(!A1||A16)', 'A11||A5', '!A7&&!(!A19)', 'A14||(A9&&A3)', '(A2||A11)||((A11||A4)&&(A6&&A6))', '(!A0&&!A7)||A16', '!(A2||A8)||A15', '!(A13&&!(A15||A6))', 'A12&&(!A1&&A3)']
2024-07-20 12:18:10,453 INFO:25 ELEMENTS: ['(A6||(A5&&A5))||(A13&&A9)', '(!A4||(A7||A4))&&(!A12||(A4&&A3))', '!(A16&&A3)||A9', 'A14&&A3', '!(A3&&A15)', '!(A13&&A3)', '((!A12||(A6||A8))&&A8)&&!A4', '((A15||A7)&&((A2||A5)&&A10))&&!A11', '(A19||A13)||A10', '!(!A13&&A14)&&A18', 'A5', '(((A9&&A4)&&(A10&&A0))||!A2)&&!A12', 'A8&&!A5', '!A19&&A14', 'A0&&!A8', '!(A6||A18)||(A14||(A1&&A7))', 'A14&&!(!A1||A16)', 'A11||A5', '!A7&&!(!A19)', 'A14||(A9&&A3)', '(A2||A11)||((A11||A4)&&(A6&&A6))', '(!A0&&!A7)||A16', '!(A2||A8)||A15', '!(A13&&!(A15||A6))', 'A12&&(!A1&&A3)']
2024-07-20 12:18:10,453 DEBUG:B_PRIME with 1 elements: ['(A6||(A5&&A5))||(A13&&A9)']
2024-07-20 12:18:10,471 DEBUG:MiniSat result: SAT. Therefore, A0&&!A0 is not in Cn(['(A6||(A5&&A5))||(A13&&A9)'])
2024-07-20 12:18:10,471 DEBUG:B_PRIME with 2 elements: ['(A6||(A5&&A5))||(A13&&A9)', '(!A4||(A7||A4))&&(!A12||(A4&&A3))']
2024-07-20 12:18:10,489 DEBUG:MiniSat result: SAT. Therefore, A0&&!A0 is not in Cn(['(A6||(A5&&A5))||(A13&&A9)', '(!A4||(A7||A4))&&(!A12||(A4&&A3))'])
2024-07-20 12:18:10,489 DEBUG:B_PRIME with 3 elements: ['(A6||(A5&&A5))||(A13&&A9)', '(!A4||(A7||A4))&&(!A12||(A4&&A3))', '!(A16&&A3)||A9']
2024-07-20 12:18:10,506 DEBUG:MiniSat result: SAT. Therefore, A0&&!A0 is not in Cn(['(A6||(A5&&A5))||(A13&&A9)', '(!A4||(A7||A4))&&(!A12||(A4&&A3))', '!(A16&&A3)||A9'])
2024-07-20 12:18:10,506 DEBUG:B_PRIME with 4 elements: ['(A6||(A5&&A5))||(A13&&A9)', '(!A4||(A7||A4))&&(!A12||(A4&&A3))', '!(A16&&A3)||A9', 'A14&&A3']
2024-07-20 12:18:10,524 DEBUG:MiniSat result: SAT. Therefore, A0&&!A0 is not in Cn(['(A6||(A5&&A5))||(A13&&A9)', '(!A4||(A7||A4))&&(!A12||(A4&&A3))', '!(A16&&A3)||A9', 'A14&&A3'])
2024-07-20 12:18:10,525 DEBUG:B_PRIME with 5 elements: ['(A6||(A5&&A5))||(A13&&A9)', '(!A4||(A7||A4))&&(!A12||(A4&&A3))', '!(A16&&A3)||A9', 'A14&&A3', '!(A3&&A15)']
2024-07-20 12:18:10,542 DEBUG:MiniSat result: SAT. Therefore, A0&&!A0 is not in Cn(['(A6||(A5&&A5))||(A13&&A9)', '(!A4||(A7||A4))&&(!A12||(A4&&A3))', '!(A16&&A3)||A9', 'A14&&A3', '!(A3&&A15)'])
2024-07-20 12:18:10,542 DEBUG:B_PRIME with 6 elements: ['(A6||(A5&&A5))||(A13&&A9)', '(!A4||(A7||A4))&&(!A12||(A4&&A3))', '!(A16&&A3)||A9', 'A14&&A3', '!(A3&&A15)', '!(A13&&A3)']
2024-07-20 12:18:10,561 DEBUG:MiniSat result: SAT. Therefore, A0&&!A0 is not in Cn(['(A6||(A5&&A5))||(A13&&A9)', '(!A4||(A7||A4))&&(!A12||(A4&&A3))', '!(A16&&A3)||A9', 'A14&&A3', '!(A3&&A15)', '!(A13&&A3)'])
2024-07-20 12:18:10,562 DEBUG:B_PRIME with 7 elements: ['(A6||(A5&&A5))||(A13&&A9)', '(!A4||(A7||A4))&&(!A12||(A4&&A3))', '!(A16&&A3)||A9', 'A14&&A3', '!(A3&&A15)', '!(A13&&A3)', '((!A12||(A6||A8))&&A8)&&!A4']
2024-07-20 12:18:10,584 DEBUG:MiniSat result: SAT. Therefore, A0&&!A0 is not in Cn(['(A6||(A5&&A5))||(A13&&A9)', '(!A4||(A7||A4))&&(!A12||(A4&&A3))', '!(A16&&A3)||A9', 'A14&&A3', '!(A3&&A15)', '!(A13&&A3)', '((!A12||(A6||A8))&&A8)&&!A4'])
2024-07-20 12:18:10,584 DEBUG:B_PRIME with 8 elements: ['(A6||(A5&&A5))||(A13&&A9)', '(!A4||(A7||A4))&&(!A12||(A4&&A3))', '!(A16&&A3)||A9', 'A14&&A3', '!(A3&&A15)', '!(A13&&A3)', '((!A12||(A6||A8))&&A8)&&!A4', '((A15||A7)&&((A2||A5)&&A10))&&!A11']
2024-07-20 12:18:10,602 DEBUG:MiniSat result: SAT. Therefore, A0&&!A0 is not in Cn(['(A6||(A5&&A5))||(A13&&A9)', '(!A4||(A7||A4))&&(!A12||(A4&&A3))', '!(A16&&A3)||A9', 'A14&&A3', '!(A3&&A15)', '!(A13&&A3)', '((!A12||(A6||A8))&&A8)&&!A4', '((A15||A7)&&((A2||A5)&&A10))&&!A11'])
2024-07-20 12:18:10,602 DEBUG:B_PRIME with 9 elements: ['(A6||(A5&&A5))||(A13&&A9)', '(!A4||(A7||A4))&&(!A12||(A4&&A3))', '!(A16&&A3)||A9', 'A14&&A3', '!(A3&&A15)', '!(A13&&A3)', '((!A12||(A6||A8))&&A8)&&!A4', '((A15||A7)&&((A2||A5)&&A10))&&!A11', '(A19||A13)||A10']
2024-07-20 12:18:10,625 DEBUG:MiniSat result: SAT. Therefore, A0&&!A0 is not in Cn(['(A6||(A5&&A5))||(A13&&A9)', '(!A4||(A7||A4))&&(!A12||(A4&&A3))', '!(A16&&A3)||A9', 'A14&&A3', '!(A3&&A15)', '!(A13&&A3)', '((!A12||(A6||A8))&&A8)&&!A4', '((A15||A7)&&((A2||A5)&&A10))&&!A11', '(A19||A13)||A10'])
2024-07-20 12:18:10,626 DEBUG:B_PRIME with 10 elements: ['(A6||(A5&&A5))||(A13&&A9)', '(!A4||(A7||A4))&&(!A12||(A4&&A3))', '!(A16&&A3)||A9', 'A14&&A3', '!(A3&&A15)', '!(A13&&A3)', '((!A12||(A6||A8))&&A8)&&!A4', '((A15||A7)&&((A2||A5)&&A10))&&!A11', '(A19||A13)||A10', '!(!A13&&A14)&&A18']
2024-07-20 12:18:10,646 DEBUG:MiniSat result: UNSAT. Therefore, A0&&!A0 is in Cn(['(A6||(A5&&A5))||(A13&&A9)', '(!A4||(A7||A4))&&(!A12||(A4&&A3))', '!(A16&&A3)||A9', 'A14&&A3', '!(A3&&A15)', '!(A13&&A3)', '((!A12||(A6||A8))&&A8)&&!A4', '((A15||A7)&&((A2||A5)&&A10))&&!A11', '(A19||A13)||A10', '!(!A13&&A14)&&A18'])
2024-07-20 12:18:10,646 DEBUG:Dataset expanded using sliding window of size 1: ['(A6||(A5&&A5))||(A13&&A9)', '(!A4||(A7||A4))&&(!A12||(A4&&A3))', '!(A16&&A3)||A9', 'A14&&A3', '!(A3&&A15)', '!(A13&&A3)', '((!A12||(A6||A8))&&A8)&&!A4', '((A15||A7)&&((A2||A5)&&A10))&&!A11', '(A19||A13)||A10', '!(!A13&&A14)&&A18']
2024-07-20 12:18:10,646 INFO:Checking line: (A6||(A5&&A5))||(A13&&A9) with index: 0
2024-07-20 12:18:10,646 DEBUG:Removing element: (A6||(A5&&A5))||(A13&&A9)
2024-07-20 12:18:10,646 DEBUG:B with 9 elements = ['(!A4||(A7||A4))&&(!A12||(A4&&A3))', '!(A16&&A3)||A9', 'A14&&A3', '!(A3&&A15)', '!(A13&&A3)', '((!A12||(A6||A8))&&A8)&&!A4', '((A15||A7)&&((A2||A5)&&A10))&&!A11', '(A19||A13)||A10', '!(!A13&&A14)&&A18']
2024-07-20 12:18:10,664 DEBUG:MiniSat result: UNSAT. Therefore, A0&&!A0 is in Cn(['(!A4||(A7||A4))&&(!A12||(A4&&A3))', '!(A16&&A3)||A9', 'A14&&A3', '!(A3&&A15)', '!(A13&&A3)', '((!A12||(A6||A8))&&A8)&&!A4', '((A15||A7)&&((A2||A5)&&A10))&&!A11', '(A19||A13)||A10', '!(!A13&&A14)&&A18'])
2024-07-20 12:18:10,664 INFO:SHRINK: CN = TRUE, removing: (A6||(A5&&A5))||(A13&&A9)
2024-07-20 12:18:10,664 DEBUG:CONTINUE SHRINKING WITH 9 elements : ['(!A4||(A7||A4))&&(!A12||(A4&&A3))', '!(A16&&A3)||A9', 'A14&&A3', '!(A3&&A15)', '!(A13&&A3)', '((!A12||(A6||A8))&&A8)&&!A4', '((A15||A7)&&((A2||A5)&&A10))&&!A11', '(A19||A13)||A10', '!(!A13&&A14)&&A18']
2024-07-20 12:18:10,664 INFO:Checking line: (!A4||(A7||A4))&&(!A12||(A4&&A3)) with index: 0
2024-07-20 12:18:10,664 DEBUG:Removing element: (!A4||(A7||A4))&&(!A12||(A4&&A3))
2024-07-20 12:18:10,664 DEBUG:B with 8 elements = ['!(A16&&A3)||A9', 'A14&&A3', '!(A3&&A15)', '!(A13&&A3)', '((!A12||(A6||A8))&&A8)&&!A4', '((A15||A7)&&((A2||A5)&&A10))&&!A11', '(A19||A13)||A10', '!(!A13&&A14)&&A18']
2024-07-20 12:18:10,682 DEBUG:MiniSat result: UNSAT. Therefore, A0&&!A0 is in Cn(['!(A16&&A3)||A9', 'A14&&A3', '!(A3&&A15)', '!(A13&&A3)', '((!A12||(A6||A8))&&A8)&&!A4', '((A15||A7)&&((A2||A5)&&A10))&&!A11', '(A19||A13)||A10', '!(!A13&&A14)&&A18'])
2024-07-20 12:18:10,682 INFO:SHRINK: CN = TRUE, removing: (!A4||(A7||A4))&&(!A12||(A4&&A3))
2024-07-20 12:18:10,682 DEBUG:CONTINUE SHRINKING WITH 8 elements : ['!(A16&&A3)||A9', 'A14&&A3', '!(A3&&A15)', '!(A13&&A3)', '((!A12||(A6||A8))&&A8)&&!A4', '((A15||A7)&&((A2||A5)&&A10))&&!A11', '(A19||A13)||A10', '!(!A13&&A14)&&A18']
2024-07-20 12:18:10,682 INFO:Checking line: !(A16&&A3)||A9 with index: 0
2024-07-20 12:18:10,682 DEBUG:Removing element: !(A16&&A3)||A9
2024-07-20 12:18:10,682 DEBUG:B with 7 elements = ['A14&&A3', '!(A3&&A15)', '!(A13&&A3)', '((!A12||(A6||A8))&&A8)&&!A4', '((A15||A7)&&((A2||A5)&&A10))&&!A11', '(A19||A13)||A10', '!(!A13&&A14)&&A18']
2024-07-20 12:18:10,699 DEBUG:MiniSat result: UNSAT. Therefore, A0&&!A0 is in Cn(['A14&&A3', '!(A3&&A15)', '!(A13&&A3)', '((!A12||(A6||A8))&&A8)&&!A4', '((A15||A7)&&((A2||A5)&&A10))&&!A11', '(A19||A13)||A10', '!(!A13&&A14)&&A18'])
2024-07-20 12:18:10,700 INFO:SHRINK: CN = TRUE, removing: !(A16&&A3)||A9
2024-07-20 12:18:10,700 DEBUG:CONTINUE SHRINKING WITH 7 elements : ['A14&&A3', '!(A3&&A15)', '!(A13&&A3)', '((!A12||(A6||A8))&&A8)&&!A4', '((A15||A7)&&((A2||A5)&&A10))&&!A11', '(A19||A13)||A10', '!(!A13&&A14)&&A18']
2024-07-20 12:18:10,700 INFO:Checking line: A14&&A3 with index: 0
2024-07-20 12:18:10,700 DEBUG:Removing element: A14&&A3
2024-07-20 12:18:10,700 DEBUG:B with 6 elements = ['!(A3&&A15)', '!(A13&&A3)', '((!A12||(A6||A8))&&A8)&&!A4', '((A15||A7)&&((A2||A5)&&A10))&&!A11', '(A19||A13)||A10', '!(!A13&&A14)&&A18']
2024-07-20 12:18:10,718 DEBUG:MiniSat result: SAT. Therefore, A0&&!A0 is not in Cn(['!(A3&&A15)', '!(A13&&A3)', '((!A12||(A6||A8))&&A8)&&!A4', '((A15||A7)&&((A2||A5)&&A10))&&!A11', '(A19||A13)||A10', '!(!A13&&A14)&&A18'])
2024-07-20 12:18:10,718 INFO:Checking line: !(A3&&A15) with index: 1
2024-07-20 12:18:10,718 DEBUG:Removing element: !(A3&&A15)
2024-07-20 12:18:10,718 DEBUG:B with 6 elements = ['A14&&A3', '!(A13&&A3)', '((!A12||(A6||A8))&&A8)&&!A4', '((A15||A7)&&((A2||A5)&&A10))&&!A11', '(A19||A13)||A10', '!(!A13&&A14)&&A18']
2024-07-20 12:18:10,735 DEBUG:MiniSat result: UNSAT. Therefore, A0&&!A0 is in Cn(['A14&&A3', '!(A13&&A3)', '((!A12||(A6||A8))&&A8)&&!A4', '((A15||A7)&&((A2||A5)&&A10))&&!A11', '(A19||A13)||A10', '!(!A13&&A14)&&A18'])
2024-07-20 12:18:10,735 INFO:SHRINK: CN = TRUE, removing: !(A3&&A15)
2024-07-20 12:18:10,735 DEBUG:CONTINUE SHRINKING WITH 6 elements : ['A14&&A3', '!(A13&&A3)', '((!A12||(A6||A8))&&A8)&&!A4', '((A15||A7)&&((A2||A5)&&A10))&&!A11', '(A19||A13)||A10', '!(!A13&&A14)&&A18']
2024-07-20 12:18:10,735 INFO:Checking line: !(A13&&A3) with index: 1
2024-07-20 12:18:10,735 DEBUG:Removing element: !(A13&&A3)
2024-07-20 12:18:10,735 DEBUG:B with 5 elements = ['A14&&A3', '((!A12||(A6||A8))&&A8)&&!A4', '((A15||A7)&&((A2||A5)&&A10))&&!A11', '(A19||A13)||A10', '!(!A13&&A14)&&A18']
2024-07-20 12:18:10,752 DEBUG:MiniSat result: SAT. Therefore, A0&&!A0 is not in Cn(['A14&&A3', '((!A12||(A6||A8))&&A8)&&!A4', '((A15||A7)&&((A2||A5)&&A10))&&!A11', '(A19||A13)||A10', '!(!A13&&A14)&&A18'])
2024-07-20 12:18:10,752 INFO:Checking line: ((!A12||(A6||A8))&&A8)&&!A4 with index: 2
2024-07-20 12:18:10,752 DEBUG:Removing element: ((!A12||(A6||A8))&&A8)&&!A4
2024-07-20 12:18:10,753 DEBUG:B with 5 elements = ['A14&&A3', '!(A13&&A3)', '((A15||A7)&&((A2||A5)&&A10))&&!A11', '(A19||A13)||A10', '!(!A13&&A14)&&A18']
2024-07-20 12:18:10,770 DEBUG:MiniSat result: UNSAT. Therefore, A0&&!A0 is in Cn(['A14&&A3', '!(A13&&A3)', '((A15||A7)&&((A2||A5)&&A10))&&!A11', '(A19||A13)||A10', '!(!A13&&A14)&&A18'])
2024-07-20 12:18:10,770 INFO:SHRINK: CN = TRUE, removing: ((!A12||(A6||A8))&&A8)&&!A4
2024-07-20 12:18:10,770 DEBUG:CONTINUE SHRINKING WITH 5 elements : ['A14&&A3', '!(A13&&A3)', '((A15||A7)&&((A2||A5)&&A10))&&!A11', '(A19||A13)||A10', '!(!A13&&A14)&&A18']
2024-07-20 12:18:10,770 INFO:Checking line: ((A15||A7)&&((A2||A5)&&A10))&&!A11 with index: 2
2024-07-20 12:18:10,770 DEBUG:Removing element: ((A15||A7)&&((A2||A5)&&A10))&&!A11
2024-07-20 12:18:10,770 DEBUG:B with 4 elements = ['A14&&A3', '!(A13&&A3)', '(A19||A13)||A10', '!(!A13&&A14)&&A18']
2024-07-20 12:18:10,787 DEBUG:MiniSat result: UNSAT. Therefore, A0&&!A0 is in Cn(['A14&&A3', '!(A13&&A3)', '(A19||A13)||A10', '!(!A13&&A14)&&A18'])
2024-07-20 12:18:10,787 INFO:SHRINK: CN = TRUE, removing: ((A15||A7)&&((A2||A5)&&A10))&&!A11
2024-07-20 12:18:10,787 DEBUG:CONTINUE SHRINKING WITH 4 elements : ['A14&&A3', '!(A13&&A3)', '(A19||A13)||A10', '!(!A13&&A14)&&A18']
2024-07-20 12:18:10,787 INFO:Checking line: (A19||A13)||A10 with index: 2
2024-07-20 12:18:10,787 DEBUG:Removing element: (A19||A13)||A10
2024-07-20 12:18:10,787 DEBUG:B with 3 elements = ['A14&&A3', '!(A13&&A3)', '!(!A13&&A14)&&A18']
2024-07-20 12:18:10,804 DEBUG:MiniSat result: UNSAT. Therefore, A0&&!A0 is in Cn(['A14&&A3', '!(A13&&A3)', '!(!A13&&A14)&&A18'])
2024-07-20 12:18:10,804 INFO:SHRINK: CN = TRUE, removing: (A19||A13)||A10
2024-07-20 12:18:10,804 DEBUG:CONTINUE SHRINKING WITH 3 elements : ['A14&&A3', '!(A13&&A3)', '!(!A13&&A14)&&A18']
2024-07-20 12:18:10,804 INFO:Checking line: !(!A13&&A14)&&A18 with index: 2
2024-07-20 12:18:10,804 DEBUG:Removing element: !(!A13&&A14)&&A18
2024-07-20 12:18:10,804 DEBUG:B with 2 elements = ['A14&&A3', '!(A13&&A3)']
2024-07-20 12:18:10,822 DEBUG:MiniSat result: SAT. Therefore, A0&&!A0 is not in Cn(['A14&&A3', '!(A13&&A3)'])
2024-07-20 12:18:10,822 INFO:Kernel output with 3 elements: ['A14&&A3', '!(A13&&A3)', '!(!A13&&A14)&&A18']
2024-07-20 12:18:10,822 INFO:KERNEL BLACKBOX FINISHED
2024-07-20 12:18:10,822 DEBUG:Dataset shrunk using basic shrink: ['A14&&A3', '!(A13&&A3)', '!(!A13&&A14)&&A18']
2024-07-20 12:18:10,842 DEBUG:MiniSat result: UNSAT. Therefore, A0&&!A0 is in Cn(['(A6||(A5&&A5))||(A13&&A9)', '(!A4||(A7||A4))&&(!A12||(A4&&A3))', '!(A16&&A3)||A9', '!(A3&&A15)', '!(A13&&A3)', '((!A12||(A6||A8))&&A8)&&!A4', '((A15||A7)&&((A2||A5)&&A10))&&!A11', '(!A3&&!(A6||A19))&&(!A14||(A7||A14))', '(A19||A13)||A10', '!(!A13&&A14)&&A18', '(((A9&&A4)&&(A10&&A0))||!A2)&&!A12', 'A8&&!A5', '!A19&&A14', 'A0&&!A8', '!(A6||A18)||(A14||(A1&&A7))', 'A14&&!(!A1||A16)', 'A11||A5', '!A7&&!(!A19)', 'A14||(A9&&A3)', '(A2||A11)||((A11||A4)&&(A6&&A6))', '(!A0&&!A7)||A16', '!(A2||A8)||A15', '!(A13&&!(A15||A6))', 'A12&&(!A1&&A3)'])
2024-07-20 12:18:10,842 DEBUG:Finding kernel for dataset with 24 elements: ['(A6||(A5&&A5))||(A13&&A9)', '(!A4||(A7||A4))&&(!A12||(A4&&A3))', '!(A16&&A3)||A9', '!(A3&&A15)', '!(A13&&A3)', '((!A12||(A6||A8))&&A8)&&!A4', '((A15||A7)&&((A2||A5)&&A10))&&!A11', '(!A3&&!(A6||A19))&&(!A14||(A7||A14))', '(A19||A13)||A10', '!(!A13&&A14)&&A18', '(((A9&&A4)&&(A10&&A0))||!A2)&&!A12', 'A8&&!A5', '!A19&&A14', 'A0&&!A8', '!(A6||A18)||(A14||(A1&&A7))', 'A14&&!(!A1||A16)', 'A11||A5', '!A7&&!(!A19)', 'A14||(A9&&A3)', '(A2||A11)||((A11||A4)&&(A6&&A6))', '(!A0&&!A7)||A16', '!(A2||A8)||A15', '!(A13&&!(A15||A6))', 'A12&&(!A1&&A3)']
2024-07-20 12:18:10,842 INFO:24 ELEMENTS: ['(A6||(A5&&A5))||(A13&&A9)', '(!A4||(A7||A4))&&(!A12||(A4&&A3))', '!(A16&&A3)||A9', '!(A3&&A15)', '!(A13&&A3)', '((!A12||(A6||A8))&&A8)&&!A4', '((A15||A7)&&((A2||A5)&&A10))&&!A11', '(!A3&&!(A6||A19))&&(!A14||(A7||A14))', '(A19||A13)||A10', '!(!A13&&A14)&&A18', '(((A9&&A4)&&(A10&&A0))||!A2)&&!A12', 'A8&&!A5', '!A19&&A14', 'A0&&!A8', '!(A6||A18)||(A14||(A1&&A7))', 'A14&&!(!A1||A16)', 'A11||A5', '!A7&&!(!A19)', 'A14||(A9&&A3)', '(A2||A11)||((A11||A4)&&(A6&&A6))', '(!A0&&!A7)||A16', '!(A2||A8)||A15', '!(A13&&!(A15||A6))', 'A12&&(!A1&&A3)']
2024-07-20 12:18:10,842 DEBUG:B_PRIME with 1 elements: ['(A6||(A5&&A5))||(A13&&A9)']
2024-07-20 12:18:10,872 DEBUG:MiniSat result: SAT. Therefore, A0&&!A0 is not in Cn(['(A6||(A5&&A5))||(A13&&A9)'])
2024-07-20 12:18:10,873 DEBUG:B_PRIME with 2 elements: ['(A6||(A5&&A5))||(A13&&A9)', '(!A4||(A7||A4))&&(!A12||(A4&&A3))']
2024-07-20 12:18:10,892 DEBUG:MiniSat result: SAT. Therefore, A0&&!A0 is not in Cn(['(A6||(A5&&A5))||(A13&&A9)', '(!A4||(A7||A4))&&(!A12||(A4&&A3))'])
2024-07-20 12:18:10,892 DEBUG:B_PRIME with 3 elements: ['(A6||(A5&&A5))||(A13&&A9)', '(!A4||(A7||A4))&&(!A12||(A4&&A3))', '!(A16&&A3)||A9']
2024-07-20 12:18:10,909 DEBUG:MiniSat result: SAT. Therefore, A0&&!A0 is not in Cn(['(A6||(A5&&A5))||(A13&&A9)', '(!A4||(A7||A4))&&(!A12||(A4&&A3))', '!(A16&&A3)||A9'])
2024-07-20 12:18:10,909 DEBUG:B_PRIME with 4 elements: ['(A6||(A5&&A5))||(A13&&A9)', '(!A4||(A7||A4))&&(!A12||(A4&&A3))', '!(A16&&A3)||A9', '!(A3&&A15)']
2024-07-20 12:18:10,927 DEBUG:MiniSat result: SAT. Therefore, A0&&!A0 is not in Cn(['(A6||(A5&&A5))||(A13&&A9)', '(!A4||(A7||A4))&&(!A12||(A4&&A3))', '!(A16&&A3)||A9', '!(A3&&A15)'])
2024-07-20 12:18:10,927 DEBUG:B_PRIME with 5 elements: ['(A6||(A5&&A5))||(A13&&A9)', '(!A4||(A7||A4))&&(!A12||(A4&&A3))', '!(A16&&A3)||A9', '!(A3&&A15)', '!(A13&&A3)']
2024-07-20 12:18:10,944 DEBUG:MiniSat result: SAT. Therefore, A0&&!A0 is not in Cn(['(A6||(A5&&A5))||(A13&&A9)', '(!A4||(A7||A4))&&(!A12||(A4&&A3))', '!(A16&&A3)||A9', '!(A3&&A15)', '!(A13&&A3)'])
2024-07-20 12:18:10,944 DEBUG:B_PRIME with 6 elements: ['(A6||(A5&&A5))||(A13&&A9)', '(!A4||(A7||A4))&&(!A12||(A4&&A3))', '!(A16&&A3)||A9', '!(A3&&A15)', '!(A13&&A3)', '((!A12||(A6||A8))&&A8)&&!A4']
2024-07-20 12:18:10,962 DEBUG:MiniSat result: SAT. Therefore, A0&&!A0 is not in Cn(['(A6||(A5&&A5))||(A13&&A9)', '(!A4||(A7||A4))&&(!A12||(A4&&A3))', '!(A16&&A3)||A9', '!(A3&&A15)', '!(A13&&A3)', '((!A12||(A6||A8))&&A8)&&!A4'])
2024-07-20 12:18:10,962 DEBUG:B_PRIME with 7 elements: ['(A6||(A5&&A5))||(A13&&A9)', '(!A4||(A7||A4))&&(!A12||(A4&&A3))', '!(A16&&A3)||A9', '!(A3&&A15)', '!(A13&&A3)', '((!A12||(A6||A8))&&A8)&&!A4', '((A15||A7)&&((A2||A5)&&A10))&&!A11']
2024-07-20 12:18:10,980 DEBUG:MiniSat result: SAT. Therefore, A0&&!A0 is not in Cn(['(A6||(A5&&A5))||(A13&&A9)', '(!A4||(A7||A4))&&(!A12||(A4&&A3))', '!(A16&&A3)||A9', '!(A3&&A15)', '!(A13&&A3)', '((!A12||(A6||A8))&&A8)&&!A4', '((A15||A7)&&((A2||A5)&&A10))&&!A11'])
2024-07-20 12:18:10,980 DEBUG:B_PRIME with 8 elements: ['(A6||(A5&&A5))||(A13&&A9)', '(!A4||(A7||A4))&&(!A12||(A4&&A3))', '!(A16&&A3)||A9', '!(A3&&A15)', '!(A13&&A3)', '((!A12||(A6||A8))&&A8)&&!A4', '((A15||A7)&&((A2||A5)&&A10))&&!A11', '(!A3&&!(A6||A19))&&(!A14||(A7||A14))']
2024-07-20 12:18:11,003 DEBUG:MiniSat result: SAT. Therefore, A0&&!A0 is not in Cn(['(A6||(A5&&A5))||(A13&&A9)', '(!A4||(A7||A4))&&(!A12||(A4&&A3))', '!(A16&&A3)||A9', '!(A3&&A15)', '!(A13&&A3)', '((!A12||(A6||A8))&&A8)&&!A4', '((A15||A7)&&((A2||A5)&&A10))&&!A11', '(!A3&&!(A6||A19))&&(!A14||(A7||A14))'])
2024-07-20 12:18:11,003 DEBUG:B_PRIME with 9 elements: ['(A6||(A5&&A5))||(A13&&A9)', '(!A4||(A7||A4))&&(!A12||(A4&&A3))', '!(A16&&A3)||A9', '!(A3&&A15)', '!(A13&&A3)', '((!A12||(A6||A8))&&A8)&&!A4', '((A15||A7)&&((A2||A5)&&A10))&&!A11', '(!A3&&!(A6||A19))&&(!A14||(A7||A14))', '(A19||A13)||A10']
2024-07-20 12:18:11,021 DEBUG:MiniSat result: SAT. Therefore, A0&&!A0 is not in Cn(['(A6||(A5&&A5))||(A13&&A9)', '(!A4||(A7||A4))&&(!A12||(A4&&A3))', '!(A16&&A3)||A9', '!(A3&&A15)', '!(A13&&A3)', '((!A12||(A6||A8))&&A8)&&!A4', '((A15||A7)&&((A2||A5)&&A10))&&!A11', '(!A3&&!(A6||A19))&&(!A14||(A7||A14))', '(A19||A13)||A10'])
2024-07-20 12:18:11,021 DEBUG:B_PRIME with 10 elements: ['(A6||(A5&&A5))||(A13&&A9)', '(!A4||(A7||A4))&&(!A12||(A4&&A3))', '!(A16&&A3)||A9', '!(A3&&A15)', '!(A13&&A3)', '((!A12||(A6||A8))&&A8)&&!A4', '((A15||A7)&&((A2||A5)&&A10))&&!A11', '(!A3&&!(A6||A19))&&(!A14||(A7||A14))', '(A19||A13)||A10', '!(!A13&&A14)&&A18']
2024-07-20 12:18:11,039 DEBUG:MiniSat result: SAT. Therefore, A0&&!A0 is not in Cn(['(A6||(A5&&A5))||(A13&&A9)', '(!A4||(A7||A4))&&(!A12||(A4&&A3))', '!(A16&&A3)||A9', '!(A3&&A15)', '!(A13&&A3)', '((!A12||(A6||A8))&&A8)&&!A4', '((A15||A7)&&((A2||A5)&&A10))&&!A11', '(!A3&&!(A6||A19))&&(!A14||(A7||A14))', '(A19||A13)||A10', '!(!A13&&A14)&&A18'])
2024-07-20 12:18:11,039 DEBUG:B_PRIME with 11 elements: ['(A6||(A5&&A5))||(A13&&A9)', '(!A4||(A7||A4))&&(!A12||(A4&&A3))', '!(A16&&A3)||A9', '!(A3&&A15)', '!(A13&&A3)', '((!A12||(A6||A8))&&A8)&&!A4', '((A15||A7)&&((A2||A5)&&A10))&&!A11', '(!A3&&!(A6||A19))&&(!A14||(A7||A14))', '(A19||A13)||A10', '!(!A13&&A14)&&A18', '(((A9&&A4)&&(A10&&A0))||!A2)&&!A12']
2024-07-20 12:18:11,057 DEBUG:MiniSat result: SAT. Therefore, A0&&!A0 is not in Cn(['(A6||(A5&&A5))||(A13&&A9)', '(!A4||(A7||A4))&&(!A12||(A4&&A3))', '!(A16&&A3)||A9', '!(A3&&A15)', '!(A13&&A3)', '((!A12||(A6||A8))&&A8)&&!A4', '((A15||A7)&&((A2||A5)&&A10))&&!A11', '(!A3&&!(A6||A19))&&(!A14||(A7||A14))', '(A19||A13)||A10', '!(!A13&&A14)&&A18', '(((A9&&A4)&&(A10&&A0))||!A2)&&!A12'])
2024-07-20 12:18:11,057 DEBUG:B_PRIME with 12 elements: ['(A6||(A5&&A5))||(A13&&A9)', '(!A4||(A7||A4))&&(!A12||(A4&&A3))', '!(A16&&A3)||A9', '!(A3&&A15)', '!(A13&&A3)', '((!A12||(A6||A8))&&A8)&&!A4', '((A15||A7)&&((A2||A5)&&A10))&&!A11', '(!A3&&!(A6||A19))&&(!A14||(A7||A14))', '(A19||A13)||A10', '!(!A13&&A14)&&A18', '(((A9&&A4)&&(A10&&A0))||!A2)&&!A12', 'A8&&!A5']
2024-07-20 12:18:11,075 DEBUG:MiniSat result: UNSAT. Therefore, A0&&!A0 is in Cn(['(A6||(A5&&A5))||(A13&&A9)', '(!A4||(A7||A4))&&(!A12||(A4&&A3))', '!(A16&&A3)||A9', '!(A3&&A15)', '!(A13&&A3)', '((!A12||(A6||A8))&&A8)&&!A4', '((A15||A7)&&((A2||A5)&&A10))&&!A11', '(!A3&&!(A6||A19))&&(!A14||(A7||A14))', '(A19||A13)||A10', '!(!A13&&A14)&&A18', '(((A9&&A4)&&(A10&&A0))||!A2)&&!A12', 'A8&&!A5'])
2024-07-20 12:18:11,075 DEBUG:Dataset expanded using sliding window of size 1: ['(A6||(A5&&A5))||(A13&&A9)', '(!A4||(A7||A4))&&(!A12||(A4&&A3))', '!(A16&&A3)||A9', '!(A3&&A15)', '!(A13&&A3)', '((!A12||(A6||A8))&&A8)&&!A4', '((A15||A7)&&((A2||A5)&&A10))&&!A11', '(!A3&&!(A6||A19))&&(!A14||(A7||A14))', '(A19||A13)||A10', '!(!A13&&A14)&&A18', '(((A9&&A4)&&(A10&&A0))||!A2)&&!A12', 'A8&&!A5']
2024-07-20 12:18:11,075 INFO:Checking line: (A6||(A5&&A5))||(A13&&A9) with index: 0
2024-07-20 12:18:11,075 DEBUG:Removing element: (A6||(A5&&A5))||(A13&&A9)
2024-07-20 12:18:11,075 DEBUG:B with 11 elements = ['(!A4||(A7||A4))&&(!A12||(A4&&A3))', '!(A16&&A3)||A9', '!(A3&&A15)', '!(A13&&A3)', '((!A12||(A6||A8))&&A8)&&!A4', '((A15||A7)&&((A2||A5)&&A10))&&!A11', '(!A3&&!(A6||A19))&&(!A14||(A7||A14))', '(A19||A13)||A10', '!(!A13&&A14)&&A18', '(((A9&&A4)&&(A10&&A0))||!A2)&&!A12', 'A8&&!A5']
2024-07-20 12:18:11,093 DEBUG:MiniSat result: UNSAT. Therefore, A0&&!A0 is in Cn(['(!A4||(A7||A4))&&(!A12||(A4&&A3))', '!(A16&&A3)||A9', '!(A3&&A15)', '!(A13&&A3)', '((!A12||(A6||A8))&&A8)&&!A4', '((A15||A7)&&((A2||A5)&&A10))&&!A11', '(!A3&&!(A6||A19))&&(!A14||(A7||A14))', '(A19||A13)||A10', '!(!A13&&A14)&&A18', '(((A9&&A4)&&(A10&&A0))||!A2)&&!A12', 'A8&&!A5'])
2024-07-20 12:18:11,093 INFO:SHRINK: CN = TRUE, removing: (A6||(A5&&A5))||(A13&&A9)
2024-07-20 12:18:11,093 DEBUG:CONTINUE SHRINKING WITH 11 elements : ['(!A4||(A7||A4))&&(!A12||(A4&&A3))', '!(A16&&A3)||A9', '!(A3&&A15)', '!(A13&&A3)', '((!A12||(A6||A8))&&A8)&&!A4', '((A15||A7)&&((A2||A5)&&A10))&&!A11', '(!A3&&!(A6||A19))&&(!A14||(A7||A14))', '(A19||A13)||A10', '!(!A13&&A14)&&A18', '(((A9&&A4)&&(A10&&A0))||!A2)&&!A12', 'A8&&!A5']
2024-07-20 12:18:11,093 INFO:Checking line: (!A4||(A7||A4))&&(!A12||(A4&&A3)) with index: 0
2024-07-20 12:18:11,093 DEBUG:Removing element: (!A4||(A7||A4))&&(!A12||(A4&&A3))
2024-07-20 12:18:11,093 DEBUG:B with 10 elements = ['!(A16&&A3)||A9', '!(A3&&A15)', '!(A13&&A3)', '((!A12||(A6||A8))&&A8)&&!A4', '((A15||A7)&&((A2||A5)&&A10))&&!A11', '(!A3&&!(A6||A19))&&(!A14||(A7||A14))', '(A19||A13)||A10', '!(!A13&&A14)&&A18', '(((A9&&A4)&&(A10&&A0))||!A2)&&!A12', 'A8&&!A5']
2024-07-20 12:18:11,111 DEBUG:MiniSat result: UNSAT. Therefore, A0&&!A0 is in Cn(['!(A16&&A3)||A9', '!(A3&&A15)', '!(A13&&A3)', '((!A12||(A6||A8))&&A8)&&!A4', '((A15||A7)&&((A2||A5)&&A10))&&!A11', '(!A3&&!(A6||A19))&&(!A14||(A7||A14))', '(A19||A13)||A10', '!(!A13&&A14)&&A18', '(((A9&&A4)&&(A10&&A0))||!A2)&&!A12', 'A8&&!A5'])
2024-07-20 12:18:11,111 INFO:SHRINK: CN = TRUE, removing: (!A4||(A7||A4))&&(!A12||(A4&&A3))
2024-07-20 12:18:11,111 DEBUG:CONTINUE SHRINKING WITH 10 elements : ['!(A16&&A3)||A9', '!(A3&&A15)', '!(A13&&A3)', '((!A12||(A6||A8))&&A8)&&!A4', '((A15||A7)&&((A2||A5)&&A10))&&!A11', '(!A3&&!(A6||A19))&&(!A14||(A7||A14))', '(A19||A13)||A10', '!(!A13&&A14)&&A18', '(((A9&&A4)&&(A10&&A0))||!A2)&&!A12', 'A8&&!A5']
2024-07-20 12:18:11,111 INFO:Checking line: !(A16&&A3)||A9 with index: 0
2024-07-20 12:18:11,111 DEBUG:Removing element: !(A16&&A3)||A9
2024-07-20 12:18:11,111 DEBUG:B with 9 elements = ['!(A3&&A15)', '!(A13&&A3)', '((!A12||(A6||A8))&&A8)&&!A4', '((A15||A7)&&((A2||A5)&&A10))&&!A11', '(!A3&&!(A6||A19))&&(!A14||(A7||A14))', '(A19||A13)||A10', '!(!A13&&A14)&&A18', '(((A9&&A4)&&(A10&&A0))||!A2)&&!A12', 'A8&&!A5']
2024-07-20 12:18:11,129 DEBUG:MiniSat result: UNSAT. Therefore, A0&&!A0 is in Cn(['!(A3&&A15)', '!(A13&&A3)', '((!A12||(A6||A8))&&A8)&&!A4', '((A15||A7)&&((A2||A5)&&A10))&&!A11', '(!A3&&!(A6||A19))&&(!A14||(A7||A14))', '(A19||A13)||A10', '!(!A13&&A14)&&A18', '(((A9&&A4)&&(A10&&A0))||!A2)&&!A12', 'A8&&!A5'])
2024-07-20 12:18:11,129 INFO:SHRINK: CN = TRUE, removing: !(A16&&A3)||A9
2024-07-20 12:18:11,129 DEBUG:CONTINUE SHRINKING WITH 9 elements : ['!(A3&&A15)', '!(A13&&A3)', '((!A12||(A6||A8))&&A8)&&!A4', '((A15||A7)&&((A2||A5)&&A10))&&!A11', '(!A3&&!(A6||A19))&&(!A14||(A7||A14))', '(A19||A13)||A10', '!(!A13&&A14)&&A18', '(((A9&&A4)&&(A10&&A0))||!A2)&&!A12', 'A8&&!A5']
2024-07-20 12:18:11,129 INFO:Checking line: !(A3&&A15) with index: 0
2024-07-20 12:18:11,129 DEBUG:Removing element: !(A3&&A15)
2024-07-20 12:18:11,129 DEBUG:B with 8 elements = ['!(A13&&A3)', '((!A12||(A6||A8))&&A8)&&!A4', '((A15||A7)&&((A2||A5)&&A10))&&!A11', '(!A3&&!(A6||A19))&&(!A14||(A7||A14))', '(A19||A13)||A10', '!(!A13&&A14)&&A18', '(((A9&&A4)&&(A10&&A0))||!A2)&&!A12', 'A8&&!A5']
2024-07-20 12:18:11,147 DEBUG:MiniSat result: UNSAT. Therefore, A0&&!A0 is in Cn(['!(A13&&A3)', '((!A12||(A6||A8))&&A8)&&!A4', '((A15||A7)&&((A2||A5)&&A10))&&!A11', '(!A3&&!(A6||A19))&&(!A14||(A7||A14))', '(A19||A13)||A10', '!(!A13&&A14)&&A18', '(((A9&&A4)&&(A10&&A0))||!A2)&&!A12', 'A8&&!A5'])
2024-07-20 12:18:11,147 INFO:SHRINK: CN = TRUE, removing: !(A3&&A15)
2024-07-20 12:18:11,147 DEBUG:CONTINUE SHRINKING WITH 8 elements : ['!(A13&&A3)', '((!A12||(A6||A8))&&A8)&&!A4', '((A15||A7)&&((A2||A5)&&A10))&&!A11', '(!A3&&!(A6||A19))&&(!A14||(A7||A14))', '(A19||A13)||A10', '!(!A13&&A14)&&A18', '(((A9&&A4)&&(A10&&A0))||!A2)&&!A12', 'A8&&!A5']
2024-07-20 12:18:11,147 INFO:Checking line: !(A13&&A3) with index: 0
2024-07-20 12:18:11,147 DEBUG:Removing element: !(A13&&A3)
2024-07-20 12:18:11,147 DEBUG:B with 7 elements = ['((!A12||(A6||A8))&&A8)&&!A4', '((A15||A7)&&((A2||A5)&&A10))&&!A11', '(!A3&&!(A6||A19))&&(!A14||(A7||A14))', '(A19||A13)||A10', '!(!A13&&A14)&&A18', '(((A9&&A4)&&(A10&&A0))||!A2)&&!A12', 'A8&&!A5']
2024-07-20 12:18:11,165 DEBUG:MiniSat result: UNSAT. Therefore, A0&&!A0 is in Cn(['((!A12||(A6||A8))&&A8)&&!A4', '((A15||A7)&&((A2||A5)&&A10))&&!A11', '(!A3&&!(A6||A19))&&(!A14||(A7||A14))', '(A19||A13)||A10', '!(!A13&&A14)&&A18', '(((A9&&A4)&&(A10&&A0))||!A2)&&!A12', 'A8&&!A5'])
2024-07-20 12:18:11,165 INFO:SHRINK: CN = TRUE, removing: !(A13&&A3)
2024-07-20 12:18:11,165 DEBUG:CONTINUE SHRINKING WITH 7 elements : ['((!A12||(A6||A8))&&A8)&&!A4', '((A15||A7)&&((A2||A5)&&A10))&&!A11', '(!A3&&!(A6||A19))&&(!A14||(A7||A14))', '(A19||A13)||A10', '!(!A13&&A14)&&A18', '(((A9&&A4)&&(A10&&A0))||!A2)&&!A12', 'A8&&!A5']
2024-07-20 12:18:11,165 INFO:Checking line: ((!A12||(A6||A8))&&A8)&&!A4 with index: 0
2024-07-20 12:18:11,165 DEBUG:Removing element: ((!A12||(A6||A8))&&A8)&&!A4
2024-07-20 12:18:11,165 DEBUG:B with 6 elements = ['((A15||A7)&&((A2||A5)&&A10))&&!A11', '(!A3&&!(A6||A19))&&(!A14||(A7||A14))', '(A19||A13)||A10', '!(!A13&&A14)&&A18', '(((A9&&A4)&&(A10&&A0))||!A2)&&!A12', 'A8&&!A5']
2024-07-20 12:18:11,182 DEBUG:MiniSat result: UNSAT. Therefore, A0&&!A0 is in Cn(['((A15||A7)&&((A2||A5)&&A10))&&!A11', '(!A3&&!(A6||A19))&&(!A14||(A7||A14))', '(A19||A13)||A10', '!(!A13&&A14)&&A18', '(((A9&&A4)&&(A10&&A0))||!A2)&&!A12', 'A8&&!A5'])
2024-07-20 12:18:11,182 INFO:SHRINK: CN = TRUE, removing: ((!A12||(A6||A8))&&A8)&&!A4
2024-07-20 12:18:11,182 DEBUG:CONTINUE SHRINKING WITH 6 elements : ['((A15||A7)&&((A2||A5)&&A10))&&!A11', '(!A3&&!(A6||A19))&&(!A14||(A7||A14))', '(A19||A13)||A10', '!(!A13&&A14)&&A18', '(((A9&&A4)&&(A10&&A0))||!A2)&&!A12', 'A8&&!A5']
2024-07-20 12:18:11,182 INFO:Checking line: ((A15||A7)&&((A2||A5)&&A10))&&!A11 with index: 0
2024-07-20 12:18:11,182 DEBUG:Removing element: ((A15||A7)&&((A2||A5)&&A10))&&!A11
2024-07-20 12:18:11,182 DEBUG:B with 5 elements = ['(!A3&&!(A6||A19))&&(!A14||(A7||A14))', '(A19||A13)||A10', '!(!A13&&A14)&&A18', '(((A9&&A4)&&(A10&&A0))||!A2)&&!A12', 'A8&&!A5']
2024-07-20 12:18:11,201 DEBUG:MiniSat result: SAT. Therefore, A0&&!A0 is not in Cn(['(!A3&&!(A6||A19))&&(!A14||(A7||A14))', '(A19||A13)||A10', '!(!A13&&A14)&&A18', '(((A9&&A4)&&(A10&&A0))||!A2)&&!A12', 'A8&&!A5'])
2024-07-20 12:18:11,201 INFO:Checking line: (!A3&&!(A6||A19))&&(!A14||(A7||A14)) with index: 1
2024-07-20 12:18:11,201 DEBUG:Removing element: (!A3&&!(A6||A19))&&(!A14||(A7||A14))
2024-07-20 12:18:11,201 DEBUG:B with 5 elements = ['((A15||A7)&&((A2||A5)&&A10))&&!A11', '(A19||A13)||A10', '!(!A13&&A14)&&A18', '(((A9&&A4)&&(A10&&A0))||!A2)&&!A12', 'A8&&!A5']
2024-07-20 12:18:11,220 DEBUG:MiniSat result: UNSAT. Therefore, A0&&!A0 is in Cn(['((A15||A7)&&((A2||A5)&&A10))&&!A11', '(A19||A13)||A10', '!(!A13&&A14)&&A18', '(((A9&&A4)&&(A10&&A0))||!A2)&&!A12', 'A8&&!A5'])
2024-07-20 12:18:11,220 INFO:SHRINK: CN = TRUE, removing: (!A3&&!(A6||A19))&&(!A14||(A7||A14))
2024-07-20 12:18:11,220 DEBUG:CONTINUE SHRINKING WITH 5 elements : ['((A15||A7)&&((A2||A5)&&A10))&&!A11', '(A19||A13)||A10', '!(!A13&&A14)&&A18', '(((A9&&A4)&&(A10&&A0))||!A2)&&!A12', 'A8&&!A5']
2024-07-20 12:18:11,220 INFO:Checking line: (A19||A13)||A10 with index: 1
2024-07-20 12:18:11,220 DEBUG:Removing element: (A19||A13)||A10
2024-07-20 12:18:11,220 DEBUG:B with 4 elements = ['((A15||A7)&&((A2||A5)&&A10))&&!A11', '!(!A13&&A14)&&A18', '(((A9&&A4)&&(A10&&A0))||!A2)&&!A12', 'A8&&!A5']
2024-07-20 12:18:11,238 DEBUG:MiniSat result: UNSAT. Therefore, A0&&!A0 is in Cn(['((A15||A7)&&((A2||A5)&&A10))&&!A11', '!(!A13&&A14)&&A18', '(((A9&&A4)&&(A10&&A0))||!A2)&&!A12', 'A8&&!A5'])
2024-07-20 12:18:11,238 INFO:SHRINK: CN = TRUE, removing: (A19||A13)||A10
2024-07-20 12:18:11,238 DEBUG:CONTINUE SHRINKING WITH 4 elements : ['((A15||A7)&&((A2||A5)&&A10))&&!A11', '!(!A13&&A14)&&A18', '(((A9&&A4)&&(A10&&A0))||!A2)&&!A12', 'A8&&!A5']
2024-07-20 12:18:11,238 INFO:Checking line: !(!A13&&A14)&&A18 with index: 1
2024-07-20 12:18:11,238 DEBUG:Removing element: !(!A13&&A14)&&A18
2024-07-20 12:18:11,238 DEBUG:B with 3 elements = ['((A15||A7)&&((A2||A5)&&A10))&&!A11', '(((A9&&A4)&&(A10&&A0))||!A2)&&!A12', 'A8&&!A5']
2024-07-20 12:18:11,255 DEBUG:MiniSat result: UNSAT. Therefore, A0&&!A0 is in Cn(['((A15||A7)&&((A2||A5)&&A10))&&!A11', '(((A9&&A4)&&(A10&&A0))||!A2)&&!A12', 'A8&&!A5'])
2024-07-20 12:18:11,256 INFO:SHRINK: CN = TRUE, removing: !(!A13&&A14)&&A18
2024-07-20 12:18:11,256 DEBUG:CONTINUE SHRINKING WITH 3 elements : ['((A15||A7)&&((A2||A5)&&A10))&&!A11', '(((A9&&A4)&&(A10&&A0))||!A2)&&!A12', 'A8&&!A5']
2024-07-20 12:18:11,256 INFO:Checking line: (((A9&&A4)&&(A10&&A0))||!A2)&&!A12 with index: 1
2024-07-20 12:18:11,256 DEBUG:Removing element: (((A9&&A4)&&(A10&&A0))||!A2)&&!A12
2024-07-20 12:18:11,256 DEBUG:B with 2 elements = ['((A15||A7)&&((A2||A5)&&A10))&&!A11', 'A8&&!A5']
2024-07-20 12:18:11,273 DEBUG:MiniSat result: SAT. Therefore, A0&&!A0 is not in Cn(['((A15||A7)&&((A2||A5)&&A10))&&!A11', 'A8&&!A5'])
2024-07-20 12:18:11,273 INFO:Checking line: A8&&!A5 with index: 2
2024-07-20 12:18:11,273 DEBUG:Removing element: A8&&!A5
2024-07-20 12:18:11,273 DEBUG:B with 2 elements = ['((A15||A7)&&((A2||A5)&&A10))&&!A11', '(((A9&&A4)&&(A10&&A0))||!A2)&&!A12']
2024-07-20 12:18:11,290 DEBUG:MiniSat result: SAT. Therefore, A0&&!A0 is not in Cn(['((A15||A7)&&((A2||A5)&&A10))&&!A11', '(((A9&&A4)&&(A10&&A0))||!A2)&&!A12'])
2024-07-20 12:18:11,290 INFO:Kernel output with 3 elements: ['((A15||A7)&&((A2||A5)&&A10))&&!A11', '(((A9&&A4)&&(A10&&A0))||!A2)&&!A12', 'A8&&!A5']
2024-07-20 12:18:11,290 INFO:KERNEL BLACKBOX FINISHED
2024-07-20 12:18:11,290 DEBUG:Dataset shrunk using basic shrink: ['((A15||A7)&&((A2||A5)&&A10))&&!A11', '(((A9&&A4)&&(A10&&A0))||!A2)&&!A12', 'A8&&!A5']
2024-07-20 12:18:11,309 DEBUG:MiniSat result: UNSAT. Therefore, A0&&!A0 is in Cn(['(A6||(A5&&A5))||(A13&&A9)', '(!A4||(A7||A4))&&(!A12||(A4&&A3))', '!(A16&&A3)||A9', 'A14&&A3', '!(A3&&A15)', '!(A13&&A3)', '((!A12||(A6||A8))&&A8)&&!A4', '((A15||A7)&&((A2||A5)&&A10))&&!A11', '(A19||A13)||A10', 'A5', '(((A9&&A4)&&(A10&&A0))||!A2)&&!A12', 'A8&&!A5', '!A19&&A14', 'A0&&!A8', '!(A6||A18)||(A14||(A1&&A7))', 'A14&&!(!A1||A16)', 'A11||A5', '!A7&&!(!A19)', 'A14||(A9&&A3)', '(A2||A11)||((A11||A4)&&(A6&&A6))', '(!A0&&!A7)||A16', '!(A2||A8)||A15', '!(A13&&!(A15||A6))', 'A12&&(!A1&&A3)'])
2024-07-20 12:18:11,309 DEBUG:Finding kernel for dataset with 24 elements: ['(A6||(A5&&A5))||(A13&&A9)', '(!A4||(A7||A4))&&(!A12||(A4&&A3))', '!(A16&&A3)||A9', 'A14&&A3', '!(A3&&A15)', '!(A13&&A3)', '((!A12||(A6||A8))&&A8)&&!A4', '((A15||A7)&&((A2||A5)&&A10))&&!A11', '(A19||A13)||A10', 'A5', '(((A9&&A4)&&(A10&&A0))||!A2)&&!A12', 'A8&&!A5', '!A19&&A14', 'A0&&!A8', '!(A6||A18)||(A14||(A1&&A7))', 'A14&&!(!A1||A16)', 'A11||A5', '!A7&&!(!A19)', 'A14||(A9&&A3)', '(A2||A11)||((A11||A4)&&(A6&&A6))', '(!A0&&!A7)||A16', '!(A2||A8)||A15', '!(A13&&!(A15||A6))', 'A12&&(!A1&&A3)']
2024-07-20 12:18:11,309 INFO:24 ELEMENTS: ['(A6||(A5&&A5))||(A13&&A9)', '(!A4||(A7||A4))&&(!A12||(A4&&A3))', '!(A16&&A3)||A9', 'A14&&A3', '!(A3&&A15)', '!(A13&&A3)', '((!A12||(A6||A8))&&A8)&&!A4', '((A15||A7)&&((A2||A5)&&A10))&&!A11', '(A19||A13)||A10', 'A5', '(((A9&&A4)&&(A10&&A0))||!A2)&&!A12', 'A8&&!A5', '!A19&&A14', 'A0&&!A8', '!(A6||A18)||(A14||(A1&&A7))', 'A14&&!(!A1||A16)', 'A11||A5', '!A7&&!(!A19)', 'A14||(A9&&A3)', '(A2||A11)||((A11||A4)&&(A6&&A6))', '(!A0&&!A7)||A16', '!(A2||A8)||A15', '!(A13&&!(A15||A6))', 'A12&&(!A1&&A3)']
2024-07-20 12:18:11,309 DEBUG:B_PRIME with 1 elements: ['(A6||(A5&&A5))||(A13&&A9)']
2024-07-20 12:18:11,326 DEBUG:MiniSat result: SAT. Therefore, A0&&!A0 is not in Cn(['(A6||(A5&&A5))||(A13&&A9)'])
2024-07-20 12:18:11,326 DEBUG:B_PRIME with 2 elements: ['(A6||(A5&&A5))||(A13&&A9)', '(!A4||(A7||A4))&&(!A12||(A4&&A3))']
2024-07-20 12:18:11,344 DEBUG:MiniSat result: SAT. Therefore, A0&&!A0 is not in Cn(['(A6||(A5&&A5))||(A13&&A9)', '(!A4||(A7||A4))&&(!A12||(A4&&A3))'])
2024-07-20 12:18:11,344 DEBUG:B_PRIME with 3 elements: ['(A6||(A5&&A5))||(A13&&A9)', '(!A4||(A7||A4))&&(!A12||(A4&&A3))', '!(A16&&A3)||A9']
2024-07-20 12:18:11,361 DEBUG:MiniSat result: SAT. Therefore, A0&&!A0 is not in Cn(['(A6||(A5&&A5))||(A13&&A9)', '(!A4||(A7||A4))&&(!A12||(A4&&A3))', '!(A16&&A3)||A9'])
2024-07-20 12:18:11,362 DEBUG:B_PRIME with 4 elements: ['(A6||(A5&&A5))||(A13&&A9)', '(!A4||(A7||A4))&&(!A12||(A4&&A3))', '!(A16&&A3)||A9', 'A14&&A3']
2024-07-20 12:18:11,379 DEBUG:MiniSat result: SAT. Therefore, A0&&!A0 is not in Cn(['(A6||(A5&&A5))||(A13&&A9)', '(!A4||(A7||A4))&&(!A12||(A4&&A3))', '!(A16&&A3)||A9', 'A14&&A3'])
2024-07-20 12:18:11,379 DEBUG:B_PRIME with 5 elements: ['(A6||(A5&&A5))||(A13&&A9)', '(!A4||(A7||A4))&&(!A12||(A4&&A3))', '!(A16&&A3)||A9', 'A14&&A3', '!(A3&&A15)']
2024-07-20 12:18:11,396 DEBUG:MiniSat result: SAT. Therefore, A0&&!A0 is not in Cn(['(A6||(A5&&A5))||(A13&&A9)', '(!A4||(A7||A4))&&(!A12||(A4&&A3))', '!(A16&&A3)||A9', 'A14&&A3', '!(A3&&A15)'])
2024-07-20 12:18:11,396 DEBUG:B_PRIME with 6 elements: ['(A6||(A5&&A5))||(A13&&A9)', '(!A4||(A7||A4))&&(!A12||(A4&&A3))', '!(A16&&A3)||A9', 'A14&&A3', '!(A3&&A15)', '!(A13&&A3)']
2024-07-20 12:18:11,419 DEBUG:MiniSat result: SAT. Therefore, A0&&!A0 is not in Cn(['(A6||(A5&&A5))||(A13&&A9)', '(!A4||(A7||A4))&&(!A12||(A4&&A3))', '!(A16&&A3)||A9', 'A14&&A3', '!(A3&&A15)', '!(A13&&A3)'])
2024-07-20 12:18:11,419 DEBUG:B_PRIME with 7 elements: ['(A6||(A5&&A5))||(A13&&A9)', '(!A4||(A7||A4))&&(!A12||(A4&&A3))', '!(A16&&A3)||A9', 'A14&&A3', '!(A3&&A15)', '!(A13&&A3)', '((!A12||(A6||A8))&&A8)&&!A4']
2024-07-20 12:18:11,436 DEBUG:MiniSat result: SAT. Therefore, A0&&!A0 is not in Cn(['(A6||(A5&&A5))||(A13&&A9)', '(!A4||(A7||A4))&&(!A12||(A4&&A3))', '!(A16&&A3)||A9', 'A14&&A3', '!(A3&&A15)', '!(A13&&A3)', '((!A12||(A6||A8))&&A8)&&!A4'])
2024-07-20 12:18:11,436 DEBUG:B_PRIME with 8 elements: ['(A6||(A5&&A5))||(A13&&A9)', '(!A4||(A7||A4))&&(!A12||(A4&&A3))', '!(A16&&A3)||A9', 'A14&&A3', '!(A3&&A15)', '!(A13&&A3)', '((!A12||(A6||A8))&&A8)&&!A4', '((A15||A7)&&((A2||A5)&&A10))&&!A11']
2024-07-20 12:18:11,454 DEBUG:MiniSat result: SAT. Therefore, A0&&!A0 is not in Cn(['(A6||(A5&&A5))||(A13&&A9)', '(!A4||(A7||A4))&&(!A12||(A4&&A3))', '!(A16&&A3)||A9', 'A14&&A3', '!(A3&&A15)', '!(A13&&A3)', '((!A12||(A6||A8))&&A8)&&!A4', '((A15||A7)&&((A2||A5)&&A10))&&!A11'])
2024-07-20 12:18:11,454 DEBUG:B_PRIME with 9 elements: ['(A6||(A5&&A5))||(A13&&A9)', '(!A4||(A7||A4))&&(!A12||(A4&&A3))', '!(A16&&A3)||A9', 'A14&&A3', '!(A3&&A15)', '!(A13&&A3)', '((!A12||(A6||A8))&&A8)&&!A4', '((A15||A7)&&((A2||A5)&&A10))&&!A11', '(A19||A13)||A10']
2024-07-20 12:18:11,472 DEBUG:MiniSat result: SAT. Therefore, A0&&!A0 is not in Cn(['(A6||(A5&&A5))||(A13&&A9)', '(!A4||(A7||A4))&&(!A12||(A4&&A3))', '!(A16&&A3)||A9', 'A14&&A3', '!(A3&&A15)', '!(A13&&A3)', '((!A12||(A6||A8))&&A8)&&!A4', '((A15||A7)&&((A2||A5)&&A10))&&!A11', '(A19||A13)||A10'])
2024-07-20 12:18:11,472 DEBUG:B_PRIME with 10 elements: ['(A6||(A5&&A5))||(A13&&A9)', '(!A4||(A7||A4))&&(!A12||(A4&&A3))', '!(A16&&A3)||A9', 'A14&&A3', '!(A3&&A15)', '!(A13&&A3)', '((!A12||(A6||A8))&&A8)&&!A4', '((A15||A7)&&((A2||A5)&&A10))&&!A11', '(A19||A13)||A10', 'A5']
2024-07-20 12:18:11,489 DEBUG:MiniSat result: SAT. Therefore, A0&&!A0 is not in Cn(['(A6||(A5&&A5))||(A13&&A9)', '(!A4||(A7||A4))&&(!A12||(A4&&A3))', '!(A16&&A3)||A9', 'A14&&A3', '!(A3&&A15)', '!(A13&&A3)', '((!A12||(A6||A8))&&A8)&&!A4', '((A15||A7)&&((A2||A5)&&A10))&&!A11', '(A19||A13)||A10', 'A5'])
2024-07-20 12:18:11,489 DEBUG:B_PRIME with 11 elements: ['(A6||(A5&&A5))||(A13&&A9)', '(!A4||(A7||A4))&&(!A12||(A4&&A3))', '!(A16&&A3)||A9', 'A14&&A3', '!(A3&&A15)', '!(A13&&A3)', '((!A12||(A6||A8))&&A8)&&!A4', '((A15||A7)&&((A2||A5)&&A10))&&!A11', '(A19||A13)||A10', 'A5', '(((A9&&A4)&&(A10&&A0))||!A2)&&!A12']
2024-07-20 12:18:11,507 DEBUG:MiniSat result: SAT. Therefore, A0&&!A0 is not in Cn(['(A6||(A5&&A5))||(A13&&A9)', '(!A4||(A7||A4))&&(!A12||(A4&&A3))', '!(A16&&A3)||A9', 'A14&&A3', '!(A3&&A15)', '!(A13&&A3)', '((!A12||(A6||A8))&&A8)&&!A4', '((A15||A7)&&((A2||A5)&&A10))&&!A11', '(A19||A13)||A10', 'A5', '(((A9&&A4)&&(A10&&A0))||!A2)&&!A12'])
2024-07-20 12:18:11,507 DEBUG:B_PRIME with 12 elements: ['(A6||(A5&&A5))||(A13&&A9)', '(!A4||(A7||A4))&&(!A12||(A4&&A3))', '!(A16&&A3)||A9', 'A14&&A3', '!(A3&&A15)', '!(A13&&A3)', '((!A12||(A6||A8))&&A8)&&!A4', '((A15||A7)&&((A2||A5)&&A10))&&!A11', '(A19||A13)||A10', 'A5', '(((A9&&A4)&&(A10&&A0))||!A2)&&!A12', 'A8&&!A5']
2024-07-20 12:18:11,525 DEBUG:MiniSat result: UNSAT. Therefore, A0&&!A0 is in Cn(['(A6||(A5&&A5))||(A13&&A9)', '(!A4||(A7||A4))&&(!A12||(A4&&A3))', '!(A16&&A3)||A9', 'A14&&A3', '!(A3&&A15)', '!(A13&&A3)', '((!A12||(A6||A8))&&A8)&&!A4', '((A15||A7)&&((A2||A5)&&A10))&&!A11', '(A19||A13)||A10', 'A5', '(((A9&&A4)&&(A10&&A0))||!A2)&&!A12', 'A8&&!A5'])
2024-07-20 12:18:11,525 DEBUG:Dataset expanded using sliding window of size 1: ['(A6||(A5&&A5))||(A13&&A9)', '(!A4||(A7||A4))&&(!A12||(A4&&A3))', '!(A16&&A3)||A9', 'A14&&A3', '!(A3&&A15)', '!(A13&&A3)', '((!A12||(A6||A8))&&A8)&&!A4', '((A15||A7)&&((A2||A5)&&A10))&&!A11', '(A19||A13)||A10', 'A5', '(((A9&&A4)&&(A10&&A0))||!A2)&&!A12', 'A8&&!A5']
2024-07-20 12:18:11,525 INFO:Checking line: (A6||(A5&&A5))||(A13&&A9) with index: 0
2024-07-20 12:18:11,525 DEBUG:Removing element: (A6||(A5&&A5))||(A13&&A9)
2024-07-20 12:18:11,525 DEBUG:B with 11 elements = ['(!A4||(A7||A4))&&(!A12||(A4&&A3))', '!(A16&&A3)||A9', 'A14&&A3', '!(A3&&A15)', '!(A13&&A3)', '((!A12||(A6||A8))&&A8)&&!A4', '((A15||A7)&&((A2||A5)&&A10))&&!A11', '(A19||A13)||A10', 'A5', '(((A9&&A4)&&(A10&&A0))||!A2)&&!A12', 'A8&&!A5']
2024-07-20 12:18:11,542 DEBUG:MiniSat result: UNSAT. Therefore, A0&&!A0 is in Cn(['(!A4||(A7||A4))&&(!A12||(A4&&A3))', '!(A16&&A3)||A9', 'A14&&A3', '!(A3&&A15)', '!(A13&&A3)', '((!A12||(A6||A8))&&A8)&&!A4', '((A15||A7)&&((A2||A5)&&A10))&&!A11', '(A19||A13)||A10', 'A5', '(((A9&&A4)&&(A10&&A0))||!A2)&&!A12', 'A8&&!A5'])
2024-07-20 12:18:11,542 INFO:SHRINK: CN = TRUE, removing: (A6||(A5&&A5))||(A13&&A9)
2024-07-20 12:18:11,542 DEBUG:CONTINUE SHRINKING WITH 11 elements : ['(!A4||(A7||A4))&&(!A12||(A4&&A3))', '!(A16&&A3)||A9', 'A14&&A3', '!(A3&&A15)', '!(A13&&A3)', '((!A12||(A6||A8))&&A8)&&!A4', '((A15||A7)&&((A2||A5)&&A10))&&!A11', '(A19||A13)||A10', 'A5', '(((A9&&A4)&&(A10&&A0))||!A2)&&!A12', 'A8&&!A5']
2024-07-20 12:18:11,542 INFO:Checking line: (!A4||(A7||A4))&&(!A12||(A4&&A3)) with index: 0
2024-07-20 12:18:11,542 DEBUG:Removing element: (!A4||(A7||A4))&&(!A12||(A4&&A3))
2024-07-20 12:18:11,542 DEBUG:B with 10 elements = ['!(A16&&A3)||A9', 'A14&&A3', '!(A3&&A15)', '!(A13&&A3)', '((!A12||(A6||A8))&&A8)&&!A4', '((A15||A7)&&((A2||A5)&&A10))&&!A11', '(A19||A13)||A10', 'A5', '(((A9&&A4)&&(A10&&A0))||!A2)&&!A12', 'A8&&!A5']
2024-07-20 12:18:11,560 DEBUG:MiniSat result: UNSAT. Therefore, A0&&!A0 is in Cn(['!(A16&&A3)||A9', 'A14&&A3', '!(A3&&A15)', '!(A13&&A3)', '((!A12||(A6||A8))&&A8)&&!A4', '((A15||A7)&&((A2||A5)&&A10))&&!A11', '(A19||A13)||A10', 'A5', '(((A9&&A4)&&(A10&&A0))||!A2)&&!A12', 'A8&&!A5'])
2024-07-20 12:18:11,560 INFO:SHRINK: CN = TRUE, removing: (!A4||(A7||A4))&&(!A12||(A4&&A3))
2024-07-20 12:18:11,560 DEBUG:CONTINUE SHRINKING WITH 10 elements : ['!(A16&&A3)||A9', 'A14&&A3', '!(A3&&A15)', '!(A13&&A3)', '((!A12||(A6||A8))&&A8)&&!A4', '((A15||A7)&&((A2||A5)&&A10))&&!A11', '(A19||A13)||A10', 'A5', '(((A9&&A4)&&(A10&&A0))||!A2)&&!A12', 'A8&&!A5']
2024-07-20 12:18:11,560 INFO:Checking line: !(A16&&A3)||A9 with index: 0
2024-07-20 12:18:11,560 DEBUG:Removing element: !(A16&&A3)||A9
2024-07-20 12:18:11,560 DEBUG:B with 9 elements = ['A14&&A3', '!(A3&&A15)', '!(A13&&A3)', '((!A12||(A6||A8))&&A8)&&!A4', '((A15||A7)&&((A2||A5)&&A10))&&!A11', '(A19||A13)||A10', 'A5', '(((A9&&A4)&&(A10&&A0))||!A2)&&!A12', 'A8&&!A5']
2024-07-20 12:18:11,586 DEBUG:MiniSat result: UNSAT. Therefore, A0&&!A0 is in Cn(['A14&&A3', '!(A3&&A15)', '!(A13&&A3)', '((!A12||(A6||A8))&&A8)&&!A4', '((A15||A7)&&((A2||A5)&&A10))&&!A11', '(A19||A13)||A10', 'A5', '(((A9&&A4)&&(A10&&A0))||!A2)&&!A12', 'A8&&!A5'])
2024-07-20 12:18:11,586 INFO:SHRINK: CN = TRUE, removing: !(A16&&A3)||A9
2024-07-20 12:18:11,586 DEBUG:CONTINUE SHRINKING WITH 9 elements : ['A14&&A3', '!(A3&&A15)', '!(A13&&A3)', '((!A12||(A6||A8))&&A8)&&!A4', '((A15||A7)&&((A2||A5)&&A10))&&!A11', '(A19||A13)||A10', 'A5', '(((A9&&A4)&&(A10&&A0))||!A2)&&!A12', 'A8&&!A5']
2024-07-20 12:18:11,587 INFO:Checking line: A14&&A3 with index: 0
2024-07-20 12:18:11,587 DEBUG:Removing element: A14&&A3
2024-07-20 12:18:11,587 DEBUG:B with 8 elements = ['!(A3&&A15)', '!(A13&&A3)', '((!A12||(A6||A8))&&A8)&&!A4', '((A15||A7)&&((A2||A5)&&A10))&&!A11', '(A19||A13)||A10', 'A5', '(((A9&&A4)&&(A10&&A0))||!A2)&&!A12', 'A8&&!A5']
2024-07-20 12:18:11,606 DEBUG:MiniSat result: UNSAT. Therefore, A0&&!A0 is in Cn(['!(A3&&A15)', '!(A13&&A3)', '((!A12||(A6||A8))&&A8)&&!A4', '((A15||A7)&&((A2||A5)&&A10))&&!A11', '(A19||A13)||A10', 'A5', '(((A9&&A4)&&(A10&&A0))||!A2)&&!A12', 'A8&&!A5'])
2024-07-20 12:18:11,606 INFO:SHRINK: CN = TRUE, removing: A14&&A3
2024-07-20 12:18:11,606 DEBUG:CONTINUE SHRINKING WITH 8 elements : ['!(A3&&A15)', '!(A13&&A3)', '((!A12||(A6||A8))&&A8)&&!A4', '((A15||A7)&&((A2||A5)&&A10))&&!A11', '(A19||A13)||A10', 'A5', '(((A9&&A4)&&(A10&&A0))||!A2)&&!A12', 'A8&&!A5']
2024-07-20 12:18:11,606 INFO:Checking line: !(A3&&A15) with index: 0
2024-07-20 12:18:11,606 DEBUG:Removing element: !(A3&&A15)
2024-07-20 12:18:11,606 DEBUG:B with 7 elements = ['!(A13&&A3)', '((!A12||(A6||A8))&&A8)&&!A4', '((A15||A7)&&((A2||A5)&&A10))&&!A11', '(A19||A13)||A10', 'A5', '(((A9&&A4)&&(A10&&A0))||!A2)&&!A12', 'A8&&!A5']
2024-07-20 12:18:11,628 DEBUG:MiniSat result: UNSAT. Therefore, A0&&!A0 is in Cn(['!(A13&&A3)', '((!A12||(A6||A8))&&A8)&&!A4', '((A15||A7)&&((A2||A5)&&A10))&&!A11', '(A19||A13)||A10', 'A5', '(((A9&&A4)&&(A10&&A0))||!A2)&&!A12', 'A8&&!A5'])
2024-07-20 12:18:11,628 INFO:SHRINK: CN = TRUE, removing: !(A3&&A15)
2024-07-20 12:18:11,628 DEBUG:CONTINUE SHRINKING WITH 7 elements : ['!(A13&&A3)', '((!A12||(A6||A8))&&A8)&&!A4', '((A15||A7)&&((A2||A5)&&A10))&&!A11', '(A19||A13)||A10', 'A5', '(((A9&&A4)&&(A10&&A0))||!A2)&&!A12', 'A8&&!A5']
2024-07-20 12:18:11,628 INFO:Checking line: !(A13&&A3) with index: 0
2024-07-20 12:18:11,628 DEBUG:Removing element: !(A13&&A3)
2024-07-20 12:18:11,628 DEBUG:B with 6 elements = ['((!A12||(A6||A8))&&A8)&&!A4', '((A15||A7)&&((A2||A5)&&A10))&&!A11', '(A19||A13)||A10', 'A5', '(((A9&&A4)&&(A10&&A0))||!A2)&&!A12', 'A8&&!A5']
2024-07-20 12:18:11,648 DEBUG:MiniSat result: UNSAT. Therefore, A0&&!A0 is in Cn(['((!A12||(A6||A8))&&A8)&&!A4', '((A15||A7)&&((A2||A5)&&A10))&&!A11', '(A19||A13)||A10', 'A5', '(((A9&&A4)&&(A10&&A0))||!A2)&&!A12', 'A8&&!A5'])
2024-07-20 12:18:11,648 INFO:SHRINK: CN = TRUE, removing: !(A13&&A3)
2024-07-20 12:18:11,648 DEBUG:CONTINUE SHRINKING WITH 6 elements : ['((!A12||(A6||A8))&&A8)&&!A4', '((A15||A7)&&((A2||A5)&&A10))&&!A11', '(A19||A13)||A10', 'A5', '(((A9&&A4)&&(A10&&A0))||!A2)&&!A12', 'A8&&!A5']
2024-07-20 12:18:11,648 INFO:Checking line: ((!A12||(A6||A8))&&A8)&&!A4 with index: 0
2024-07-20 12:18:11,648 DEBUG:Removing element: ((!A12||(A6||A8))&&A8)&&!A4
2024-07-20 12:18:11,648 DEBUG:B with 5 elements = ['((A15||A7)&&((A2||A5)&&A10))&&!A11', '(A19||A13)||A10', 'A5', '(((A9&&A4)&&(A10&&A0))||!A2)&&!A12', 'A8&&!A5']
2024-07-20 12:18:11,668 DEBUG:MiniSat result: UNSAT. Therefore, A0&&!A0 is in Cn(['((A15||A7)&&((A2||A5)&&A10))&&!A11', '(A19||A13)||A10', 'A5', '(((A9&&A4)&&(A10&&A0))||!A2)&&!A12', 'A8&&!A5'])
2024-07-20 12:18:11,668 INFO:SHRINK: CN = TRUE, removing: ((!A12||(A6||A8))&&A8)&&!A4
2024-07-20 12:18:11,668 DEBUG:CONTINUE SHRINKING WITH 5 elements : ['((A15||A7)&&((A2||A5)&&A10))&&!A11', '(A19||A13)||A10', 'A5', '(((A9&&A4)&&(A10&&A0))||!A2)&&!A12', 'A8&&!A5']
2024-07-20 12:18:11,668 INFO:Checking line: ((A15||A7)&&((A2||A5)&&A10))&&!A11 with index: 0
2024-07-20 12:18:11,669 DEBUG:Removing element: ((A15||A7)&&((A2||A5)&&A10))&&!A11
2024-07-20 12:18:11,669 DEBUG:B with 4 elements = ['(A19||A13)||A10', 'A5', '(((A9&&A4)&&(A10&&A0))||!A2)&&!A12', 'A8&&!A5']
2024-07-20 12:18:11,689 DEBUG:MiniSat result: UNSAT. Therefore, A0&&!A0 is in Cn(['(A19||A13)||A10', 'A5', '(((A9&&A4)&&(A10&&A0))||!A2)&&!A12', 'A8&&!A5'])
2024-07-20 12:18:11,689 INFO:SHRINK: CN = TRUE, removing: ((A15||A7)&&((A2||A5)&&A10))&&!A11
2024-07-20 12:18:11,689 DEBUG:CONTINUE SHRINKING WITH 4 elements : ['(A19||A13)||A10', 'A5', '(((A9&&A4)&&(A10&&A0))||!A2)&&!A12', 'A8&&!A5']
2024-07-20 12:18:11,689 INFO:Checking line: (A19||A13)||A10 with index: 0
2024-07-20 12:18:11,689 DEBUG:Removing element: (A19||A13)||A10
2024-07-20 12:18:11,689 DEBUG:B with 3 elements = ['A5', '(((A9&&A4)&&(A10&&A0))||!A2)&&!A12', 'A8&&!A5']
2024-07-20 12:18:11,708 DEBUG:MiniSat result: UNSAT. Therefore, A0&&!A0 is in Cn(['A5', '(((A9&&A4)&&(A10&&A0))||!A2)&&!A12', 'A8&&!A5'])
2024-07-20 12:18:11,708 INFO:SHRINK: CN = TRUE, removing: (A19||A13)||A10
2024-07-20 12:18:11,708 DEBUG:CONTINUE SHRINKING WITH 3 elements : ['A5', '(((A9&&A4)&&(A10&&A0))||!A2)&&!A12', 'A8&&!A5']
2024-07-20 12:18:11,708 INFO:Checking line: A5 with index: 0
2024-07-20 12:18:11,708 DEBUG:Removing element: A5
2024-07-20 12:18:11,708 DEBUG:B with 2 elements = ['(((A9&&A4)&&(A10&&A0))||!A2)&&!A12', 'A8&&!A5']
2024-07-20 12:18:11,730 DEBUG:MiniSat result: SAT. Therefore, A0&&!A0 is not in Cn(['(((A9&&A4)&&(A10&&A0))||!A2)&&!A12', 'A8&&!A5'])
2024-07-20 12:18:11,730 INFO:Checking line: (((A9&&A4)&&(A10&&A0))||!A2)&&!A12 with index: 1
2024-07-20 12:18:11,730 DEBUG:Removing element: (((A9&&A4)&&(A10&&A0))||!A2)&&!A12
2024-07-20 12:18:11,730 DEBUG:B with 2 elements = ['A5', 'A8&&!A5']
2024-07-20 12:18:11,751 DEBUG:MiniSat result: UNSAT. Therefore, A0&&!A0 is in Cn(['A5', 'A8&&!A5'])
2024-07-20 12:18:11,751 INFO:SHRINK: CN = TRUE, removing: (((A9&&A4)&&(A10&&A0))||!A2)&&!A12
2024-07-20 12:18:11,751 DEBUG:CONTINUE SHRINKING WITH 2 elements : ['A5', 'A8&&!A5']
2024-07-20 12:18:11,751 INFO:Checking line: A8&&!A5 with index: 1
2024-07-20 12:18:11,751 DEBUG:Removing element: A8&&!A5
2024-07-20 12:18:11,751 DEBUG:B with 1 elements = ['A5']
2024-07-20 12:18:11,784 DEBUG:MiniSat result: SAT. Therefore, A0&&!A0 is not in Cn(['A5'])
2024-07-20 12:18:11,785 INFO:Kernel output with 2 elements: ['A5', 'A8&&!A5']
2024-07-20 12:18:11,785 INFO:KERNEL BLACKBOX FINISHED
2024-07-20 12:18:11,785 DEBUG:Dataset shrunk using basic shrink: ['A5', 'A8&&!A5']
2024-07-20 12:18:11,808 DEBUG:MiniSat result: UNSAT. Therefore, A0&&!A0 is in Cn(['(A6||(A5&&A5))||(A13&&A9)', '(!A4||(A7||A4))&&(!A12||(A4&&A3))', '!(A16&&A3)||A9', '!(A3&&A15)', '!(A13&&A3)', '((!A12||(A6||A8))&&A8)&&!A4', '(!A3&&!(A6||A19))&&(!A14||(A7||A14))', '(A19||A13)||A10', '!(!A13&&A14)&&A18', '(((A9&&A4)&&(A10&&A0))||!A2)&&!A12', 'A8&&!A5', '!A19&&A14', 'A0&&!A8', '!(A6||A18)||(A14||(A1&&A7))', 'A14&&!(!A1||A16)', 'A11||A5', '!A7&&!(!A19)', 'A14||(A9&&A3)', '(A2||A11)||((A11||A4)&&(A6&&A6))', '(!A0&&!A7)||A16', '!(A2||A8)||A15', '!(A13&&!(A15||A6))', 'A12&&(!A1&&A3)'])
2024-07-20 12:18:11,808 DEBUG:Finding kernel for dataset with 23 elements: ['(A6||(A5&&A5))||(A13&&A9)', '(!A4||(A7||A4))&&(!A12||(A4&&A3))', '!(A16&&A3)||A9', '!(A3&&A15)', '!(A13&&A3)', '((!A12||(A6||A8))&&A8)&&!A4', '(!A3&&!(A6||A19))&&(!A14||(A7||A14))', '(A19||A13)||A10', '!(!A13&&A14)&&A18', '(((A9&&A4)&&(A10&&A0))||!A2)&&!A12', 'A8&&!A5', '!A19&&A14', 'A0&&!A8', '!(A6||A18)||(A14||(A1&&A7))', 'A14&&!(!A1||A16)', 'A11||A5', '!A7&&!(!A19)', 'A14||(A9&&A3)', '(A2||A11)||((A11||A4)&&(A6&&A6))', '(!A0&&!A7)||A16', '!(A2||A8)||A15', '!(A13&&!(A15||A6))', 'A12&&(!A1&&A3)']
2024-07-20 12:18:11,808 INFO:23 ELEMENTS: ['(A6||(A5&&A5))||(A13&&A9)', '(!A4||(A7||A4))&&(!A12||(A4&&A3))', '!(A16&&A3)||A9', '!(A3&&A15)', '!(A13&&A3)', '((!A12||(A6||A8))&&A8)&&!A4', '(!A3&&!(A6||A19))&&(!A14||(A7||A14))', '(A19||A13)||A10', '!(!A13&&A14)&&A18', '(((A9&&A4)&&(A10&&A0))||!A2)&&!A12', 'A8&&!A5', '!A19&&A14', 'A0&&!A8', '!(A6||A18)||(A14||(A1&&A7))', 'A14&&!(!A1||A16)', 'A11||A5', '!A7&&!(!A19)', 'A14||(A9&&A3)', '(A2||A11)||((A11||A4)&&(A6&&A6))', '(!A0&&!A7)||A16', '!(A2||A8)||A15', '!(A13&&!(A15||A6))', 'A12&&(!A1&&A3)']
2024-07-20 12:18:11,808 DEBUG:B_PRIME with 1 elements: ['(A6||(A5&&A5))||(A13&&A9)']
2024-07-20 12:18:11,828 DEBUG:MiniSat result: SAT. Therefore, A0&&!A0 is not in Cn(['(A6||(A5&&A5))||(A13&&A9)'])
2024-07-20 12:18:11,828 DEBUG:B_PRIME with 2 elements: ['(A6||(A5&&A5))||(A13&&A9)', '(!A4||(A7||A4))&&(!A12||(A4&&A3))']
2024-07-20 12:18:11,846 DEBUG:MiniSat result: SAT. Therefore, A0&&!A0 is not in Cn(['(A6||(A5&&A5))||(A13&&A9)', '(!A4||(A7||A4))&&(!A12||(A4&&A3))'])
2024-07-20 12:18:11,846 DEBUG:B_PRIME with 3 elements: ['(A6||(A5&&A5))||(A13&&A9)', '(!A4||(A7||A4))&&(!A12||(A4&&A3))', '!(A16&&A3)||A9']
2024-07-20 12:18:11,870 DEBUG:MiniSat result: SAT. Therefore, A0&&!A0 is not in Cn(['(A6||(A5&&A5))||(A13&&A9)', '(!A4||(A7||A4))&&(!A12||(A4&&A3))', '!(A16&&A3)||A9'])
2024-07-20 12:18:11,870 DEBUG:B_PRIME with 4 elements: ['(A6||(A5&&A5))||(A13&&A9)', '(!A4||(A7||A4))&&(!A12||(A4&&A3))', '!(A16&&A3)||A9', '!(A3&&A15)']
2024-07-20 12:18:11,890 DEBUG:MiniSat result: SAT. Therefore, A0&&!A0 is not in Cn(['(A6||(A5&&A5))||(A13&&A9)', '(!A4||(A7||A4))&&(!A12||(A4&&A3))', '!(A16&&A3)||A9', '!(A3&&A15)'])
2024-07-20 12:18:11,890 DEBUG:B_PRIME with 5 elements: ['(A6||(A5&&A5))||(A13&&A9)', '(!A4||(A7||A4))&&(!A12||(A4&&A3))', '!(A16&&A3)||A9', '!(A3&&A15)', '!(A13&&A3)']
2024-07-20 12:18:11,912 DEBUG:MiniSat result: SAT. Therefore, A0&&!A0 is not in Cn(['(A6||(A5&&A5))||(A13&&A9)', '(!A4||(A7||A4))&&(!A12||(A4&&A3))', '!(A16&&A3)||A9', '!(A3&&A15)', '!(A13&&A3)'])
2024-07-20 12:18:11,912 DEBUG:B_PRIME with 6 elements: ['(A6||(A5&&A5))||(A13&&A9)', '(!A4||(A7||A4))&&(!A12||(A4&&A3))', '!(A16&&A3)||A9', '!(A3&&A15)', '!(A13&&A3)', '((!A12||(A6||A8))&&A8)&&!A4']
2024-07-20 12:18:11,930 DEBUG:MiniSat result: SAT. Therefore, A0&&!A0 is not in Cn(['(A6||(A5&&A5))||(A13&&A9)', '(!A4||(A7||A4))&&(!A12||(A4&&A3))', '!(A16&&A3)||A9', '!(A3&&A15)', '!(A13&&A3)', '((!A12||(A6||A8))&&A8)&&!A4'])
2024-07-20 12:18:11,930 DEBUG:B_PRIME with 7 elements: ['(A6||(A5&&A5))||(A13&&A9)', '(!A4||(A7||A4))&&(!A12||(A4&&A3))', '!(A16&&A3)||A9', '!(A3&&A15)', '!(A13&&A3)', '((!A12||(A6||A8))&&A8)&&!A4', '(!A3&&!(A6||A19))&&(!A14||(A7||A14))']
2024-07-20 12:18:11,949 DEBUG:MiniSat result: SAT. Therefore, A0&&!A0 is not in Cn(['(A6||(A5&&A5))||(A13&&A9)', '(!A4||(A7||A4))&&(!A12||(A4&&A3))', '!(A16&&A3)||A9', '!(A3&&A15)', '!(A13&&A3)', '((!A12||(A6||A8))&&A8)&&!A4', '(!A3&&!(A6||A19))&&(!A14||(A7||A14))'])
2024-07-20 12:18:11,949 DEBUG:B_PRIME with 8 elements: ['(A6||(A5&&A5))||(A13&&A9)', '(!A4||(A7||A4))&&(!A12||(A4&&A3))', '!(A16&&A3)||A9', '!(A3&&A15)', '!(A13&&A3)', '((!A12||(A6||A8))&&A8)&&!A4', '(!A3&&!(A6||A19))&&(!A14||(A7||A14))', '(A19||A13)||A10']
2024-07-20 12:18:11,969 DEBUG:MiniSat result: SAT. Therefore, A0&&!A0 is not in Cn(['(A6||(A5&&A5))||(A13&&A9)', '(!A4||(A7||A4))&&(!A12||(A4&&A3))', '!(A16&&A3)||A9', '!(A3&&A15)', '!(A13&&A3)', '((!A12||(A6||A8))&&A8)&&!A4', '(!A3&&!(A6||A19))&&(!A14||(A7||A14))', '(A19||A13)||A10'])
2024-07-20 12:18:11,969 DEBUG:B_PRIME with 9 elements: ['(A6||(A5&&A5))||(A13&&A9)', '(!A4||(A7||A4))&&(!A12||(A4&&A3))', '!(A16&&A3)||A9', '!(A3&&A15)', '!(A13&&A3)', '((!A12||(A6||A8))&&A8)&&!A4', '(!A3&&!(A6||A19))&&(!A14||(A7||A14))', '(A19||A13)||A10', '!(!A13&&A14)&&A18']
2024-07-20 12:18:11,988 DEBUG:MiniSat result: SAT. Therefore, A0&&!A0 is not in Cn(['(A6||(A5&&A5))||(A13&&A9)', '(!A4||(A7||A4))&&(!A12||(A4&&A3))', '!(A16&&A3)||A9', '!(A3&&A15)', '!(A13&&A3)', '((!A12||(A6||A8))&&A8)&&!A4', '(!A3&&!(A6||A19))&&(!A14||(A7||A14))', '(A19||A13)||A10', '!(!A13&&A14)&&A18'])
2024-07-20 12:18:11,989 DEBUG:B_PRIME with 10 elements: ['(A6||(A5&&A5))||(A13&&A9)', '(!A4||(A7||A4))&&(!A12||(A4&&A3))', '!(A16&&A3)||A9', '!(A3&&A15)', '!(A13&&A3)', '((!A12||(A6||A8))&&A8)&&!A4', '(!A3&&!(A6||A19))&&(!A14||(A7||A14))', '(A19||A13)||A10', '!(!A13&&A14)&&A18', '(((A9&&A4)&&(A10&&A0))||!A2)&&!A12']
2024-07-20 12:18:12,007 DEBUG:MiniSat result: SAT. Therefore, A0&&!A0 is not in Cn(['(A6||(A5&&A5))||(A13&&A9)', '(!A4||(A7||A4))&&(!A12||(A4&&A3))', '!(A16&&A3)||A9', '!(A3&&A15)', '!(A13&&A3)', '((!A12||(A6||A8))&&A8)&&!A4', '(!A3&&!(A6||A19))&&(!A14||(A7||A14))', '(A19||A13)||A10', '!(!A13&&A14)&&A18', '(((A9&&A4)&&(A10&&A0))||!A2)&&!A12'])
2024-07-20 12:18:12,008 DEBUG:B_PRIME with 11 elements: ['(A6||(A5&&A5))||(A13&&A9)', '(!A4||(A7||A4))&&(!A12||(A4&&A3))', '!(A16&&A3)||A9', '!(A3&&A15)', '!(A13&&A3)', '((!A12||(A6||A8))&&A8)&&!A4', '(!A3&&!(A6||A19))&&(!A14||(A7||A14))', '(A19||A13)||A10', '!(!A13&&A14)&&A18', '(((A9&&A4)&&(A10&&A0))||!A2)&&!A12', 'A8&&!A5']
2024-07-20 12:18:12,027 DEBUG:MiniSat result: SAT. Therefore, A0&&!A0 is not in Cn(['(A6||(A5&&A5))||(A13&&A9)', '(!A4||(A7||A4))&&(!A12||(A4&&A3))', '!(A16&&A3)||A9', '!(A3&&A15)', '!(A13&&A3)', '((!A12||(A6||A8))&&A8)&&!A4', '(!A3&&!(A6||A19))&&(!A14||(A7||A14))', '(A19||A13)||A10', '!(!A13&&A14)&&A18', '(((A9&&A4)&&(A10&&A0))||!A2)&&!A12', 'A8&&!A5'])
2024-07-20 12:18:12,027 DEBUG:B_PRIME with 12 elements: ['(A6||(A5&&A5))||(A13&&A9)', '(!A4||(A7||A4))&&(!A12||(A4&&A3))', '!(A16&&A3)||A9', '!(A3&&A15)', '!(A13&&A3)', '((!A12||(A6||A8))&&A8)&&!A4', '(!A3&&!(A6||A19))&&(!A14||(A7||A14))', '(A19||A13)||A10', '!(!A13&&A14)&&A18', '(((A9&&A4)&&(A10&&A0))||!A2)&&!A12', 'A8&&!A5', '!A19&&A14']
2024-07-20 12:18:12,045 DEBUG:MiniSat result: SAT. Therefore, A0&&!A0 is not in Cn(['(A6||(A5&&A5))||(A13&&A9)', '(!A4||(A7||A4))&&(!A12||(A4&&A3))', '!(A16&&A3)||A9', '!(A3&&A15)', '!(A13&&A3)', '((!A12||(A6||A8))&&A8)&&!A4', '(!A3&&!(A6||A19))&&(!A14||(A7||A14))', '(A19||A13)||A10', '!(!A13&&A14)&&A18', '(((A9&&A4)&&(A10&&A0))||!A2)&&!A12', 'A8&&!A5', '!A19&&A14'])
2024-07-20 12:18:12,045 DEBUG:B_PRIME with 13 elements: ['(A6||(A5&&A5))||(A13&&A9)', '(!A4||(A7||A4))&&(!A12||(A4&&A3))', '!(A16&&A3)||A9', '!(A3&&A15)', '!(A13&&A3)', '((!A12||(A6||A8))&&A8)&&!A4', '(!A3&&!(A6||A19))&&(!A14||(A7||A14))', '(A19||A13)||A10', '!(!A13&&A14)&&A18', '(((A9&&A4)&&(A10&&A0))||!A2)&&!A12', 'A8&&!A5', '!A19&&A14', 'A0&&!A8']
2024-07-20 12:18:12,063 DEBUG:MiniSat result: UNSAT. Therefore, A0&&!A0 is in Cn(['(A6||(A5&&A5))||(A13&&A9)', '(!A4||(A7||A4))&&(!A12||(A4&&A3))', '!(A16&&A3)||A9', '!(A3&&A15)', '!(A13&&A3)', '((!A12||(A6||A8))&&A8)&&!A4', '(!A3&&!(A6||A19))&&(!A14||(A7||A14))', '(A19||A13)||A10', '!(!A13&&A14)&&A18', '(((A9&&A4)&&(A10&&A0))||!A2)&&!A12', 'A8&&!A5', '!A19&&A14', 'A0&&!A8'])
2024-07-20 12:18:12,063 DEBUG:Dataset expanded using sliding window of size 1: ['(A6||(A5&&A5))||(A13&&A9)', '(!A4||(A7||A4))&&(!A12||(A4&&A3))', '!(A16&&A3)||A9', '!(A3&&A15)', '!(A13&&A3)', '((!A12||(A6||A8))&&A8)&&!A4', '(!A3&&!(A6||A19))&&(!A14||(A7||A14))', '(A19||A13)||A10', '!(!A13&&A14)&&A18', '(((A9&&A4)&&(A10&&A0))||!A2)&&!A12', 'A8&&!A5', '!A19&&A14', 'A0&&!A8']
2024-07-20 12:18:12,063 INFO:Checking line: (A6||(A5&&A5))||(A13&&A9) with index: 0
2024-07-20 12:18:12,063 DEBUG:Removing element: (A6||(A5&&A5))||(A13&&A9)
2024-07-20 12:18:12,063 DEBUG:B with 12 elements = ['(!A4||(A7||A4))&&(!A12||(A4&&A3))', '!(A16&&A3)||A9', '!(A3&&A15)', '!(A13&&A3)', '((!A12||(A6||A8))&&A8)&&!A4', '(!A3&&!(A6||A19))&&(!A14||(A7||A14))', '(A19||A13)||A10', '!(!A13&&A14)&&A18', '(((A9&&A4)&&(A10&&A0))||!A2)&&!A12', 'A8&&!A5', '!A19&&A14', 'A0&&!A8']
2024-07-20 12:18:12,081 DEBUG:MiniSat result: UNSAT. Therefore, A0&&!A0 is in Cn(['(!A4||(A7||A4))&&(!A12||(A4&&A3))', '!(A16&&A3)||A9', '!(A3&&A15)', '!(A13&&A3)', '((!A12||(A6||A8))&&A8)&&!A4', '(!A3&&!(A6||A19))&&(!A14||(A7||A14))', '(A19||A13)||A10', '!(!A13&&A14)&&A18', '(((A9&&A4)&&(A10&&A0))||!A2)&&!A12', 'A8&&!A5', '!A19&&A14', 'A0&&!A8'])
2024-07-20 12:18:12,081 INFO:SHRINK: CN = TRUE, removing: (A6||(A5&&A5))||(A13&&A9)
2024-07-20 12:18:12,081 DEBUG:CONTINUE SHRINKING WITH 12 elements : ['(!A4||(A7||A4))&&(!A12||(A4&&A3))', '!(A16&&A3)||A9', '!(A3&&A15)', '!(A13&&A3)', '((!A12||(A6||A8))&&A8)&&!A4', '(!A3&&!(A6||A19))&&(!A14||(A7||A14))', '(A19||A13)||A10', '!(!A13&&A14)&&A18', '(((A9&&A4)&&(A10&&A0))||!A2)&&!A12', 'A8&&!A5', '!A19&&A14', 'A0&&!A8']
2024-07-20 12:18:12,081 INFO:Checking line: (!A4||(A7||A4))&&(!A12||(A4&&A3)) with index: 0
2024-07-20 12:18:12,081 DEBUG:Removing element: (!A4||(A7||A4))&&(!A12||(A4&&A3))
2024-07-20 12:18:12,081 DEBUG:B with 11 elements = ['!(A16&&A3)||A9', '!(A3&&A15)', '!(A13&&A3)', '((!A12||(A6||A8))&&A8)&&!A4', '(!A3&&!(A6||A19))&&(!A14||(A7||A14))', '(A19||A13)||A10', '!(!A13&&A14)&&A18', '(((A9&&A4)&&(A10&&A0))||!A2)&&!A12', 'A8&&!A5', '!A19&&A14', 'A0&&!A8']
2024-07-20 12:18:12,100 DEBUG:MiniSat result: UNSAT. Therefore, A0&&!A0 is in Cn(['!(A16&&A3)||A9', '!(A3&&A15)', '!(A13&&A3)', '((!A12||(A6||A8))&&A8)&&!A4', '(!A3&&!(A6||A19))&&(!A14||(A7||A14))', '(A19||A13)||A10', '!(!A13&&A14)&&A18', '(((A9&&A4)&&(A10&&A0))||!A2)&&!A12', 'A8&&!A5', '!A19&&A14', 'A0&&!A8'])
2024-07-20 12:18:12,101 INFO:SHRINK: CN = TRUE, removing: (!A4||(A7||A4))&&(!A12||(A4&&A3))
2024-07-20 12:18:12,101 DEBUG:CONTINUE SHRINKING WITH 11 elements : ['!(A16&&A3)||A9', '!(A3&&A15)', '!(A13&&A3)', '((!A12||(A6||A8))&&A8)&&!A4', '(!A3&&!(A6||A19))&&(!A14||(A7||A14))', '(A19||A13)||A10', '!(!A13&&A14)&&A18', '(((A9&&A4)&&(A10&&A0))||!A2)&&!A12', 'A8&&!A5', '!A19&&A14', 'A0&&!A8']
2024-07-20 12:18:12,101 INFO:Checking line: !(A16&&A3)||A9 with index: 0
2024-07-20 12:18:12,101 DEBUG:Removing element: !(A16&&A3)||A9
2024-07-20 12:18:12,101 DEBUG:B with 10 elements = ['!(A3&&A15)', '!(A13&&A3)', '((!A12||(A6||A8))&&A8)&&!A4', '(!A3&&!(A6||A19))&&(!A14||(A7||A14))', '(A19||A13)||A10', '!(!A13&&A14)&&A18', '(((A9&&A4)&&(A10&&A0))||!A2)&&!A12', 'A8&&!A5', '!A19&&A14', 'A0&&!A8']
2024-07-20 12:18:12,121 DEBUG:MiniSat result: UNSAT. Therefore, A0&&!A0 is in Cn(['!(A3&&A15)', '!(A13&&A3)', '((!A12||(A6||A8))&&A8)&&!A4', '(!A3&&!(A6||A19))&&(!A14||(A7||A14))', '(A19||A13)||A10', '!(!A13&&A14)&&A18', '(((A9&&A4)&&(A10&&A0))||!A2)&&!A12', 'A8&&!A5', '!A19&&A14', 'A0&&!A8'])
2024-07-20 12:18:12,121 INFO:SHRINK: CN = TRUE, removing: !(A16&&A3)||A9
2024-07-20 12:18:12,121 DEBUG:CONTINUE SHRINKING WITH 10 elements : ['!(A3&&A15)', '!(A13&&A3)', '((!A12||(A6||A8))&&A8)&&!A4', '(!A3&&!(A6||A19))&&(!A14||(A7||A14))', '(A19||A13)||A10', '!(!A13&&A14)&&A18', '(((A9&&A4)&&(A10&&A0))||!A2)&&!A12', 'A8&&!A5', '!A19&&A14', 'A0&&!A8']
2024-07-20 12:18:12,121 INFO:Checking line: !(A3&&A15) with index: 0
2024-07-20 12:18:12,121 DEBUG:Removing element: !(A3&&A15)
2024-07-20 12:18:12,121 DEBUG:B with 9 elements = ['!(A13&&A3)', '((!A12||(A6||A8))&&A8)&&!A4', '(!A3&&!(A6||A19))&&(!A14||(A7||A14))', '(A19||A13)||A10', '!(!A13&&A14)&&A18', '(((A9&&A4)&&(A10&&A0))||!A2)&&!A12', 'A8&&!A5', '!A19&&A14', 'A0&&!A8']
2024-07-20 12:18:12,140 DEBUG:MiniSat result: UNSAT. Therefore, A0&&!A0 is in Cn(['!(A13&&A3)', '((!A12||(A6||A8))&&A8)&&!A4', '(!A3&&!(A6||A19))&&(!A14||(A7||A14))', '(A19||A13)||A10', '!(!A13&&A14)&&A18', '(((A9&&A4)&&(A10&&A0))||!A2)&&!A12', 'A8&&!A5', '!A19&&A14', 'A0&&!A8'])
2024-07-20 12:18:12,140 INFO:SHRINK: CN = TRUE, removing: !(A3&&A15)
2024-07-20 12:18:12,140 DEBUG:CONTINUE SHRINKING WITH 9 elements : ['!(A13&&A3)', '((!A12||(A6||A8))&&A8)&&!A4', '(!A3&&!(A6||A19))&&(!A14||(A7||A14))', '(A19||A13)||A10', '!(!A13&&A14)&&A18', '(((A9&&A4)&&(A10&&A0))||!A2)&&!A12', 'A8&&!A5', '!A19&&A14', 'A0&&!A8']
2024-07-20 12:18:12,140 INFO:Checking line: !(A13&&A3) with index: 0
2024-07-20 12:18:12,140 DEBUG:Removing element: !(A13&&A3)
2024-07-20 12:18:12,141 DEBUG:B with 8 elements = ['((!A12||(A6||A8))&&A8)&&!A4', '(!A3&&!(A6||A19))&&(!A14||(A7||A14))', '(A19||A13)||A10', '!(!A13&&A14)&&A18', '(((A9&&A4)&&(A10&&A0))||!A2)&&!A12', 'A8&&!A5', '!A19&&A14', 'A0&&!A8']
2024-07-20 12:18:12,157 DEBUG:MiniSat result: UNSAT. Therefore, A0&&!A0 is in Cn(['((!A12||(A6||A8))&&A8)&&!A4', '(!A3&&!(A6||A19))&&(!A14||(A7||A14))', '(A19||A13)||A10', '!(!A13&&A14)&&A18', '(((A9&&A4)&&(A10&&A0))||!A2)&&!A12', 'A8&&!A5', '!A19&&A14', 'A0&&!A8'])
2024-07-20 12:18:12,158 INFO:SHRINK: CN = TRUE, removing: !(A13&&A3)
2024-07-20 12:18:12,158 DEBUG:CONTINUE SHRINKING WITH 8 elements : ['((!A12||(A6||A8))&&A8)&&!A4', '(!A3&&!(A6||A19))&&(!A14||(A7||A14))', '(A19||A13)||A10', '!(!A13&&A14)&&A18', '(((A9&&A4)&&(A10&&A0))||!A2)&&!A12', 'A8&&!A5', '!A19&&A14', 'A0&&!A8']
2024-07-20 12:18:12,158 INFO:Checking line: ((!A12||(A6||A8))&&A8)&&!A4 with index: 0
2024-07-20 12:18:12,158 DEBUG:Removing element: ((!A12||(A6||A8))&&A8)&&!A4
2024-07-20 12:18:12,158 DEBUG:B with 7 elements = ['(!A3&&!(A6||A19))&&(!A14||(A7||A14))', '(A19||A13)||A10', '!(!A13&&A14)&&A18', '(((A9&&A4)&&(A10&&A0))||!A2)&&!A12', 'A8&&!A5', '!A19&&A14', 'A0&&!A8']
2024-07-20 12:18:12,175 DEBUG:MiniSat result: UNSAT. Therefore, A0&&!A0 is in Cn(['(!A3&&!(A6||A19))&&(!A14||(A7||A14))', '(A19||A13)||A10', '!(!A13&&A14)&&A18', '(((A9&&A4)&&(A10&&A0))||!A2)&&!A12', 'A8&&!A5', '!A19&&A14', 'A0&&!A8'])
2024-07-20 12:18:12,175 INFO:SHRINK: CN = TRUE, removing: ((!A12||(A6||A8))&&A8)&&!A4
2024-07-20 12:18:12,175 DEBUG:CONTINUE SHRINKING WITH 7 elements : ['(!A3&&!(A6||A19))&&(!A14||(A7||A14))', '(A19||A13)||A10', '!(!A13&&A14)&&A18', '(((A9&&A4)&&(A10&&A0))||!A2)&&!A12', 'A8&&!A5', '!A19&&A14', 'A0&&!A8']
2024-07-20 12:18:12,175 INFO:Checking line: (!A3&&!(A6||A19))&&(!A14||(A7||A14)) with index: 0
2024-07-20 12:18:12,175 DEBUG:Removing element: (!A3&&!(A6||A19))&&(!A14||(A7||A14))
2024-07-20 12:18:12,175 DEBUG:B with 6 elements = ['(A19||A13)||A10', '!(!A13&&A14)&&A18', '(((A9&&A4)&&(A10&&A0))||!A2)&&!A12', 'A8&&!A5', '!A19&&A14', 'A0&&!A8']
2024-07-20 12:18:12,192 DEBUG:MiniSat result: UNSAT. Therefore, A0&&!A0 is in Cn(['(A19||A13)||A10', '!(!A13&&A14)&&A18', '(((A9&&A4)&&(A10&&A0))||!A2)&&!A12', 'A8&&!A5', '!A19&&A14', 'A0&&!A8'])
2024-07-20 12:18:12,192 INFO:SHRINK: CN = TRUE, removing: (!A3&&!(A6||A19))&&(!A14||(A7||A14))
2024-07-20 12:18:12,192 DEBUG:CONTINUE SHRINKING WITH 6 elements : ['(A19||A13)||A10', '!(!A13&&A14)&&A18', '(((A9&&A4)&&(A10&&A0))||!A2)&&!A12', 'A8&&!A5', '!A19&&A14', 'A0&&!A8']
2024-07-20 12:18:12,192 INFO:Checking line: (A19||A13)||A10 with index: 0
2024-07-20 12:18:12,192 DEBUG:Removing element: (A19||A13)||A10
2024-07-20 12:18:12,193 DEBUG:B with 5 elements = ['!(!A13&&A14)&&A18', '(((A9&&A4)&&(A10&&A0))||!A2)&&!A12', 'A8&&!A5', '!A19&&A14', 'A0&&!A8']
2024-07-20 12:18:12,210 DEBUG:MiniSat result: UNSAT. Therefore, A0&&!A0 is in Cn(['!(!A13&&A14)&&A18', '(((A9&&A4)&&(A10&&A0))||!A2)&&!A12', 'A8&&!A5', '!A19&&A14', 'A0&&!A8'])
2024-07-20 12:18:12,210 INFO:SHRINK: CN = TRUE, removing: (A19||A13)||A10
2024-07-20 12:18:12,210 DEBUG:CONTINUE SHRINKING WITH 5 elements : ['!(!A13&&A14)&&A18', '(((A9&&A4)&&(A10&&A0))||!A2)&&!A12', 'A8&&!A5', '!A19&&A14', 'A0&&!A8']
2024-07-20 12:18:12,210 INFO:Checking line: !(!A13&&A14)&&A18 with index: 0
2024-07-20 12:18:12,210 DEBUG:Removing element: !(!A13&&A14)&&A18
2024-07-20 12:18:12,210 DEBUG:B with 4 elements = ['(((A9&&A4)&&(A10&&A0))||!A2)&&!A12', 'A8&&!A5', '!A19&&A14', 'A0&&!A8']
2024-07-20 12:18:12,228 DEBUG:MiniSat result: UNSAT. Therefore, A0&&!A0 is in Cn(['(((A9&&A4)&&(A10&&A0))||!A2)&&!A12', 'A8&&!A5', '!A19&&A14', 'A0&&!A8'])
2024-07-20 12:18:12,228 INFO:SHRINK: CN = TRUE, removing: !(!A13&&A14)&&A18
2024-07-20 12:18:12,228 DEBUG:CONTINUE SHRINKING WITH 4 elements : ['(((A9&&A4)&&(A10&&A0))||!A2)&&!A12', 'A8&&!A5', '!A19&&A14', 'A0&&!A8']
2024-07-20 12:18:12,228 INFO:Checking line: (((A9&&A4)&&(A10&&A0))||!A2)&&!A12 with index: 0
2024-07-20 12:18:12,228 DEBUG:Removing element: (((A9&&A4)&&(A10&&A0))||!A2)&&!A12
2024-07-20 12:18:12,228 DEBUG:B with 3 elements = ['A8&&!A5', '!A19&&A14', 'A0&&!A8']
2024-07-20 12:18:12,245 DEBUG:MiniSat result: UNSAT. Therefore, A0&&!A0 is in Cn(['A8&&!A5', '!A19&&A14', 'A0&&!A8'])
2024-07-20 12:18:12,245 INFO:SHRINK: CN = TRUE, removing: (((A9&&A4)&&(A10&&A0))||!A2)&&!A12
2024-07-20 12:18:12,245 DEBUG:CONTINUE SHRINKING WITH 3 elements : ['A8&&!A5', '!A19&&A14', 'A0&&!A8']
2024-07-20 12:18:12,246 INFO:Checking line: A8&&!A5 with index: 0
2024-07-20 12:18:12,246 DEBUG:Removing element: A8&&!A5
2024-07-20 12:18:12,246 DEBUG:B with 2 elements = ['!A19&&A14', 'A0&&!A8']
2024-07-20 12:18:12,262 DEBUG:MiniSat result: UNSAT. Therefore, A0&&!A0 is in Cn(['!A19&&A14', 'A0&&!A8'])
2024-07-20 12:18:12,262 INFO:SHRINK: CN = TRUE, removing: A8&&!A5
2024-07-20 12:18:12,262 DEBUG:CONTINUE SHRINKING WITH 2 elements : ['!A19&&A14', 'A0&&!A8']
2024-07-20 12:18:12,262 INFO:Checking line: !A19&&A14 with index: 0
2024-07-20 12:18:12,262 DEBUG:Removing element: !A19&&A14
2024-07-20 12:18:12,262 DEBUG:B with 1 elements = ['A0&&!A8']
2024-07-20 12:18:12,279 DEBUG:MiniSat result: UNSAT. Therefore, A0&&!A0 is in Cn(['A0&&!A8'])
2024-07-20 12:18:12,279 INFO:SHRINK: CN = TRUE, removing: !A19&&A14
2024-07-20 12:18:12,279 DEBUG:CONTINUE SHRINKING WITH 1 elements : ['A0&&!A8']
2024-07-20 12:18:12,279 INFO:Checking line: A0&&!A8 with index: 0
2024-07-20 12:18:12,279 DEBUG:Removing element: A0&&!A8
2024-07-20 12:18:12,279 DEBUG:B with 0 elements = []
2024-07-20 12:18:12,296 DEBUG:MiniSat result: SAT. Therefore, A0&&!A0 is not in Cn([])
2024-07-20 12:18:12,296 INFO:Kernel output with 1 elements: ['A0&&!A8']
2024-07-20 12:18:12,296 INFO:KERNEL BLACKBOX FINISHED
2024-07-20 12:18:12,296 DEBUG:Dataset shrunk using basic shrink: ['A0&&!A8']
2024-07-20 12:18:12,320 DEBUG:MiniSat result: UNSAT. Therefore, A0&&!A0 is in Cn(['(A6||(A5&&A5))||(A13&&A9)', '(!A4||(A7||A4))&&(!A12||(A4&&A3))', '!(A16&&A3)||A9', '!(A3&&A15)', '!(A13&&A3)', '((!A12||(A6||A8))&&A8)&&!A4', '((A15||A7)&&((A2||A5)&&A10))&&!A11', '(!A3&&!(A6||A19))&&(!A14||(A7||A14))', '(A19||A13)||A10', '!(!A13&&A14)&&A18', 'A8&&!A5', '!A19&&A14', 'A0&&!A8', '!(A6||A18)||(A14||(A1&&A7))', 'A14&&!(!A1||A16)', 'A11||A5', '!A7&&!(!A19)', 'A14||(A9&&A3)', '(A2||A11)||((A11||A4)&&(A6&&A6))', '(!A0&&!A7)||A16', '!(A2||A8)||A15', '!(A13&&!(A15||A6))', 'A12&&(!A1&&A3)'])
2024-07-20 12:18:12,320 DEBUG:Finding kernel for dataset with 23 elements: ['(A6||(A5&&A5))||(A13&&A9)', '(!A4||(A7||A4))&&(!A12||(A4&&A3))', '!(A16&&A3)||A9', '!(A3&&A15)', '!(A13&&A3)', '((!A12||(A6||A8))&&A8)&&!A4', '((A15||A7)&&((A2||A5)&&A10))&&!A11', '(!A3&&!(A6||A19))&&(!A14||(A7||A14))', '(A19||A13)||A10', '!(!A13&&A14)&&A18', 'A8&&!A5', '!A19&&A14', 'A0&&!A8', '!(A6||A18)||(A14||(A1&&A7))', 'A14&&!(!A1||A16)', 'A11||A5', '!A7&&!(!A19)', 'A14||(A9&&A3)', '(A2||A11)||((A11||A4)&&(A6&&A6))', '(!A0&&!A7)||A16', '!(A2||A8)||A15', '!(A13&&!(A15||A6))', 'A12&&(!A1&&A3)']
2024-07-20 12:18:12,320 INFO:23 ELEMENTS: ['(A6||(A5&&A5))||(A13&&A9)', '(!A4||(A7||A4))&&(!A12||(A4&&A3))', '!(A16&&A3)||A9', '!(A3&&A15)', '!(A13&&A3)', '((!A12||(A6||A8))&&A8)&&!A4', '((A15||A7)&&((A2||A5)&&A10))&&!A11', '(!A3&&!(A6||A19))&&(!A14||(A7||A14))', '(A19||A13)||A10', '!(!A13&&A14)&&A18', 'A8&&!A5', '!A19&&A14', 'A0&&!A8', '!(A6||A18)||(A14||(A1&&A7))', 'A14&&!(!A1||A16)', 'A11||A5', '!A7&&!(!A19)', 'A14||(A9&&A3)', '(A2||A11)||((A11||A4)&&(A6&&A6))', '(!A0&&!A7)||A16', '!(A2||A8)||A15', '!(A13&&!(A15||A6))', 'A12&&(!A1&&A3)']
2024-07-20 12:18:12,320 DEBUG:B_PRIME with 1 elements: ['(A6||(A5&&A5))||(A13&&A9)']
2024-07-20 12:18:12,337 DEBUG:MiniSat result: SAT. Therefore, A0&&!A0 is not in Cn(['(A6||(A5&&A5))||(A13&&A9)'])
2024-07-20 12:18:12,337 DEBUG:B_PRIME with 2 elements: ['(A6||(A5&&A5))||(A13&&A9)', '(!A4||(A7||A4))&&(!A12||(A4&&A3))']
2024-07-20 12:18:12,354 DEBUG:MiniSat result: SAT. Therefore, A0&&!A0 is not in Cn(['(A6||(A5&&A5))||(A13&&A9)', '(!A4||(A7||A4))&&(!A12||(A4&&A3))'])
2024-07-20 12:18:12,354 DEBUG:B_PRIME with 3 elements: ['(A6||(A5&&A5))||(A13&&A9)', '(!A4||(A7||A4))&&(!A12||(A4&&A3))', '!(A16&&A3)||A9']
2024-07-20 12:18:12,372 DEBUG:MiniSat result: SAT. Therefore, A0&&!A0 is not in Cn(['(A6||(A5&&A5))||(A13&&A9)', '(!A4||(A7||A4))&&(!A12||(A4&&A3))', '!(A16&&A3)||A9'])
2024-07-20 12:18:12,372 DEBUG:B_PRIME with 4 elements: ['(A6||(A5&&A5))||(A13&&A9)', '(!A4||(A7||A4))&&(!A12||(A4&&A3))', '!(A16&&A3)||A9', '!(A3&&A15)']
2024-07-20 12:18:12,389 DEBUG:MiniSat result: SAT. Therefore, A0&&!A0 is not in Cn(['(A6||(A5&&A5))||(A13&&A9)', '(!A4||(A7||A4))&&(!A12||(A4&&A3))', '!(A16&&A3)||A9', '!(A3&&A15)'])
2024-07-20 12:18:12,390 DEBUG:B_PRIME with 5 elements: ['(A6||(A5&&A5))||(A13&&A9)', '(!A4||(A7||A4))&&(!A12||(A4&&A3))', '!(A16&&A3)||A9', '!(A3&&A15)', '!(A13&&A3)']
2024-07-20 12:18:12,407 DEBUG:MiniSat result: SAT. Therefore, A0&&!A0 is not in Cn(['(A6||(A5&&A5))||(A13&&A9)', '(!A4||(A7||A4))&&(!A12||(A4&&A3))', '!(A16&&A3)||A9', '!(A3&&A15)', '!(A13&&A3)'])
2024-07-20 12:18:12,407 DEBUG:B_PRIME with 6 elements: ['(A6||(A5&&A5))||(A13&&A9)', '(!A4||(A7||A4))&&(!A12||(A4&&A3))', '!(A16&&A3)||A9', '!(A3&&A15)', '!(A13&&A3)', '((!A12||(A6||A8))&&A8)&&!A4']
2024-07-20 12:18:12,424 DEBUG:MiniSat result: SAT. Therefore, A0&&!A0 is not in Cn(['(A6||(A5&&A5))||(A13&&A9)', '(!A4||(A7||A4))&&(!A12||(A4&&A3))', '!(A16&&A3)||A9', '!(A3&&A15)', '!(A13&&A3)', '((!A12||(A6||A8))&&A8)&&!A4'])
2024-07-20 12:18:12,424 DEBUG:B_PRIME with 7 elements: ['(A6||(A5&&A5))||(A13&&A9)', '(!A4||(A7||A4))&&(!A12||(A4&&A3))', '!(A16&&A3)||A9', '!(A3&&A15)', '!(A13&&A3)', '((!A12||(A6||A8))&&A8)&&!A4', '((A15||A7)&&((A2||A5)&&A10))&&!A11']
2024-07-20 12:18:12,441 DEBUG:MiniSat result: SAT. Therefore, A0&&!A0 is not in Cn(['(A6||(A5&&A5))||(A13&&A9)', '(!A4||(A7||A4))&&(!A12||(A4&&A3))', '!(A16&&A3)||A9', '!(A3&&A15)', '!(A13&&A3)', '((!A12||(A6||A8))&&A8)&&!A4', '((A15||A7)&&((A2||A5)&&A10))&&!A11'])
2024-07-20 12:18:12,442 DEBUG:B_PRIME with 8 elements: ['(A6||(A5&&A5))||(A13&&A9)', '(!A4||(A7||A4))&&(!A12||(A4&&A3))', '!(A16&&A3)||A9', '!(A3&&A15)', '!(A13&&A3)', '((!A12||(A6||A8))&&A8)&&!A4', '((A15||A7)&&((A2||A5)&&A10))&&!A11', '(!A3&&!(A6||A19))&&(!A14||(A7||A14))']
2024-07-20 12:18:12,459 DEBUG:MiniSat result: SAT. Therefore, A0&&!A0 is not in Cn(['(A6||(A5&&A5))||(A13&&A9)', '(!A4||(A7||A4))&&(!A12||(A4&&A3))', '!(A16&&A3)||A9', '!(A3&&A15)', '!(A13&&A3)', '((!A12||(A6||A8))&&A8)&&!A4', '((A15||A7)&&((A2||A5)&&A10))&&!A11', '(!A3&&!(A6||A19))&&(!A14||(A7||A14))'])
2024-07-20 12:18:12,459 DEBUG:B_PRIME with 9 elements: ['(A6||(A5&&A5))||(A13&&A9)', '(!A4||(A7||A4))&&(!A12||(A4&&A3))', '!(A16&&A3)||A9', '!(A3&&A15)', '!(A13&&A3)', '((!A12||(A6||A8))&&A8)&&!A4', '((A15||A7)&&((A2||A5)&&A10))&&!A11', '(!A3&&!(A6||A19))&&(!A14||(A7||A14))', '(A19||A13)||A10']
2024-07-20 12:18:12,477 DEBUG:MiniSat result: SAT. Therefore, A0&&!A0 is not in Cn(['(A6||(A5&&A5))||(A13&&A9)', '(!A4||(A7||A4))&&(!A12||(A4&&A3))', '!(A16&&A3)||A9', '!(A3&&A15)', '!(A13&&A3)', '((!A12||(A6||A8))&&A8)&&!A4', '((A15||A7)&&((A2||A5)&&A10))&&!A11', '(!A3&&!(A6||A19))&&(!A14||(A7||A14))', '(A19||A13)||A10'])
2024-07-20 12:18:12,477 DEBUG:B_PRIME with 10 elements: ['(A6||(A5&&A5))||(A13&&A9)', '(!A4||(A7||A4))&&(!A12||(A4&&A3))', '!(A16&&A3)||A9', '!(A3&&A15)', '!(A13&&A3)', '((!A12||(A6||A8))&&A8)&&!A4', '((A15||A7)&&((A2||A5)&&A10))&&!A11', '(!A3&&!(A6||A19))&&(!A14||(A7||A14))', '(A19||A13)||A10', '!(!A13&&A14)&&A18']
2024-07-20 12:18:12,494 DEBUG:MiniSat result: SAT. Therefore, A0&&!A0 is not in Cn(['(A6||(A5&&A5))||(A13&&A9)', '(!A4||(A7||A4))&&(!A12||(A4&&A3))', '!(A16&&A3)||A9', '!(A3&&A15)', '!(A13&&A3)', '((!A12||(A6||A8))&&A8)&&!A4', '((A15||A7)&&((A2||A5)&&A10))&&!A11', '(!A3&&!(A6||A19))&&(!A14||(A7||A14))', '(A19||A13)||A10', '!(!A13&&A14)&&A18'])
2024-07-20 12:18:12,494 DEBUG:B_PRIME with 11 elements: ['(A6||(A5&&A5))||(A13&&A9)', '(!A4||(A7||A4))&&(!A12||(A4&&A3))', '!(A16&&A3)||A9', '!(A3&&A15)', '!(A13&&A3)', '((!A12||(A6||A8))&&A8)&&!A4', '((A15||A7)&&((A2||A5)&&A10))&&!A11', '(!A3&&!(A6||A19))&&(!A14||(A7||A14))', '(A19||A13)||A10', '!(!A13&&A14)&&A18', 'A8&&!A5']
2024-07-20 12:18:12,512 DEBUG:MiniSat result: SAT. Therefore, A0&&!A0 is not in Cn(['(A6||(A5&&A5))||(A13&&A9)', '(!A4||(A7||A4))&&(!A12||(A4&&A3))', '!(A16&&A3)||A9', '!(A3&&A15)', '!(A13&&A3)', '((!A12||(A6||A8))&&A8)&&!A4', '((A15||A7)&&((A2||A5)&&A10))&&!A11', '(!A3&&!(A6||A19))&&(!A14||(A7||A14))', '(A19||A13)||A10', '!(!A13&&A14)&&A18', 'A8&&!A5'])
2024-07-20 12:18:12,512 DEBUG:B_PRIME with 12 elements: ['(A6||(A5&&A5))||(A13&&A9)', '(!A4||(A7||A4))&&(!A12||(A4&&A3))', '!(A16&&A3)||A9', '!(A3&&A15)', '!(A13&&A3)', '((!A12||(A6||A8))&&A8)&&!A4', '((A15||A7)&&((A2||A5)&&A10))&&!A11', '(!A3&&!(A6||A19))&&(!A14||(A7||A14))', '(A19||A13)||A10', '!(!A13&&A14)&&A18', 'A8&&!A5', '!A19&&A14']
2024-07-20 12:18:12,530 DEBUG:MiniSat result: SAT. Therefore, A0&&!A0 is not in Cn(['(A6||(A5&&A5))||(A13&&A9)', '(!A4||(A7||A4))&&(!A12||(A4&&A3))', '!(A16&&A3)||A9', '!(A3&&A15)', '!(A13&&A3)', '((!A12||(A6||A8))&&A8)&&!A4', '((A15||A7)&&((A2||A5)&&A10))&&!A11', '(!A3&&!(A6||A19))&&(!A14||(A7||A14))', '(A19||A13)||A10', '!(!A13&&A14)&&A18', 'A8&&!A5', '!A19&&A14'])
2024-07-20 12:18:12,530 DEBUG:B_PRIME with 13 elements: ['(A6||(A5&&A5))||(A13&&A9)', '(!A4||(A7||A4))&&(!A12||(A4&&A3))', '!(A16&&A3)||A9', '!(A3&&A15)', '!(A13&&A3)', '((!A12||(A6||A8))&&A8)&&!A4', '((A15||A7)&&((A2||A5)&&A10))&&!A11', '(!A3&&!(A6||A19))&&(!A14||(A7||A14))', '(A19||A13)||A10', '!(!A13&&A14)&&A18', 'A8&&!A5', '!A19&&A14', 'A0&&!A8']
2024-07-20 12:18:12,549 DEBUG:MiniSat result: UNSAT. Therefore, A0&&!A0 is in Cn(['(A6||(A5&&A5))||(A13&&A9)', '(!A4||(A7||A4))&&(!A12||(A4&&A3))', '!(A16&&A3)||A9', '!(A3&&A15)', '!(A13&&A3)', '((!A12||(A6||A8))&&A8)&&!A4', '((A15||A7)&&((A2||A5)&&A10))&&!A11', '(!A3&&!(A6||A19))&&(!A14||(A7||A14))', '(A19||A13)||A10', '!(!A13&&A14)&&A18', 'A8&&!A5', '!A19&&A14', 'A0&&!A8'])
2024-07-20 12:18:12,549 DEBUG:Dataset expanded using sliding window of size 1: ['(A6||(A5&&A5))||(A13&&A9)', '(!A4||(A7||A4))&&(!A12||(A4&&A3))', '!(A16&&A3)||A9', '!(A3&&A15)', '!(A13&&A3)', '((!A12||(A6||A8))&&A8)&&!A4', '((A15||A7)&&((A2||A5)&&A10))&&!A11', '(!A3&&!(A6||A19))&&(!A14||(A7||A14))', '(A19||A13)||A10', '!(!A13&&A14)&&A18', 'A8&&!A5', '!A19&&A14', 'A0&&!A8']
2024-07-20 12:18:12,549 INFO:Checking line: (A6||(A5&&A5))||(A13&&A9) with index: 0
2024-07-20 12:18:12,549 DEBUG:Removing element: (A6||(A5&&A5))||(A13&&A9)
2024-07-20 12:18:12,549 DEBUG:B with 12 elements = ['(!A4||(A7||A4))&&(!A12||(A4&&A3))', '!(A16&&A3)||A9', '!(A3&&A15)', '!(A13&&A3)', '((!A12||(A6||A8))&&A8)&&!A4', '((A15||A7)&&((A2||A5)&&A10))&&!A11', '(!A3&&!(A6||A19))&&(!A14||(A7||A14))', '(A19||A13)||A10', '!(!A13&&A14)&&A18', 'A8&&!A5', '!A19&&A14', 'A0&&!A8']
2024-07-20 12:18:12,567 DEBUG:MiniSat result: UNSAT. Therefore, A0&&!A0 is in Cn(['(!A4||(A7||A4))&&(!A12||(A4&&A3))', '!(A16&&A3)||A9', '!(A3&&A15)', '!(A13&&A3)', '((!A12||(A6||A8))&&A8)&&!A4', '((A15||A7)&&((A2||A5)&&A10))&&!A11', '(!A3&&!(A6||A19))&&(!A14||(A7||A14))', '(A19||A13)||A10', '!(!A13&&A14)&&A18', 'A8&&!A5', '!A19&&A14', 'A0&&!A8'])
2024-07-20 12:18:12,568 INFO:SHRINK: CN = TRUE, removing: (A6||(A5&&A5))||(A13&&A9)
2024-07-20 12:18:12,568 DEBUG:CONTINUE SHRINKING WITH 12 elements : ['(!A4||(A7||A4))&&(!A12||(A4&&A3))', '!(A16&&A3)||A9', '!(A3&&A15)', '!(A13&&A3)', '((!A12||(A6||A8))&&A8)&&!A4', '((A15||A7)&&((A2||A5)&&A10))&&!A11', '(!A3&&!(A6||A19))&&(!A14||(A7||A14))', '(A19||A13)||A10', '!(!A13&&A14)&&A18', 'A8&&!A5', '!A19&&A14', 'A0&&!A8']
2024-07-20 12:18:12,568 INFO:Checking line: (!A4||(A7||A4))&&(!A12||(A4&&A3)) with index: 0
2024-07-20 12:18:12,568 DEBUG:Removing element: (!A4||(A7||A4))&&(!A12||(A4&&A3))
2024-07-20 12:18:12,568 DEBUG:B with 11 elements = ['!(A16&&A3)||A9', '!(A3&&A15)', '!(A13&&A3)', '((!A12||(A6||A8))&&A8)&&!A4', '((A15||A7)&&((A2||A5)&&A10))&&!A11', '(!A3&&!(A6||A19))&&(!A14||(A7||A14))', '(A19||A13)||A10', '!(!A13&&A14)&&A18', 'A8&&!A5', '!A19&&A14', 'A0&&!A8']
2024-07-20 12:18:12,587 DEBUG:MiniSat result: UNSAT. Therefore, A0&&!A0 is in Cn(['!(A16&&A3)||A9', '!(A3&&A15)', '!(A13&&A3)', '((!A12||(A6||A8))&&A8)&&!A4', '((A15||A7)&&((A2||A5)&&A10))&&!A11', '(!A3&&!(A6||A19))&&(!A14||(A7||A14))', '(A19||A13)||A10', '!(!A13&&A14)&&A18', 'A8&&!A5', '!A19&&A14', 'A0&&!A8'])
2024-07-20 12:18:12,587 INFO:SHRINK: CN = TRUE, removing: (!A4||(A7||A4))&&(!A12||(A4&&A3))
2024-07-20 12:18:12,587 DEBUG:CONTINUE SHRINKING WITH 11 elements : ['!(A16&&A3)||A9', '!(A3&&A15)', '!(A13&&A3)', '((!A12||(A6||A8))&&A8)&&!A4', '((A15||A7)&&((A2||A5)&&A10))&&!A11', '(!A3&&!(A6||A19))&&(!A14||(A7||A14))', '(A19||A13)||A10', '!(!A13&&A14)&&A18', 'A8&&!A5', '!A19&&A14', 'A0&&!A8']
2024-07-20 12:18:12,587 INFO:Checking line: !(A16&&A3)||A9 with index: 0
2024-07-20 12:18:12,587 DEBUG:Removing element: !(A16&&A3)||A9
2024-07-20 12:18:12,587 DEBUG:B with 10 elements = ['!(A3&&A15)', '!(A13&&A3)', '((!A12||(A6||A8))&&A8)&&!A4', '((A15||A7)&&((A2||A5)&&A10))&&!A11', '(!A3&&!(A6||A19))&&(!A14||(A7||A14))', '(A19||A13)||A10', '!(!A13&&A14)&&A18', 'A8&&!A5', '!A19&&A14', 'A0&&!A8']
2024-07-20 12:18:12,605 DEBUG:MiniSat result: UNSAT. Therefore, A0&&!A0 is in Cn(['!(A3&&A15)', '!(A13&&A3)', '((!A12||(A6||A8))&&A8)&&!A4', '((A15||A7)&&((A2||A5)&&A10))&&!A11', '(!A3&&!(A6||A19))&&(!A14||(A7||A14))', '(A19||A13)||A10', '!(!A13&&A14)&&A18', 'A8&&!A5', '!A19&&A14', 'A0&&!A8'])
2024-07-20 12:18:12,606 INFO:SHRINK: CN = TRUE, removing: !(A16&&A3)||A9
2024-07-20 12:18:12,606 DEBUG:CONTINUE SHRINKING WITH 10 elements : ['!(A3&&A15)', '!(A13&&A3)', '((!A12||(A6||A8))&&A8)&&!A4', '((A15||A7)&&((A2||A5)&&A10))&&!A11', '(!A3&&!(A6||A19))&&(!A14||(A7||A14))', '(A19||A13)||A10', '!(!A13&&A14)&&A18', 'A8&&!A5', '!A19&&A14', 'A0&&!A8']
2024-07-20 12:18:12,606 INFO:Checking line: !(A3&&A15) with index: 0
2024-07-20 12:18:12,606 DEBUG:Removing element: !(A3&&A15)
2024-07-20 12:18:12,606 DEBUG:B with 9 elements = ['!(A13&&A3)', '((!A12||(A6||A8))&&A8)&&!A4', '((A15||A7)&&((A2||A5)&&A10))&&!A11', '(!A3&&!(A6||A19))&&(!A14||(A7||A14))', '(A19||A13)||A10', '!(!A13&&A14)&&A18', 'A8&&!A5', '!A19&&A14', 'A0&&!A8']
2024-07-20 12:18:12,625 DEBUG:MiniSat result: UNSAT. Therefore, A0&&!A0 is in Cn(['!(A13&&A3)', '((!A12||(A6||A8))&&A8)&&!A4', '((A15||A7)&&((A2||A5)&&A10))&&!A11', '(!A3&&!(A6||A19))&&(!A14||(A7||A14))', '(A19||A13)||A10', '!(!A13&&A14)&&A18', 'A8&&!A5', '!A19&&A14', 'A0&&!A8'])
2024-07-20 12:18:12,625 INFO:SHRINK: CN = TRUE, removing: !(A3&&A15)
2024-07-20 12:18:12,625 DEBUG:CONTINUE SHRINKING WITH 9 elements : ['!(A13&&A3)', '((!A12||(A6||A8))&&A8)&&!A4', '((A15||A7)&&((A2||A5)&&A10))&&!A11', '(!A3&&!(A6||A19))&&(!A14||(A7||A14))', '(A19||A13)||A10', '!(!A13&&A14)&&A18', 'A8&&!A5', '!A19&&A14', 'A0&&!A8']
2024-07-20 12:18:12,625 INFO:Checking line: !(A13&&A3) with index: 0
2024-07-20 12:18:12,625 DEBUG:Removing element: !(A13&&A3)
2024-07-20 12:18:12,625 DEBUG:B with 8 elements = ['((!A12||(A6||A8))&&A8)&&!A4', '((A15||A7)&&((A2||A5)&&A10))&&!A11', '(!A3&&!(A6||A19))&&(!A14||(A7||A14))', '(A19||A13)||A10', '!(!A13&&A14)&&A18', 'A8&&!A5', '!A19&&A14', 'A0&&!A8']
2024-07-20 12:18:12,642 DEBUG:MiniSat result: UNSAT. Therefore, A0&&!A0 is in Cn(['((!A12||(A6||A8))&&A8)&&!A4', '((A15||A7)&&((A2||A5)&&A10))&&!A11', '(!A3&&!(A6||A19))&&(!A14||(A7||A14))', '(A19||A13)||A10', '!(!A13&&A14)&&A18', 'A8&&!A5', '!A19&&A14', 'A0&&!A8'])
2024-07-20 12:18:12,642 INFO:SHRINK: CN = TRUE, removing: !(A13&&A3)
2024-07-20 12:18:12,642 DEBUG:CONTINUE SHRINKING WITH 8 elements : ['((!A12||(A6||A8))&&A8)&&!A4', '((A15||A7)&&((A2||A5)&&A10))&&!A11', '(!A3&&!(A6||A19))&&(!A14||(A7||A14))', '(A19||A13)||A10', '!(!A13&&A14)&&A18', 'A8&&!A5', '!A19&&A14', 'A0&&!A8']
2024-07-20 12:18:12,642 INFO:Checking line: ((!A12||(A6||A8))&&A8)&&!A4 with index: 0
2024-07-20 12:18:12,642 DEBUG:Removing element: ((!A12||(A6||A8))&&A8)&&!A4
2024-07-20 12:18:12,642 DEBUG:B with 7 elements = ['((A15||A7)&&((A2||A5)&&A10))&&!A11', '(!A3&&!(A6||A19))&&(!A14||(A7||A14))', '(A19||A13)||A10', '!(!A13&&A14)&&A18', 'A8&&!A5', '!A19&&A14', 'A0&&!A8']
2024-07-20 12:18:12,659 DEBUG:MiniSat result: UNSAT. Therefore, A0&&!A0 is in Cn(['((A15||A7)&&((A2||A5)&&A10))&&!A11', '(!A3&&!(A6||A19))&&(!A14||(A7||A14))', '(A19||A13)||A10', '!(!A13&&A14)&&A18', 'A8&&!A5', '!A19&&A14', 'A0&&!A8'])
2024-07-20 12:18:12,660 INFO:SHRINK: CN = TRUE, removing: ((!A12||(A6||A8))&&A8)&&!A4
2024-07-20 12:18:12,660 DEBUG:CONTINUE SHRINKING WITH 7 elements : ['((A15||A7)&&((A2||A5)&&A10))&&!A11', '(!A3&&!(A6||A19))&&(!A14||(A7||A14))', '(A19||A13)||A10', '!(!A13&&A14)&&A18', 'A8&&!A5', '!A19&&A14', 'A0&&!A8']
2024-07-20 12:18:12,660 INFO:Checking line: ((A15||A7)&&((A2||A5)&&A10))&&!A11 with index: 0
2024-07-20 12:18:12,660 DEBUG:Removing element: ((A15||A7)&&((A2||A5)&&A10))&&!A11
2024-07-20 12:18:12,660 DEBUG:B with 6 elements = ['(!A3&&!(A6||A19))&&(!A14||(A7||A14))', '(A19||A13)||A10', '!(!A13&&A14)&&A18', 'A8&&!A5', '!A19&&A14', 'A0&&!A8']
2024-07-20 12:18:12,677 DEBUG:MiniSat result: UNSAT. Therefore, A0&&!A0 is in Cn(['(!A3&&!(A6||A19))&&(!A14||(A7||A14))', '(A19||A13)||A10', '!(!A13&&A14)&&A18', 'A8&&!A5', '!A19&&A14', 'A0&&!A8'])
2024-07-20 12:18:12,677 INFO:SHRINK: CN = TRUE, removing: ((A15||A7)&&((A2||A5)&&A10))&&!A11
2024-07-20 12:18:12,677 DEBUG:CONTINUE SHRINKING WITH 6 elements : ['(!A3&&!(A6||A19))&&(!A14||(A7||A14))', '(A19||A13)||A10', '!(!A13&&A14)&&A18', 'A8&&!A5', '!A19&&A14', 'A0&&!A8']
2024-07-20 12:18:12,677 INFO:Checking line: (!A3&&!(A6||A19))&&(!A14||(A7||A14)) with index: 0
2024-07-20 12:18:12,677 DEBUG:Removing element: (!A3&&!(A6||A19))&&(!A14||(A7||A14))
2024-07-20 12:18:12,677 DEBUG:B with 5 elements = ['(A19||A13)||A10', '!(!A13&&A14)&&A18', 'A8&&!A5', '!A19&&A14', 'A0&&!A8']
2024-07-20 12:18:12,693 DEBUG:MiniSat result: UNSAT. Therefore, A0&&!A0 is in Cn(['(A19||A13)||A10', '!(!A13&&A14)&&A18', 'A8&&!A5', '!A19&&A14', 'A0&&!A8'])
2024-07-20 12:18:12,694 INFO:SHRINK: CN = TRUE, removing: (!A3&&!(A6||A19))&&(!A14||(A7||A14))
2024-07-20 12:18:12,694 DEBUG:CONTINUE SHRINKING WITH 5 elements : ['(A19||A13)||A10', '!(!A13&&A14)&&A18', 'A8&&!A5', '!A19&&A14', 'A0&&!A8']
2024-07-20 12:18:12,694 INFO:Checking line: (A19||A13)||A10 with index: 0
2024-07-20 12:18:12,694 DEBUG:Removing element: (A19||A13)||A10
2024-07-20 12:18:12,694 DEBUG:B with 4 elements = ['!(!A13&&A14)&&A18', 'A8&&!A5', '!A19&&A14', 'A0&&!A8']
2024-07-20 12:18:12,715 DEBUG:MiniSat result: UNSAT. Therefore, A0&&!A0 is in Cn(['!(!A13&&A14)&&A18', 'A8&&!A5', '!A19&&A14', 'A0&&!A8'])
2024-07-20 12:18:12,715 INFO:SHRINK: CN = TRUE, removing: (A19||A13)||A10
2024-07-20 12:18:12,715 DEBUG:CONTINUE SHRINKING WITH 4 elements : ['!(!A13&&A14)&&A18', 'A8&&!A5', '!A19&&A14', 'A0&&!A8']
2024-07-20 12:18:12,715 INFO:Checking line: !(!A13&&A14)&&A18 with index: 0
2024-07-20 12:18:12,715 DEBUG:Removing element: !(!A13&&A14)&&A18
2024-07-20 12:18:12,715 DEBUG:B with 3 elements = ['A8&&!A5', '!A19&&A14', 'A0&&!A8']
2024-07-20 12:18:12,732 DEBUG:MiniSat result: UNSAT. Therefore, A0&&!A0 is in Cn(['A8&&!A5', '!A19&&A14', 'A0&&!A8'])
2024-07-20 12:18:12,732 INFO:SHRINK: CN = TRUE, removing: !(!A13&&A14)&&A18
2024-07-20 12:18:12,732 DEBUG:CONTINUE SHRINKING WITH 3 elements : ['A8&&!A5', '!A19&&A14', 'A0&&!A8']
2024-07-20 12:18:12,732 INFO:Checking line: A8&&!A5 with index: 0
2024-07-20 12:18:12,732 DEBUG:Removing element: A8&&!A5
2024-07-20 12:18:12,732 DEBUG:B with 2 elements = ['!A19&&A14', 'A0&&!A8']
2024-07-20 12:18:12,749 DEBUG:MiniSat result: UNSAT. Therefore, A0&&!A0 is in Cn(['!A19&&A14', 'A0&&!A8'])
2024-07-20 12:18:12,749 INFO:SHRINK: CN = TRUE, removing: A8&&!A5
2024-07-20 12:18:12,749 DEBUG:CONTINUE SHRINKING WITH 2 elements : ['!A19&&A14', 'A0&&!A8']
2024-07-20 12:18:12,749 INFO:Checking line: !A19&&A14 with index: 0
2024-07-20 12:18:12,749 DEBUG:Removing element: !A19&&A14
2024-07-20 12:18:12,749 DEBUG:B with 1 elements = ['A0&&!A8']
2024-07-20 12:18:12,766 DEBUG:MiniSat result: UNSAT. Therefore, A0&&!A0 is in Cn(['A0&&!A8'])
2024-07-20 12:18:12,766 INFO:SHRINK: CN = TRUE, removing: !A19&&A14
2024-07-20 12:18:12,766 DEBUG:CONTINUE SHRINKING WITH 1 elements : ['A0&&!A8']
2024-07-20 12:18:12,766 INFO:Checking line: A0&&!A8 with index: 0
2024-07-20 12:18:12,766 DEBUG:Removing element: A0&&!A8
2024-07-20 12:18:12,766 DEBUG:B with 0 elements = []
