file_name,dataset,div_conq,sw_size,strategy_param,dataset_length
data/SRS/Dataset_A/sig10_15_25/srs_0.txt,srs_0.txt,0,1,1,17
data/SRS/Dataset_A/sig10_15_25/srs_0.txt,srs_0.txt,0,1,2,17
data/SRS/Dataset_A/sig10_15_25/srs_0.txt,srs_0.txt,0,1,3,17
data/SRS/Dataset_A/sig10_15_25/srs_0.txt,srs_0.txt,0,5,0,17
data/SRS/Dataset_A/sig10_15_25/srs_0.txt,srs_0.txt,0,5,1,17
data/SRS/Dataset_A/sig10_15_25/srs_0.txt,srs_0.txt,0,5,2,17
data/SRS/Dataset_A/sig10_15_25/srs_0.txt,srs_0.txt,0,5,3,17
data/SRS/Dataset_A/sig10_15_25/srs_0.txt,srs_0.txt,0,10,0,17
data/SRS/Dataset_A/sig10_15_25/srs_0.txt,srs_0.txt,0,10,1,17
data/SRS/Dataset_A/sig10_15_25/srs_0.txt,srs_0.txt,0,10,2,17
data/SRS/Dataset_A/sig10_15_25/srs_0.txt,srs_0.txt,1,1,0,17
data/SRS/Dataset_A/sig10_15_25/srs_0.txt,srs_0.txt,1,1,1,17
data/SRS/Dataset_A/sig10_15_25/srs_0.txt,srs_0.txt,1,1,2,17
data/SRS/Dataset_A/sig10_15_25/srs_0.txt,srs_0.txt,1,1,3,17
data/SRS/Dataset_A/sig10_15_25/srs_0.txt,srs_0.txt,1,5,0,17
data/SRS/Dataset_A/sig10_15_25/srs_0.txt,srs_0.txt,1,5,1,17
data/SRS/Dataset_A/sig10_15_25/srs_0.txt,srs_0.txt,1,5,2,17
data/SRS/Dataset_A/sig10_15_25/srs_0.txt,srs_0.txt,1,5,3,17
data/SRS/Dataset_A/sig10_15_25/srs_0.txt,srs_0.txt,1,10,0,17
data/SRS/Dataset_A/sig10_15_25/srs_0.txt,srs_0.txt,1,10,1,17
data/SRS/Dataset_A/sig10_15_25/srs_0.txt,srs_0.txt,1,10,2,17
data/SRS/Dataset_A/sig10_15_25/srs_0.txt,srs_0.txt,1,10,3,17
data/SRS/Dataset_A/sig10_15_25/srs_1.txt,srs_1.txt,0,1,1,25
data/SRS/Dataset_A/sig10_15_25/srs_1.txt,srs_1.txt,0,1,2,25
data/SRS/Dataset_A/sig10_15_25/srs_1.txt,srs_1.txt,0,1,3,25
data/SRS/Dataset_A/sig10_15_25/srs_1.txt,srs_1.txt,0,5,0,25
data/SRS/Dataset_A/sig10_15_25/srs_1.txt,srs_1.txt,0,5,1,25
data/SRS/Dataset_A/sig10_15_25/srs_1.txt,srs_1.txt,0,5,2,25
data/SRS/Dataset_A/sig10_15_25/srs_1.txt,srs_1.txt,0,5,3,25
data/SRS/Dataset_A/sig10_15_25/srs_1.txt,srs_1.txt,0,10,0,25
data/SRS/Dataset_A/sig10_15_25/srs_1.txt,srs_1.txt,0,10,1,25
data/SRS/Dataset_A/sig10_15_25/srs_1.txt,srs_1.txt,0,10,2,25
data/SRS/Dataset_A/sig10_15_25/srs_1.txt,srs_1.txt,1,1,0,25
data/SRS/Dataset_A/sig10_15_25/srs_1.txt,srs_1.txt,1,1,1,25
data/SRS/Dataset_A/sig10_15_25/srs_1.txt,srs_1.txt,1,1,2,25
data/SRS/Dataset_A/sig10_15_25/srs_1.txt,srs_1.txt,1,1,3,25
data/SRS/Dataset_A/sig10_15_25/srs_1.txt,srs_1.txt,1,5,0,25
data/SRS/Dataset_A/sig10_15_25/srs_1.txt,srs_1.txt,1,5,1,25
data/SRS/Dataset_A/sig10_15_25/srs_1.txt,srs_1.txt,1,5,2,25
data/SRS/Dataset_A/sig10_15_25/srs_1.txt,srs_1.txt,1,5,3,25
data/SRS/Dataset_A/sig10_15_25/srs_1.txt,srs_1.txt,1,10,0,25
data/SRS/Dataset_A/sig10_15_25/srs_1.txt,srs_1.txt,1,10,1,25
data/SRS/Dataset_A/sig10_15_25/srs_1.txt,srs_1.txt,1,10,2,25
data/SRS/Dataset_A/sig10_15_25/srs_1.txt,srs_1.txt,1,10,3,25
data/SRS/Dataset_A/sig10_15_25/srs_10.txt,srs_10.txt,0,1,1,18
data/SRS/Dataset_A/sig10_15_25/srs_10.txt,srs_10.txt,0,1,2,18
data/SRS/Dataset_A/sig10_15_25/srs_10.txt,srs_10.txt,0,1,3,18
data/SRS/Dataset_A/sig10_15_25/srs_10.txt,srs_10.txt,0,5,0,18
data/SRS/Dataset_A/sig10_15_25/srs_10.txt,srs_10.txt,0,5,1,18
data/SRS/Dataset_A/sig10_15_25/srs_10.txt,srs_10.txt,0,5,2,18
data/SRS/Dataset_A/sig10_15_25/srs_10.txt,srs_10.txt,0,5,3,18
data/SRS/Dataset_A/sig10_15_25/srs_10.txt,srs_10.txt,0,10,0,18
data/SRS/Dataset_A/sig10_15_25/srs_10.txt,srs_10.txt,0,10,1,18
data/SRS/Dataset_A/sig10_15_25/srs_10.txt,srs_10.txt,0,10,2,18
data/SRS/Dataset_A/sig10_15_25/srs_10.txt,srs_10.txt,1,1,0,18
data/SRS/Dataset_A/sig10_15_25/srs_10.txt,srs_10.txt,1,1,1,18
data/SRS/Dataset_A/sig10_15_25/srs_10.txt,srs_10.txt,1,1,2,18
data/SRS/Dataset_A/sig10_15_25/srs_10.txt,srs_10.txt,1,1,3,18
data/SRS/Dataset_A/sig10_15_25/srs_10.txt,srs_10.txt,1,5,0,18
data/SRS/Dataset_A/sig10_15_25/srs_10.txt,srs_10.txt,1,5,1,18
data/SRS/Dataset_A/sig10_15_25/srs_10.txt,srs_10.txt,1,5,2,18
data/SRS/Dataset_A/sig10_15_25/srs_10.txt,srs_10.txt,1,5,3,18
data/SRS/Dataset_A/sig10_15_25/srs_10.txt,srs_10.txt,1,10,0,18
data/SRS/Dataset_A/sig10_15_25/srs_10.txt,srs_10.txt,1,10,1,18
data/SRS/Dataset_A/sig10_15_25/srs_10.txt,srs_10.txt,1,10,2,18
data/SRS/Dataset_A/sig10_15_25/srs_10.txt,srs_10.txt,1,10,3,18
data/SRS/Dataset_A/sig10_15_25/srs_100.txt,srs_100.txt,0,1,1,22
data/SRS/Dataset_A/sig10_15_25/srs_100.txt,srs_100.txt,0,1,2,22
data/SRS/Dataset_A/sig10_15_25/srs_100.txt,srs_100.txt,0,1,3,22
data/SRS/Dataset_A/sig10_15_25/srs_100.txt,srs_100.txt,0,5,0,22
data/SRS/Dataset_A/sig10_15_25/srs_100.txt,srs_100.txt,0,5,1,22
data/SRS/Dataset_A/sig10_15_25/srs_100.txt,srs_100.txt,0,5,2,22
data/SRS/Dataset_A/sig10_15_25/srs_100.txt,srs_100.txt,0,5,3,22
data/SRS/Dataset_A/sig10_15_25/srs_100.txt,srs_100.txt,0,10,0,22
data/SRS/Dataset_A/sig10_15_25/srs_100.txt,srs_100.txt,0,10,1,22
data/SRS/Dataset_A/sig10_15_25/srs_100.txt,srs_100.txt,0,10,2,22
data/SRS/Dataset_A/sig10_15_25/srs_100.txt,srs_100.txt,1,1,0,22
data/SRS/Dataset_A/sig10_15_25/srs_100.txt,srs_100.txt,1,1,1,22
data/SRS/Dataset_A/sig10_15_25/srs_100.txt,srs_100.txt,1,1,2,22
data/SRS/Dataset_A/sig10_15_25/srs_100.txt,srs_100.txt,1,1,3,22
data/SRS/Dataset_A/sig10_15_25/srs_100.txt,srs_100.txt,1,5,0,22
data/SRS/Dataset_A/sig10_15_25/srs_100.txt,srs_100.txt,1,5,1,22
data/SRS/Dataset_A/sig10_15_25/srs_100.txt,srs_100.txt,1,5,2,22
data/SRS/Dataset_A/sig10_15_25/srs_100.txt,srs_100.txt,1,5,3,22
data/SRS/Dataset_A/sig10_15_25/srs_100.txt,srs_100.txt,1,10,0,22
data/SRS/Dataset_A/sig10_15_25/srs_100.txt,srs_100.txt,1,10,1,22
data/SRS/Dataset_A/sig10_15_25/srs_100.txt,srs_100.txt,1,10,2,22
data/SRS/Dataset_A/sig10_15_25/srs_100.txt,srs_100.txt,1,10,3,22
data/SRS/Dataset_A/sig10_15_25/srs_101.txt,srs_101.txt,0,1,1,23
data/SRS/Dataset_A/sig10_15_25/srs_101.txt,srs_101.txt,0,1,2,23
data/SRS/Dataset_A/sig10_15_25/srs_101.txt,srs_101.txt,0,1,3,23
data/SRS/Dataset_A/sig10_15_25/srs_101.txt,srs_101.txt,0,5,0,23
data/SRS/Dataset_A/sig10_15_25/srs_101.txt,srs_101.txt,0,5,1,23
data/SRS/Dataset_A/sig10_15_25/srs_101.txt,srs_101.txt,0,5,2,23
data/SRS/Dataset_A/sig10_15_25/srs_101.txt,srs_101.txt,0,5,3,23
data/SRS/Dataset_A/sig10_15_25/srs_101.txt,srs_101.txt,0,10,0,23
data/SRS/Dataset_A/sig10_15_25/srs_101.txt,srs_101.txt,0,10,1,23
data/SRS/Dataset_A/sig10_15_25/srs_101.txt,srs_101.txt,0,10,2,23
data/SRS/Dataset_A/sig10_15_25/srs_101.txt,srs_101.txt,1,1,0,23
data/SRS/Dataset_A/sig10_15_25/srs_101.txt,srs_101.txt,1,1,1,23
data/SRS/Dataset_A/sig10_15_25/srs_101.txt,srs_101.txt,1,1,2,23
data/SRS/Dataset_A/sig10_15_25/srs_101.txt,srs_101.txt,1,1,3,23
data/SRS/Dataset_A/sig10_15_25/srs_101.txt,srs_101.txt,1,5,0,23
data/SRS/Dataset_A/sig10_15_25/srs_101.txt,srs_101.txt,1,5,1,23
data/SRS/Dataset_A/sig10_15_25/srs_101.txt,srs_101.txt,1,5,2,23
data/SRS/Dataset_A/sig10_15_25/srs_101.txt,srs_101.txt,1,5,3,23
data/SRS/Dataset_A/sig10_15_25/srs_101.txt,srs_101.txt,1,10,0,23
data/SRS/Dataset_A/sig10_15_25/srs_101.txt,srs_101.txt,1,10,1,23
data/SRS/Dataset_A/sig10_15_25/srs_101.txt,srs_101.txt,1,10,2,23
data/SRS/Dataset_A/sig10_15_25/srs_101.txt,srs_101.txt,1,10,3,23
data/SRS/Dataset_A/sig10_15_25/srs_102.txt,srs_102.txt,0,1,1,19
data/SRS/Dataset_A/sig10_15_25/srs_102.txt,srs_102.txt,0,1,2,19
data/SRS/Dataset_A/sig10_15_25/srs_102.txt,srs_102.txt,0,1,3,19
data/SRS/Dataset_A/sig10_15_25/srs_102.txt,srs_102.txt,0,5,0,19
data/SRS/Dataset_A/sig10_15_25/srs_102.txt,srs_102.txt,0,5,1,19
data/SRS/Dataset_A/sig10_15_25/srs_102.txt,srs_102.txt,0,5,2,19
data/SRS/Dataset_A/sig10_15_25/srs_102.txt,srs_102.txt,0,5,3,19
data/SRS/Dataset_A/sig10_15_25/srs_102.txt,srs_102.txt,0,10,0,19
data/SRS/Dataset_A/sig10_15_25/srs_102.txt,srs_102.txt,0,10,1,19
data/SRS/Dataset_A/sig10_15_25/srs_102.txt,srs_102.txt,0,10,2,19
data/SRS/Dataset_A/sig10_15_25/srs_102.txt,srs_102.txt,1,1,0,19
data/SRS/Dataset_A/sig10_15_25/srs_102.txt,srs_102.txt,1,1,1,19
data/SRS/Dataset_A/sig10_15_25/srs_102.txt,srs_102.txt,1,1,2,19
data/SRS/Dataset_A/sig10_15_25/srs_102.txt,srs_102.txt,1,1,3,19
data/SRS/Dataset_A/sig10_15_25/srs_102.txt,srs_102.txt,1,5,0,19
data/SRS/Dataset_A/sig10_15_25/srs_102.txt,srs_102.txt,1,5,1,19
data/SRS/Dataset_A/sig10_15_25/srs_102.txt,srs_102.txt,1,5,2,19
data/SRS/Dataset_A/sig10_15_25/srs_102.txt,srs_102.txt,1,5,3,19
data/SRS/Dataset_A/sig10_15_25/srs_102.txt,srs_102.txt,1,10,0,19
data/SRS/Dataset_A/sig10_15_25/srs_102.txt,srs_102.txt,1,10,1,19
data/SRS/Dataset_A/sig10_15_25/srs_102.txt,srs_102.txt,1,10,2,19
data/SRS/Dataset_A/sig10_15_25/srs_102.txt,srs_102.txt,1,10,3,19
data/SRS/Dataset_A/sig10_15_25/srs_103.txt,srs_103.txt,0,1,1,23
data/SRS/Dataset_A/sig10_15_25/srs_103.txt,srs_103.txt,0,1,2,23
data/SRS/Dataset_A/sig10_15_25/srs_103.txt,srs_103.txt,0,1,3,23
data/SRS/Dataset_A/sig10_15_25/srs_103.txt,srs_103.txt,0,5,0,23
data/SRS/Dataset_A/sig10_15_25/srs_103.txt,srs_103.txt,0,5,1,23
data/SRS/Dataset_A/sig10_15_25/srs_103.txt,srs_103.txt,0,5,2,23
data/SRS/Dataset_A/sig10_15_25/srs_103.txt,srs_103.txt,0,5,3,23
data/SRS/Dataset_A/sig10_15_25/srs_103.txt,srs_103.txt,0,10,0,23
data/SRS/Dataset_A/sig10_15_25/srs_103.txt,srs_103.txt,0,10,1,23
data/SRS/Dataset_A/sig10_15_25/srs_103.txt,srs_103.txt,0,10,2,23
data/SRS/Dataset_A/sig10_15_25/srs_103.txt,srs_103.txt,1,1,0,23
data/SRS/Dataset_A/sig10_15_25/srs_103.txt,srs_103.txt,1,1,1,23
data/SRS/Dataset_A/sig10_15_25/srs_103.txt,srs_103.txt,1,1,2,23
data/SRS/Dataset_A/sig10_15_25/srs_103.txt,srs_103.txt,1,1,3,23
data/SRS/Dataset_A/sig10_15_25/srs_103.txt,srs_103.txt,1,5,0,23
data/SRS/Dataset_A/sig10_15_25/srs_103.txt,srs_103.txt,1,5,1,23
data/SRS/Dataset_A/sig10_15_25/srs_103.txt,srs_103.txt,1,5,2,23
data/SRS/Dataset_A/sig10_15_25/srs_103.txt,srs_103.txt,1,5,3,23
data/SRS/Dataset_A/sig10_15_25/srs_103.txt,srs_103.txt,1,10,0,23
data/SRS/Dataset_A/sig10_15_25/srs_103.txt,srs_103.txt,1,10,1,23
data/SRS/Dataset_A/sig10_15_25/srs_103.txt,srs_103.txt,1,10,2,23
data/SRS/Dataset_A/sig10_15_25/srs_103.txt,srs_103.txt,1,10,3,23
data/SRS/Dataset_A/sig10_15_25/srs_104.txt,srs_104.txt,0,1,1,23
data/SRS/Dataset_A/sig10_15_25/srs_104.txt,srs_104.txt,0,1,2,23
data/SRS/Dataset_A/sig10_15_25/srs_104.txt,srs_104.txt,0,1,3,23
data/SRS/Dataset_A/sig10_15_25/srs_104.txt,srs_104.txt,0,5,0,23
data/SRS/Dataset_A/sig10_15_25/srs_104.txt,srs_104.txt,0,5,1,23
data/SRS/Dataset_A/sig10_15_25/srs_104.txt,srs_104.txt,0,5,2,23
data/SRS/Dataset_A/sig10_15_25/srs_104.txt,srs_104.txt,0,5,3,23
data/SRS/Dataset_A/sig10_15_25/srs_104.txt,srs_104.txt,0,10,0,23
data/SRS/Dataset_A/sig10_15_25/srs_104.txt,srs_104.txt,0,10,1,23
data/SRS/Dataset_A/sig10_15_25/srs_104.txt,srs_104.txt,0,10,2,23
data/SRS/Dataset_A/sig10_15_25/srs_104.txt,srs_104.txt,1,1,0,23
data/SRS/Dataset_A/sig10_15_25/srs_104.txt,srs_104.txt,1,1,1,23
data/SRS/Dataset_A/sig10_15_25/srs_104.txt,srs_104.txt,1,1,2,23
data/SRS/Dataset_A/sig10_15_25/srs_104.txt,srs_104.txt,1,1,3,23
data/SRS/Dataset_A/sig10_15_25/srs_104.txt,srs_104.txt,1,5,0,23
data/SRS/Dataset_A/sig10_15_25/srs_104.txt,srs_104.txt,1,5,1,23
data/SRS/Dataset_A/sig10_15_25/srs_104.txt,srs_104.txt,1,5,2,23
data/SRS/Dataset_A/sig10_15_25/srs_104.txt,srs_104.txt,1,5,3,23
data/SRS/Dataset_A/sig10_15_25/srs_104.txt,srs_104.txt,1,10,0,23
data/SRS/Dataset_A/sig10_15_25/srs_104.txt,srs_104.txt,1,10,1,23
data/SRS/Dataset_A/sig10_15_25/srs_104.txt,srs_104.txt,1,10,2,23
data/SRS/Dataset_A/sig10_15_25/srs_104.txt,srs_104.txt,1,10,3,23
data/SRS/Dataset_A/sig10_15_25/srs_105.txt,srs_105.txt,0,1,1,16
data/SRS/Dataset_A/sig10_15_25/srs_105.txt,srs_105.txt,0,1,2,16
data/SRS/Dataset_A/sig10_15_25/srs_105.txt,srs_105.txt,0,1,3,16
data/SRS/Dataset_A/sig10_15_25/srs_105.txt,srs_105.txt,0,5,0,16
data/SRS/Dataset_A/sig10_15_25/srs_105.txt,srs_105.txt,0,5,1,16
data/SRS/Dataset_A/sig10_15_25/srs_105.txt,srs_105.txt,0,5,2,16
data/SRS/Dataset_A/sig10_15_25/srs_105.txt,srs_105.txt,0,5,3,16
data/SRS/Dataset_A/sig10_15_25/srs_105.txt,srs_105.txt,0,10,0,16
data/SRS/Dataset_A/sig10_15_25/srs_105.txt,srs_105.txt,0,10,1,16
data/SRS/Dataset_A/sig10_15_25/srs_105.txt,srs_105.txt,0,10,2,16
data/SRS/Dataset_A/sig10_15_25/srs_105.txt,srs_105.txt,1,1,0,16
data/SRS/Dataset_A/sig10_15_25/srs_105.txt,srs_105.txt,1,1,1,16
data/SRS/Dataset_A/sig10_15_25/srs_105.txt,srs_105.txt,1,1,2,16
data/SRS/Dataset_A/sig10_15_25/srs_105.txt,srs_105.txt,1,1,3,16
data/SRS/Dataset_A/sig10_15_25/srs_105.txt,srs_105.txt,1,5,0,16
data/SRS/Dataset_A/sig10_15_25/srs_105.txt,srs_105.txt,1,5,1,16
data/SRS/Dataset_A/sig10_15_25/srs_105.txt,srs_105.txt,1,5,2,16
data/SRS/Dataset_A/sig10_15_25/srs_105.txt,srs_105.txt,1,5,3,16
data/SRS/Dataset_A/sig10_15_25/srs_105.txt,srs_105.txt,1,10,0,16
data/SRS/Dataset_A/sig10_15_25/srs_105.txt,srs_105.txt,1,10,1,16
data/SRS/Dataset_A/sig10_15_25/srs_105.txt,srs_105.txt,1,10,2,16
data/SRS/Dataset_A/sig10_15_25/srs_105.txt,srs_105.txt,1,10,3,16
data/SRS/Dataset_A/sig10_15_25/srs_106.txt,srs_106.txt,0,1,1,21
data/SRS/Dataset_A/sig10_15_25/srs_106.txt,srs_106.txt,0,1,2,21
data/SRS/Dataset_A/sig10_15_25/srs_106.txt,srs_106.txt,0,1,3,21
data/SRS/Dataset_A/sig10_15_25/srs_106.txt,srs_106.txt,0,5,0,21
data/SRS/Dataset_A/sig10_15_25/srs_106.txt,srs_106.txt,0,5,1,21
data/SRS/Dataset_A/sig10_15_25/srs_106.txt,srs_106.txt,0,5,2,21
data/SRS/Dataset_A/sig10_15_25/srs_106.txt,srs_106.txt,0,5,3,21
data/SRS/Dataset_A/sig10_15_25/srs_106.txt,srs_106.txt,0,10,0,21
data/SRS/Dataset_A/sig10_15_25/srs_106.txt,srs_106.txt,0,10,1,21
data/SRS/Dataset_A/sig10_15_25/srs_106.txt,srs_106.txt,0,10,2,21
data/SRS/Dataset_A/sig10_15_25/srs_106.txt,srs_106.txt,1,1,0,21
data/SRS/Dataset_A/sig10_15_25/srs_106.txt,srs_106.txt,1,1,1,21
data/SRS/Dataset_A/sig10_15_25/srs_106.txt,srs_106.txt,1,1,2,21
data/SRS/Dataset_A/sig10_15_25/srs_106.txt,srs_106.txt,1,1,3,21
data/SRS/Dataset_A/sig10_15_25/srs_106.txt,srs_106.txt,1,5,0,21
data/SRS/Dataset_A/sig10_15_25/srs_106.txt,srs_106.txt,1,5,1,21
data/SRS/Dataset_A/sig10_15_25/srs_106.txt,srs_106.txt,1,5,2,21
data/SRS/Dataset_A/sig10_15_25/srs_106.txt,srs_106.txt,1,5,3,21
data/SRS/Dataset_A/sig10_15_25/srs_106.txt,srs_106.txt,1,10,0,21
data/SRS/Dataset_A/sig10_15_25/srs_106.txt,srs_106.txt,1,10,1,21
data/SRS/Dataset_A/sig10_15_25/srs_106.txt,srs_106.txt,1,10,2,21
data/SRS/Dataset_A/sig10_15_25/srs_106.txt,srs_106.txt,1,10,3,21
data/SRS/Dataset_A/sig10_15_25/srs_107.txt,srs_107.txt,0,1,1,16
data/SRS/Dataset_A/sig10_15_25/srs_107.txt,srs_107.txt,0,1,2,16
data/SRS/Dataset_A/sig10_15_25/srs_107.txt,srs_107.txt,0,1,3,16
data/SRS/Dataset_A/sig10_15_25/srs_107.txt,srs_107.txt,0,5,0,16
data/SRS/Dataset_A/sig10_15_25/srs_107.txt,srs_107.txt,0,5,1,16
data/SRS/Dataset_A/sig10_15_25/srs_107.txt,srs_107.txt,0,5,2,16
data/SRS/Dataset_A/sig10_15_25/srs_107.txt,srs_107.txt,0,5,3,16
data/SRS/Dataset_A/sig10_15_25/srs_107.txt,srs_107.txt,0,10,0,16
data/SRS/Dataset_A/sig10_15_25/srs_107.txt,srs_107.txt,0,10,1,16
data/SRS/Dataset_A/sig10_15_25/srs_107.txt,srs_107.txt,0,10,2,16
data/SRS/Dataset_A/sig10_15_25/srs_107.txt,srs_107.txt,1,1,0,16
data/SRS/Dataset_A/sig10_15_25/srs_107.txt,srs_107.txt,1,1,1,16
data/SRS/Dataset_A/sig10_15_25/srs_107.txt,srs_107.txt,1,1,2,16
data/SRS/Dataset_A/sig10_15_25/srs_107.txt,srs_107.txt,1,1,3,16
data/SRS/Dataset_A/sig10_15_25/srs_107.txt,srs_107.txt,1,5,0,16
data/SRS/Dataset_A/sig10_15_25/srs_107.txt,srs_107.txt,1,5,1,16
data/SRS/Dataset_A/sig10_15_25/srs_107.txt,srs_107.txt,1,5,2,16
data/SRS/Dataset_A/sig10_15_25/srs_107.txt,srs_107.txt,1,5,3,16
data/SRS/Dataset_A/sig10_15_25/srs_107.txt,srs_107.txt,1,10,0,16
data/SRS/Dataset_A/sig10_15_25/srs_107.txt,srs_107.txt,1,10,1,16
data/SRS/Dataset_A/sig10_15_25/srs_107.txt,srs_107.txt,1,10,2,16
data/SRS/Dataset_A/sig10_15_25/srs_107.txt,srs_107.txt,1,10,3,16
data/SRS/Dataset_A/sig10_15_25/srs_108.txt,srs_108.txt,0,1,1,25
data/SRS/Dataset_A/sig10_15_25/srs_108.txt,srs_108.txt,0,1,2,25
data/SRS/Dataset_A/sig10_15_25/srs_108.txt,srs_108.txt,0,1,3,25
data/SRS/Dataset_A/sig10_15_25/srs_108.txt,srs_108.txt,0,5,0,25
data/SRS/Dataset_A/sig10_15_25/srs_108.txt,srs_108.txt,0,5,1,25
data/SRS/Dataset_A/sig10_15_25/srs_108.txt,srs_108.txt,0,5,2,25
data/SRS/Dataset_A/sig10_15_25/srs_108.txt,srs_108.txt,0,5,3,25
data/SRS/Dataset_A/sig10_15_25/srs_108.txt,srs_108.txt,0,10,0,25
data/SRS/Dataset_A/sig10_15_25/srs_108.txt,srs_108.txt,0,10,1,25
data/SRS/Dataset_A/sig10_15_25/srs_108.txt,srs_108.txt,0,10,2,25
data/SRS/Dataset_A/sig10_15_25/srs_108.txt,srs_108.txt,1,1,0,25
data/SRS/Dataset_A/sig10_15_25/srs_108.txt,srs_108.txt,1,1,1,25
data/SRS/Dataset_A/sig10_15_25/srs_108.txt,srs_108.txt,1,1,2,25
data/SRS/Dataset_A/sig10_15_25/srs_108.txt,srs_108.txt,1,1,3,25
data/SRS/Dataset_A/sig10_15_25/srs_108.txt,srs_108.txt,1,5,0,25
data/SRS/Dataset_A/sig10_15_25/srs_108.txt,srs_108.txt,1,5,1,25
data/SRS/Dataset_A/sig10_15_25/srs_108.txt,srs_108.txt,1,5,2,25
data/SRS/Dataset_A/sig10_15_25/srs_108.txt,srs_108.txt,1,5,3,25
data/SRS/Dataset_A/sig10_15_25/srs_108.txt,srs_108.txt,1,10,0,25
data/SRS/Dataset_A/sig10_15_25/srs_108.txt,srs_108.txt,1,10,1,25
data/SRS/Dataset_A/sig10_15_25/srs_108.txt,srs_108.txt,1,10,2,25
data/SRS/Dataset_A/sig10_15_25/srs_108.txt,srs_108.txt,1,10,3,25
data/SRS/Dataset_A/sig10_15_25/srs_109.txt,srs_109.txt,0,1,1,21
data/SRS/Dataset_A/sig10_15_25/srs_109.txt,srs_109.txt,0,1,2,21
data/SRS/Dataset_A/sig10_15_25/srs_109.txt,srs_109.txt,0,1,3,21
data/SRS/Dataset_A/sig10_15_25/srs_109.txt,srs_109.txt,0,5,0,21
data/SRS/Dataset_A/sig10_15_25/srs_109.txt,srs_109.txt,0,5,1,21
data/SRS/Dataset_A/sig10_15_25/srs_109.txt,srs_109.txt,0,5,2,21
data/SRS/Dataset_A/sig10_15_25/srs_109.txt,srs_109.txt,0,5,3,21
data/SRS/Dataset_A/sig10_15_25/srs_109.txt,srs_109.txt,0,10,0,21
data/SRS/Dataset_A/sig10_15_25/srs_109.txt,srs_109.txt,0,10,1,21
data/SRS/Dataset_A/sig10_15_25/srs_109.txt,srs_109.txt,0,10,2,21
data/SRS/Dataset_A/sig10_15_25/srs_109.txt,srs_109.txt,1,1,0,21
data/SRS/Dataset_A/sig10_15_25/srs_109.txt,srs_109.txt,1,1,1,21
data/SRS/Dataset_A/sig10_15_25/srs_109.txt,srs_109.txt,1,1,2,21
data/SRS/Dataset_A/sig10_15_25/srs_109.txt,srs_109.txt,1,1,3,21
data/SRS/Dataset_A/sig10_15_25/srs_109.txt,srs_109.txt,1,5,0,21
data/SRS/Dataset_A/sig10_15_25/srs_109.txt,srs_109.txt,1,5,1,21
data/SRS/Dataset_A/sig10_15_25/srs_109.txt,srs_109.txt,1,5,2,21
data/SRS/Dataset_A/sig10_15_25/srs_109.txt,srs_109.txt,1,5,3,21
data/SRS/Dataset_A/sig10_15_25/srs_109.txt,srs_109.txt,1,10,0,21
data/SRS/Dataset_A/sig10_15_25/srs_109.txt,srs_109.txt,1,10,1,21
data/SRS/Dataset_A/sig10_15_25/srs_109.txt,srs_109.txt,1,10,2,21
data/SRS/Dataset_A/sig10_15_25/srs_109.txt,srs_109.txt,1,10,3,21
data/SRS/Dataset_A/sig10_15_25/srs_11.txt,srs_11.txt,0,1,1,19
data/SRS/Dataset_A/sig10_15_25/srs_11.txt,srs_11.txt,0,1,2,19
data/SRS/Dataset_A/sig10_15_25/srs_11.txt,srs_11.txt,0,1,3,19
data/SRS/Dataset_A/sig10_15_25/srs_11.txt,srs_11.txt,0,5,0,19
data/SRS/Dataset_A/sig10_15_25/srs_11.txt,srs_11.txt,0,5,1,19
data/SRS/Dataset_A/sig10_15_25/srs_11.txt,srs_11.txt,0,5,2,19
data/SRS/Dataset_A/sig10_15_25/srs_11.txt,srs_11.txt,0,5,3,19
data/SRS/Dataset_A/sig10_15_25/srs_11.txt,srs_11.txt,0,10,0,19
data/SRS/Dataset_A/sig10_15_25/srs_11.txt,srs_11.txt,0,10,1,19
data/SRS/Dataset_A/sig10_15_25/srs_11.txt,srs_11.txt,0,10,2,19
data/SRS/Dataset_A/sig10_15_25/srs_11.txt,srs_11.txt,1,1,0,19
data/SRS/Dataset_A/sig10_15_25/srs_11.txt,srs_11.txt,1,1,1,19
data/SRS/Dataset_A/sig10_15_25/srs_11.txt,srs_11.txt,1,1,2,19
data/SRS/Dataset_A/sig10_15_25/srs_11.txt,srs_11.txt,1,1,3,19
data/SRS/Dataset_A/sig10_15_25/srs_11.txt,srs_11.txt,1,5,0,19
data/SRS/Dataset_A/sig10_15_25/srs_11.txt,srs_11.txt,1,5,1,19
data/SRS/Dataset_A/sig10_15_25/srs_11.txt,srs_11.txt,1,5,2,19
data/SRS/Dataset_A/sig10_15_25/srs_11.txt,srs_11.txt,1,5,3,19
data/SRS/Dataset_A/sig10_15_25/srs_11.txt,srs_11.txt,1,10,0,19
data/SRS/Dataset_A/sig10_15_25/srs_11.txt,srs_11.txt,1,10,1,19
data/SRS/Dataset_A/sig10_15_25/srs_11.txt,srs_11.txt,1,10,2,19
data/SRS/Dataset_A/sig10_15_25/srs_11.txt,srs_11.txt,1,10,3,19
data/SRS/Dataset_A/sig10_15_25/srs_110.txt,srs_110.txt,0,1,1,22
data/SRS/Dataset_A/sig10_15_25/srs_110.txt,srs_110.txt,0,1,2,22
data/SRS/Dataset_A/sig10_15_25/srs_110.txt,srs_110.txt,0,1,3,22
data/SRS/Dataset_A/sig10_15_25/srs_110.txt,srs_110.txt,0,5,0,22
data/SRS/Dataset_A/sig10_15_25/srs_110.txt,srs_110.txt,0,5,1,22
data/SRS/Dataset_A/sig10_15_25/srs_110.txt,srs_110.txt,0,5,2,22
data/SRS/Dataset_A/sig10_15_25/srs_110.txt,srs_110.txt,0,5,3,22
data/SRS/Dataset_A/sig10_15_25/srs_110.txt,srs_110.txt,0,10,0,22
data/SRS/Dataset_A/sig10_15_25/srs_110.txt,srs_110.txt,0,10,1,22
data/SRS/Dataset_A/sig10_15_25/srs_110.txt,srs_110.txt,0,10,2,22
data/SRS/Dataset_A/sig10_15_25/srs_110.txt,srs_110.txt,1,1,0,22
data/SRS/Dataset_A/sig10_15_25/srs_110.txt,srs_110.txt,1,1,1,22
data/SRS/Dataset_A/sig10_15_25/srs_110.txt,srs_110.txt,1,1,2,22
data/SRS/Dataset_A/sig10_15_25/srs_110.txt,srs_110.txt,1,1,3,22
data/SRS/Dataset_A/sig10_15_25/srs_110.txt,srs_110.txt,1,5,0,22
data/SRS/Dataset_A/sig10_15_25/srs_110.txt,srs_110.txt,1,5,1,22
data/SRS/Dataset_A/sig10_15_25/srs_110.txt,srs_110.txt,1,5,2,22
data/SRS/Dataset_A/sig10_15_25/srs_110.txt,srs_110.txt,1,5,3,22
data/SRS/Dataset_A/sig10_15_25/srs_110.txt,srs_110.txt,1,10,0,22
data/SRS/Dataset_A/sig10_15_25/srs_110.txt,srs_110.txt,1,10,1,22
data/SRS/Dataset_A/sig10_15_25/srs_110.txt,srs_110.txt,1,10,2,22
data/SRS/Dataset_A/sig10_15_25/srs_110.txt,srs_110.txt,1,10,3,22
data/SRS/Dataset_A/sig10_15_25/srs_111.txt,srs_111.txt,0,1,1,15
data/SRS/Dataset_A/sig10_15_25/srs_111.txt,srs_111.txt,0,1,2,15
data/SRS/Dataset_A/sig10_15_25/srs_111.txt,srs_111.txt,0,1,3,15
data/SRS/Dataset_A/sig10_15_25/srs_111.txt,srs_111.txt,0,5,0,15
data/SRS/Dataset_A/sig10_15_25/srs_111.txt,srs_111.txt,0,5,1,15
data/SRS/Dataset_A/sig10_15_25/srs_111.txt,srs_111.txt,0,5,2,15
data/SRS/Dataset_A/sig10_15_25/srs_111.txt,srs_111.txt,0,5,3,15
data/SRS/Dataset_A/sig10_15_25/srs_111.txt,srs_111.txt,0,10,0,15
data/SRS/Dataset_A/sig10_15_25/srs_111.txt,srs_111.txt,0,10,1,15
data/SRS/Dataset_A/sig10_15_25/srs_111.txt,srs_111.txt,0,10,2,15
data/SRS/Dataset_A/sig10_15_25/srs_111.txt,srs_111.txt,1,1,0,15
data/SRS/Dataset_A/sig10_15_25/srs_111.txt,srs_111.txt,1,1,1,15
data/SRS/Dataset_A/sig10_15_25/srs_111.txt,srs_111.txt,1,1,2,15
data/SRS/Dataset_A/sig10_15_25/srs_111.txt,srs_111.txt,1,1,3,15
data/SRS/Dataset_A/sig10_15_25/srs_111.txt,srs_111.txt,1,5,0,15
data/SRS/Dataset_A/sig10_15_25/srs_111.txt,srs_111.txt,1,5,1,15
data/SRS/Dataset_A/sig10_15_25/srs_111.txt,srs_111.txt,1,5,2,15
data/SRS/Dataset_A/sig10_15_25/srs_111.txt,srs_111.txt,1,5,3,15
data/SRS/Dataset_A/sig10_15_25/srs_111.txt,srs_111.txt,1,10,0,15
data/SRS/Dataset_A/sig10_15_25/srs_111.txt,srs_111.txt,1,10,1,15
data/SRS/Dataset_A/sig10_15_25/srs_111.txt,srs_111.txt,1,10,2,15
data/SRS/Dataset_A/sig10_15_25/srs_111.txt,srs_111.txt,1,10,3,15
data/SRS/Dataset_A/sig10_15_25/srs_112.txt,srs_112.txt,0,1,1,17
data/SRS/Dataset_A/sig10_15_25/srs_112.txt,srs_112.txt,0,1,2,17
data/SRS/Dataset_A/sig10_15_25/srs_112.txt,srs_112.txt,0,1,3,17
data/SRS/Dataset_A/sig10_15_25/srs_112.txt,srs_112.txt,0,5,0,17
data/SRS/Dataset_A/sig10_15_25/srs_112.txt,srs_112.txt,0,5,1,17
data/SRS/Dataset_A/sig10_15_25/srs_112.txt,srs_112.txt,0,5,2,17
data/SRS/Dataset_A/sig10_15_25/srs_112.txt,srs_112.txt,0,5,3,17
data/SRS/Dataset_A/sig10_15_25/srs_112.txt,srs_112.txt,0,10,0,17
data/SRS/Dataset_A/sig10_15_25/srs_112.txt,srs_112.txt,0,10,1,17
data/SRS/Dataset_A/sig10_15_25/srs_112.txt,srs_112.txt,0,10,2,17
data/SRS/Dataset_A/sig10_15_25/srs_112.txt,srs_112.txt,1,1,0,17
data/SRS/Dataset_A/sig10_15_25/srs_112.txt,srs_112.txt,1,1,1,17
data/SRS/Dataset_A/sig10_15_25/srs_112.txt,srs_112.txt,1,1,2,17
data/SRS/Dataset_A/sig10_15_25/srs_112.txt,srs_112.txt,1,1,3,17
data/SRS/Dataset_A/sig10_15_25/srs_112.txt,srs_112.txt,1,5,0,17
data/SRS/Dataset_A/sig10_15_25/srs_112.txt,srs_112.txt,1,5,1,17
data/SRS/Dataset_A/sig10_15_25/srs_112.txt,srs_112.txt,1,5,2,17
data/SRS/Dataset_A/sig10_15_25/srs_112.txt,srs_112.txt,1,5,3,17
data/SRS/Dataset_A/sig10_15_25/srs_112.txt,srs_112.txt,1,10,0,17
data/SRS/Dataset_A/sig10_15_25/srs_112.txt,srs_112.txt,1,10,1,17
data/SRS/Dataset_A/sig10_15_25/srs_112.txt,srs_112.txt,1,10,2,17
data/SRS/Dataset_A/sig10_15_25/srs_112.txt,srs_112.txt,1,10,3,17
data/SRS/Dataset_A/sig10_15_25/srs_113.txt,srs_113.txt,0,1,1,23
data/SRS/Dataset_A/sig10_15_25/srs_113.txt,srs_113.txt,0,1,2,23
data/SRS/Dataset_A/sig10_15_25/srs_113.txt,srs_113.txt,0,1,3,23
data/SRS/Dataset_A/sig10_15_25/srs_113.txt,srs_113.txt,0,5,0,23
data/SRS/Dataset_A/sig10_15_25/srs_113.txt,srs_113.txt,0,5,1,23
data/SRS/Dataset_A/sig10_15_25/srs_113.txt,srs_113.txt,0,5,2,23
data/SRS/Dataset_A/sig10_15_25/srs_113.txt,srs_113.txt,0,5,3,23
data/SRS/Dataset_A/sig10_15_25/srs_113.txt,srs_113.txt,0,10,0,23
data/SRS/Dataset_A/sig10_15_25/srs_113.txt,srs_113.txt,0,10,1,23
data/SRS/Dataset_A/sig10_15_25/srs_113.txt,srs_113.txt,0,10,2,23
data/SRS/Dataset_A/sig10_15_25/srs_113.txt,srs_113.txt,1,1,0,23
data/SRS/Dataset_A/sig10_15_25/srs_113.txt,srs_113.txt,1,1,1,23
data/SRS/Dataset_A/sig10_15_25/srs_113.txt,srs_113.txt,1,1,2,23
data/SRS/Dataset_A/sig10_15_25/srs_113.txt,srs_113.txt,1,1,3,23
data/SRS/Dataset_A/sig10_15_25/srs_113.txt,srs_113.txt,1,5,0,23
data/SRS/Dataset_A/sig10_15_25/srs_113.txt,srs_113.txt,1,5,1,23
data/SRS/Dataset_A/sig10_15_25/srs_113.txt,srs_113.txt,1,5,2,23
data/SRS/Dataset_A/sig10_15_25/srs_113.txt,srs_113.txt,1,5,3,23
data/SRS/Dataset_A/sig10_15_25/srs_113.txt,srs_113.txt,1,10,0,23
data/SRS/Dataset_A/sig10_15_25/srs_113.txt,srs_113.txt,1,10,1,23
data/SRS/Dataset_A/sig10_15_25/srs_113.txt,srs_113.txt,1,10,2,23
data/SRS/Dataset_A/sig10_15_25/srs_113.txt,srs_113.txt,1,10,3,23
data/SRS/Dataset_A/sig10_15_25/srs_114.txt,srs_114.txt,0,1,1,19
data/SRS/Dataset_A/sig10_15_25/srs_114.txt,srs_114.txt,0,1,2,19
data/SRS/Dataset_A/sig10_15_25/srs_114.txt,srs_114.txt,0,1,3,19
data/SRS/Dataset_A/sig10_15_25/srs_114.txt,srs_114.txt,0,5,0,19
data/SRS/Dataset_A/sig10_15_25/srs_114.txt,srs_114.txt,0,5,1,19
data/SRS/Dataset_A/sig10_15_25/srs_114.txt,srs_114.txt,0,5,2,19
data/SRS/Dataset_A/sig10_15_25/srs_114.txt,srs_114.txt,0,5,3,19
data/SRS/Dataset_A/sig10_15_25/srs_114.txt,srs_114.txt,0,10,0,19
data/SRS/Dataset_A/sig10_15_25/srs_114.txt,srs_114.txt,0,10,1,19
data/SRS/Dataset_A/sig10_15_25/srs_114.txt,srs_114.txt,0,10,2,19
data/SRS/Dataset_A/sig10_15_25/srs_114.txt,srs_114.txt,1,1,0,19
data/SRS/Dataset_A/sig10_15_25/srs_114.txt,srs_114.txt,1,1,1,19
data/SRS/Dataset_A/sig10_15_25/srs_114.txt,srs_114.txt,1,1,2,19
data/SRS/Dataset_A/sig10_15_25/srs_114.txt,srs_114.txt,1,1,3,19
data/SRS/Dataset_A/sig10_15_25/srs_114.txt,srs_114.txt,1,5,0,19
data/SRS/Dataset_A/sig10_15_25/srs_114.txt,srs_114.txt,1,5,1,19
data/SRS/Dataset_A/sig10_15_25/srs_114.txt,srs_114.txt,1,5,2,19
data/SRS/Dataset_A/sig10_15_25/srs_114.txt,srs_114.txt,1,5,3,19
data/SRS/Dataset_A/sig10_15_25/srs_114.txt,srs_114.txt,1,10,0,19
data/SRS/Dataset_A/sig10_15_25/srs_114.txt,srs_114.txt,1,10,1,19
data/SRS/Dataset_A/sig10_15_25/srs_114.txt,srs_114.txt,1,10,2,19
data/SRS/Dataset_A/sig10_15_25/srs_114.txt,srs_114.txt,1,10,3,19
data/SRS/Dataset_A/sig10_15_25/srs_115.txt,srs_115.txt,0,1,1,20
data/SRS/Dataset_A/sig10_15_25/srs_115.txt,srs_115.txt,0,1,2,20
data/SRS/Dataset_A/sig10_15_25/srs_115.txt,srs_115.txt,0,1,3,20
data/SRS/Dataset_A/sig10_15_25/srs_115.txt,srs_115.txt,0,5,0,20
data/SRS/Dataset_A/sig10_15_25/srs_115.txt,srs_115.txt,0,5,1,20
data/SRS/Dataset_A/sig10_15_25/srs_115.txt,srs_115.txt,0,5,2,20
data/SRS/Dataset_A/sig10_15_25/srs_115.txt,srs_115.txt,0,5,3,20
data/SRS/Dataset_A/sig10_15_25/srs_115.txt,srs_115.txt,0,10,0,20
data/SRS/Dataset_A/sig10_15_25/srs_115.txt,srs_115.txt,0,10,1,20
data/SRS/Dataset_A/sig10_15_25/srs_115.txt,srs_115.txt,0,10,2,20
data/SRS/Dataset_A/sig10_15_25/srs_115.txt,srs_115.txt,1,1,0,20
data/SRS/Dataset_A/sig10_15_25/srs_115.txt,srs_115.txt,1,1,1,20
data/SRS/Dataset_A/sig10_15_25/srs_115.txt,srs_115.txt,1,1,2,20
data/SRS/Dataset_A/sig10_15_25/srs_115.txt,srs_115.txt,1,1,3,20
data/SRS/Dataset_A/sig10_15_25/srs_115.txt,srs_115.txt,1,5,0,20
data/SRS/Dataset_A/sig10_15_25/srs_115.txt,srs_115.txt,1,5,1,20
data/SRS/Dataset_A/sig10_15_25/srs_115.txt,srs_115.txt,1,5,2,20
data/SRS/Dataset_A/sig10_15_25/srs_115.txt,srs_115.txt,1,5,3,20
data/SRS/Dataset_A/sig10_15_25/srs_115.txt,srs_115.txt,1,10,0,20
data/SRS/Dataset_A/sig10_15_25/srs_115.txt,srs_115.txt,1,10,1,20
data/SRS/Dataset_A/sig10_15_25/srs_115.txt,srs_115.txt,1,10,2,20
data/SRS/Dataset_A/sig10_15_25/srs_115.txt,srs_115.txt,1,10,3,20
data/SRS/Dataset_A/sig10_15_25/srs_116.txt,srs_116.txt,0,1,1,21
data/SRS/Dataset_A/sig10_15_25/srs_116.txt,srs_116.txt,0,1,2,21
data/SRS/Dataset_A/sig10_15_25/srs_116.txt,srs_116.txt,0,1,3,21
data/SRS/Dataset_A/sig10_15_25/srs_116.txt,srs_116.txt,0,5,0,21
data/SRS/Dataset_A/sig10_15_25/srs_116.txt,srs_116.txt,0,5,1,21
data/SRS/Dataset_A/sig10_15_25/srs_116.txt,srs_116.txt,0,5,2,21
data/SRS/Dataset_A/sig10_15_25/srs_116.txt,srs_116.txt,0,5,3,21
data/SRS/Dataset_A/sig10_15_25/srs_116.txt,srs_116.txt,0,10,0,21
data/SRS/Dataset_A/sig10_15_25/srs_116.txt,srs_116.txt,0,10,1,21
data/SRS/Dataset_A/sig10_15_25/srs_116.txt,srs_116.txt,0,10,2,21
data/SRS/Dataset_A/sig10_15_25/srs_116.txt,srs_116.txt,1,1,0,21
data/SRS/Dataset_A/sig10_15_25/srs_116.txt,srs_116.txt,1,1,1,21
data/SRS/Dataset_A/sig10_15_25/srs_116.txt,srs_116.txt,1,1,2,21
data/SRS/Dataset_A/sig10_15_25/srs_116.txt,srs_116.txt,1,1,3,21
data/SRS/Dataset_A/sig10_15_25/srs_116.txt,srs_116.txt,1,5,0,21
data/SRS/Dataset_A/sig10_15_25/srs_116.txt,srs_116.txt,1,5,1,21
data/SRS/Dataset_A/sig10_15_25/srs_116.txt,srs_116.txt,1,5,2,21
data/SRS/Dataset_A/sig10_15_25/srs_116.txt,srs_116.txt,1,5,3,21
data/SRS/Dataset_A/sig10_15_25/srs_116.txt,srs_116.txt,1,10,0,21
data/SRS/Dataset_A/sig10_15_25/srs_116.txt,srs_116.txt,1,10,1,21
data/SRS/Dataset_A/sig10_15_25/srs_116.txt,srs_116.txt,1,10,2,21
data/SRS/Dataset_A/sig10_15_25/srs_116.txt,srs_116.txt,1,10,3,21
data/SRS/Dataset_A/sig10_15_25/srs_117.txt,srs_117.txt,0,1,1,24
data/SRS/Dataset_A/sig10_15_25/srs_117.txt,srs_117.txt,0,1,2,24
data/SRS/Dataset_A/sig10_15_25/srs_117.txt,srs_117.txt,0,1,3,24
data/SRS/Dataset_A/sig10_15_25/srs_117.txt,srs_117.txt,0,5,0,24
data/SRS/Dataset_A/sig10_15_25/srs_117.txt,srs_117.txt,0,5,1,24
data/SRS/Dataset_A/sig10_15_25/srs_117.txt,srs_117.txt,0,5,2,24
data/SRS/Dataset_A/sig10_15_25/srs_117.txt,srs_117.txt,0,5,3,24
data/SRS/Dataset_A/sig10_15_25/srs_117.txt,srs_117.txt,0,10,0,24
data/SRS/Dataset_A/sig10_15_25/srs_117.txt,srs_117.txt,0,10,1,24
data/SRS/Dataset_A/sig10_15_25/srs_117.txt,srs_117.txt,0,10,2,24
data/SRS/Dataset_A/sig10_15_25/srs_117.txt,srs_117.txt,1,1,0,24
data/SRS/Dataset_A/sig10_15_25/srs_117.txt,srs_117.txt,1,1,1,24
data/SRS/Dataset_A/sig10_15_25/srs_117.txt,srs_117.txt,1,1,2,24
data/SRS/Dataset_A/sig10_15_25/srs_117.txt,srs_117.txt,1,1,3,24
data/SRS/Dataset_A/sig10_15_25/srs_117.txt,srs_117.txt,1,5,0,24
data/SRS/Dataset_A/sig10_15_25/srs_117.txt,srs_117.txt,1,5,1,24
data/SRS/Dataset_A/sig10_15_25/srs_117.txt,srs_117.txt,1,5,2,24
data/SRS/Dataset_A/sig10_15_25/srs_117.txt,srs_117.txt,1,5,3,24
data/SRS/Dataset_A/sig10_15_25/srs_117.txt,srs_117.txt,1,10,0,24
data/SRS/Dataset_A/sig10_15_25/srs_117.txt,srs_117.txt,1,10,1,24
data/SRS/Dataset_A/sig10_15_25/srs_117.txt,srs_117.txt,1,10,2,24
data/SRS/Dataset_A/sig10_15_25/srs_117.txt,srs_117.txt,1,10,3,24
data/SRS/Dataset_A/sig10_15_25/srs_118.txt,srs_118.txt,0,1,1,23
data/SRS/Dataset_A/sig10_15_25/srs_118.txt,srs_118.txt,0,1,2,23
data/SRS/Dataset_A/sig10_15_25/srs_118.txt,srs_118.txt,0,1,3,23
data/SRS/Dataset_A/sig10_15_25/srs_118.txt,srs_118.txt,0,5,0,23
data/SRS/Dataset_A/sig10_15_25/srs_118.txt,srs_118.txt,0,5,1,23
data/SRS/Dataset_A/sig10_15_25/srs_118.txt,srs_118.txt,0,5,2,23
data/SRS/Dataset_A/sig10_15_25/srs_118.txt,srs_118.txt,0,5,3,23
data/SRS/Dataset_A/sig10_15_25/srs_118.txt,srs_118.txt,0,10,0,23
data/SRS/Dataset_A/sig10_15_25/srs_118.txt,srs_118.txt,0,10,1,23
data/SRS/Dataset_A/sig10_15_25/srs_118.txt,srs_118.txt,0,10,2,23
data/SRS/Dataset_A/sig10_15_25/srs_118.txt,srs_118.txt,1,1,0,23
data/SRS/Dataset_A/sig10_15_25/srs_118.txt,srs_118.txt,1,1,1,23
data/SRS/Dataset_A/sig10_15_25/srs_118.txt,srs_118.txt,1,1,2,23
data/SRS/Dataset_A/sig10_15_25/srs_118.txt,srs_118.txt,1,1,3,23
data/SRS/Dataset_A/sig10_15_25/srs_118.txt,srs_118.txt,1,5,0,23
data/SRS/Dataset_A/sig10_15_25/srs_118.txt,srs_118.txt,1,5,1,23
data/SRS/Dataset_A/sig10_15_25/srs_118.txt,srs_118.txt,1,5,2,23
data/SRS/Dataset_A/sig10_15_25/srs_118.txt,srs_118.txt,1,5,3,23
data/SRS/Dataset_A/sig10_15_25/srs_118.txt,srs_118.txt,1,10,0,23
data/SRS/Dataset_A/sig10_15_25/srs_118.txt,srs_118.txt,1,10,1,23
data/SRS/Dataset_A/sig10_15_25/srs_118.txt,srs_118.txt,1,10,2,23
data/SRS/Dataset_A/sig10_15_25/srs_118.txt,srs_118.txt,1,10,3,23
data/SRS/Dataset_A/sig10_15_25/srs_119.txt,srs_119.txt,0,1,1,20
data/SRS/Dataset_A/sig10_15_25/srs_119.txt,srs_119.txt,0,1,2,20
data/SRS/Dataset_A/sig10_15_25/srs_119.txt,srs_119.txt,0,1,3,20
data/SRS/Dataset_A/sig10_15_25/srs_119.txt,srs_119.txt,0,5,0,20
data/SRS/Dataset_A/sig10_15_25/srs_119.txt,srs_119.txt,0,5,1,20
data/SRS/Dataset_A/sig10_15_25/srs_119.txt,srs_119.txt,0,5,2,20
data/SRS/Dataset_A/sig10_15_25/srs_119.txt,srs_119.txt,0,5,3,20
data/SRS/Dataset_A/sig10_15_25/srs_119.txt,srs_119.txt,0,10,0,20
data/SRS/Dataset_A/sig10_15_25/srs_119.txt,srs_119.txt,0,10,1,20
data/SRS/Dataset_A/sig10_15_25/srs_119.txt,srs_119.txt,0,10,2,20
data/SRS/Dataset_A/sig10_15_25/srs_119.txt,srs_119.txt,1,1,0,20
data/SRS/Dataset_A/sig10_15_25/srs_119.txt,srs_119.txt,1,1,1,20
data/SRS/Dataset_A/sig10_15_25/srs_119.txt,srs_119.txt,1,1,2,20
data/SRS/Dataset_A/sig10_15_25/srs_119.txt,srs_119.txt,1,1,3,20
data/SRS/Dataset_A/sig10_15_25/srs_119.txt,srs_119.txt,1,5,0,20
data/SRS/Dataset_A/sig10_15_25/srs_119.txt,srs_119.txt,1,5,1,20
data/SRS/Dataset_A/sig10_15_25/srs_119.txt,srs_119.txt,1,5,2,20
data/SRS/Dataset_A/sig10_15_25/srs_119.txt,srs_119.txt,1,5,3,20
data/SRS/Dataset_A/sig10_15_25/srs_119.txt,srs_119.txt,1,10,0,20
data/SRS/Dataset_A/sig10_15_25/srs_119.txt,srs_119.txt,1,10,1,20
data/SRS/Dataset_A/sig10_15_25/srs_119.txt,srs_119.txt,1,10,2,20
data/SRS/Dataset_A/sig10_15_25/srs_119.txt,srs_119.txt,1,10,3,20
data/SRS/Dataset_A/sig10_15_25/srs_12.txt,srs_12.txt,0,1,1,17
data/SRS/Dataset_A/sig10_15_25/srs_12.txt,srs_12.txt,0,1,2,17
data/SRS/Dataset_A/sig10_15_25/srs_12.txt,srs_12.txt,0,1,3,17
data/SRS/Dataset_A/sig10_15_25/srs_12.txt,srs_12.txt,0,5,0,17
data/SRS/Dataset_A/sig10_15_25/srs_12.txt,srs_12.txt,0,5,1,17
data/SRS/Dataset_A/sig10_15_25/srs_12.txt,srs_12.txt,0,5,2,17
data/SRS/Dataset_A/sig10_15_25/srs_12.txt,srs_12.txt,0,5,3,17
data/SRS/Dataset_A/sig10_15_25/srs_12.txt,srs_12.txt,0,10,0,17
data/SRS/Dataset_A/sig10_15_25/srs_12.txt,srs_12.txt,0,10,1,17
data/SRS/Dataset_A/sig10_15_25/srs_12.txt,srs_12.txt,0,10,2,17
data/SRS/Dataset_A/sig10_15_25/srs_12.txt,srs_12.txt,1,1,0,17
data/SRS/Dataset_A/sig10_15_25/srs_12.txt,srs_12.txt,1,1,1,17
data/SRS/Dataset_A/sig10_15_25/srs_12.txt,srs_12.txt,1,1,2,17
data/SRS/Dataset_A/sig10_15_25/srs_12.txt,srs_12.txt,1,1,3,17
data/SRS/Dataset_A/sig10_15_25/srs_12.txt,srs_12.txt,1,5,0,17
data/SRS/Dataset_A/sig10_15_25/srs_12.txt,srs_12.txt,1,5,1,17
data/SRS/Dataset_A/sig10_15_25/srs_12.txt,srs_12.txt,1,5,2,17
data/SRS/Dataset_A/sig10_15_25/srs_12.txt,srs_12.txt,1,5,3,17
data/SRS/Dataset_A/sig10_15_25/srs_12.txt,srs_12.txt,1,10,0,17
data/SRS/Dataset_A/sig10_15_25/srs_12.txt,srs_12.txt,1,10,1,17
data/SRS/Dataset_A/sig10_15_25/srs_12.txt,srs_12.txt,1,10,2,17
data/SRS/Dataset_A/sig10_15_25/srs_12.txt,srs_12.txt,1,10,3,17
data/SRS/Dataset_A/sig10_15_25/srs_120.txt,srs_120.txt,0,1,1,21
data/SRS/Dataset_A/sig10_15_25/srs_120.txt,srs_120.txt,0,1,2,21
data/SRS/Dataset_A/sig10_15_25/srs_120.txt,srs_120.txt,0,1,3,21
data/SRS/Dataset_A/sig10_15_25/srs_120.txt,srs_120.txt,0,5,0,21
data/SRS/Dataset_A/sig10_15_25/srs_120.txt,srs_120.txt,0,5,1,21
data/SRS/Dataset_A/sig10_15_25/srs_120.txt,srs_120.txt,0,5,2,21
data/SRS/Dataset_A/sig10_15_25/srs_120.txt,srs_120.txt,0,5,3,21
data/SRS/Dataset_A/sig10_15_25/srs_120.txt,srs_120.txt,0,10,0,21
data/SRS/Dataset_A/sig10_15_25/srs_120.txt,srs_120.txt,0,10,1,21
data/SRS/Dataset_A/sig10_15_25/srs_120.txt,srs_120.txt,0,10,2,21
data/SRS/Dataset_A/sig10_15_25/srs_120.txt,srs_120.txt,1,1,0,21
data/SRS/Dataset_A/sig10_15_25/srs_120.txt,srs_120.txt,1,1,1,21
data/SRS/Dataset_A/sig10_15_25/srs_120.txt,srs_120.txt,1,1,2,21
data/SRS/Dataset_A/sig10_15_25/srs_120.txt,srs_120.txt,1,1,3,21
data/SRS/Dataset_A/sig10_15_25/srs_120.txt,srs_120.txt,1,5,0,21
data/SRS/Dataset_A/sig10_15_25/srs_120.txt,srs_120.txt,1,5,1,21
data/SRS/Dataset_A/sig10_15_25/srs_120.txt,srs_120.txt,1,5,2,21
data/SRS/Dataset_A/sig10_15_25/srs_120.txt,srs_120.txt,1,5,3,21
data/SRS/Dataset_A/sig10_15_25/srs_120.txt,srs_120.txt,1,10,0,21
data/SRS/Dataset_A/sig10_15_25/srs_120.txt,srs_120.txt,1,10,1,21
data/SRS/Dataset_A/sig10_15_25/srs_120.txt,srs_120.txt,1,10,2,21
data/SRS/Dataset_A/sig10_15_25/srs_120.txt,srs_120.txt,1,10,3,21
data/SRS/Dataset_A/sig10_15_25/srs_121.txt,srs_121.txt,0,1,1,18
data/SRS/Dataset_A/sig10_15_25/srs_121.txt,srs_121.txt,0,1,2,18
data/SRS/Dataset_A/sig10_15_25/srs_121.txt,srs_121.txt,0,1,3,18
data/SRS/Dataset_A/sig10_15_25/srs_121.txt,srs_121.txt,0,5,0,18
data/SRS/Dataset_A/sig10_15_25/srs_121.txt,srs_121.txt,0,5,1,18
data/SRS/Dataset_A/sig10_15_25/srs_121.txt,srs_121.txt,0,5,2,18
data/SRS/Dataset_A/sig10_15_25/srs_121.txt,srs_121.txt,0,5,3,18
data/SRS/Dataset_A/sig10_15_25/srs_121.txt,srs_121.txt,0,10,0,18
data/SRS/Dataset_A/sig10_15_25/srs_121.txt,srs_121.txt,0,10,1,18
data/SRS/Dataset_A/sig10_15_25/srs_121.txt,srs_121.txt,0,10,2,18
data/SRS/Dataset_A/sig10_15_25/srs_121.txt,srs_121.txt,1,1,0,18
data/SRS/Dataset_A/sig10_15_25/srs_121.txt,srs_121.txt,1,1,1,18
data/SRS/Dataset_A/sig10_15_25/srs_121.txt,srs_121.txt,1,1,2,18
data/SRS/Dataset_A/sig10_15_25/srs_121.txt,srs_121.txt,1,1,3,18
data/SRS/Dataset_A/sig10_15_25/srs_121.txt,srs_121.txt,1,5,0,18
data/SRS/Dataset_A/sig10_15_25/srs_121.txt,srs_121.txt,1,5,1,18
data/SRS/Dataset_A/sig10_15_25/srs_121.txt,srs_121.txt,1,5,2,18
data/SRS/Dataset_A/sig10_15_25/srs_121.txt,srs_121.txt,1,5,3,18
data/SRS/Dataset_A/sig10_15_25/srs_121.txt,srs_121.txt,1,10,0,18
data/SRS/Dataset_A/sig10_15_25/srs_121.txt,srs_121.txt,1,10,1,18
data/SRS/Dataset_A/sig10_15_25/srs_121.txt,srs_121.txt,1,10,2,18
data/SRS/Dataset_A/sig10_15_25/srs_121.txt,srs_121.txt,1,10,3,18
data/SRS/Dataset_A/sig10_15_25/srs_122.txt,srs_122.txt,0,1,1,20
data/SRS/Dataset_A/sig10_15_25/srs_122.txt,srs_122.txt,0,1,2,20
data/SRS/Dataset_A/sig10_15_25/srs_122.txt,srs_122.txt,0,1,3,20
data/SRS/Dataset_A/sig10_15_25/srs_122.txt,srs_122.txt,0,5,0,20
data/SRS/Dataset_A/sig10_15_25/srs_122.txt,srs_122.txt,0,5,1,20
data/SRS/Dataset_A/sig10_15_25/srs_122.txt,srs_122.txt,0,5,2,20
data/SRS/Dataset_A/sig10_15_25/srs_122.txt,srs_122.txt,0,5,3,20
data/SRS/Dataset_A/sig10_15_25/srs_122.txt,srs_122.txt,0,10,0,20
data/SRS/Dataset_A/sig10_15_25/srs_122.txt,srs_122.txt,0,10,1,20
data/SRS/Dataset_A/sig10_15_25/srs_122.txt,srs_122.txt,0,10,2,20
data/SRS/Dataset_A/sig10_15_25/srs_122.txt,srs_122.txt,1,1,0,20
data/SRS/Dataset_A/sig10_15_25/srs_122.txt,srs_122.txt,1,1,1,20
data/SRS/Dataset_A/sig10_15_25/srs_122.txt,srs_122.txt,1,1,2,20
data/SRS/Dataset_A/sig10_15_25/srs_122.txt,srs_122.txt,1,1,3,20
data/SRS/Dataset_A/sig10_15_25/srs_122.txt,srs_122.txt,1,5,0,20
data/SRS/Dataset_A/sig10_15_25/srs_122.txt,srs_122.txt,1,5,1,20
data/SRS/Dataset_A/sig10_15_25/srs_122.txt,srs_122.txt,1,5,2,20
data/SRS/Dataset_A/sig10_15_25/srs_122.txt,srs_122.txt,1,5,3,20
data/SRS/Dataset_A/sig10_15_25/srs_122.txt,srs_122.txt,1,10,0,20
data/SRS/Dataset_A/sig10_15_25/srs_122.txt,srs_122.txt,1,10,1,20
data/SRS/Dataset_A/sig10_15_25/srs_122.txt,srs_122.txt,1,10,2,20
data/SRS/Dataset_A/sig10_15_25/srs_122.txt,srs_122.txt,1,10,3,20
data/SRS/Dataset_A/sig10_15_25/srs_123.txt,srs_123.txt,0,1,1,23
data/SRS/Dataset_A/sig10_15_25/srs_123.txt,srs_123.txt,0,1,2,23
data/SRS/Dataset_A/sig10_15_25/srs_123.txt,srs_123.txt,0,1,3,23
data/SRS/Dataset_A/sig10_15_25/srs_123.txt,srs_123.txt,0,5,0,23
data/SRS/Dataset_A/sig10_15_25/srs_123.txt,srs_123.txt,0,5,1,23
data/SRS/Dataset_A/sig10_15_25/srs_123.txt,srs_123.txt,0,5,2,23
data/SRS/Dataset_A/sig10_15_25/srs_123.txt,srs_123.txt,0,5,3,23
data/SRS/Dataset_A/sig10_15_25/srs_123.txt,srs_123.txt,0,10,0,23
data/SRS/Dataset_A/sig10_15_25/srs_123.txt,srs_123.txt,0,10,1,23
data/SRS/Dataset_A/sig10_15_25/srs_123.txt,srs_123.txt,0,10,2,23
data/SRS/Dataset_A/sig10_15_25/srs_123.txt,srs_123.txt,1,1,0,23
data/SRS/Dataset_A/sig10_15_25/srs_123.txt,srs_123.txt,1,1,1,23
data/SRS/Dataset_A/sig10_15_25/srs_123.txt,srs_123.txt,1,1,2,23
data/SRS/Dataset_A/sig10_15_25/srs_123.txt,srs_123.txt,1,1,3,23
data/SRS/Dataset_A/sig10_15_25/srs_123.txt,srs_123.txt,1,5,0,23
data/SRS/Dataset_A/sig10_15_25/srs_123.txt,srs_123.txt,1,5,1,23
data/SRS/Dataset_A/sig10_15_25/srs_123.txt,srs_123.txt,1,5,2,23
data/SRS/Dataset_A/sig10_15_25/srs_123.txt,srs_123.txt,1,5,3,23
data/SRS/Dataset_A/sig10_15_25/srs_123.txt,srs_123.txt,1,10,0,23
data/SRS/Dataset_A/sig10_15_25/srs_123.txt,srs_123.txt,1,10,1,23
data/SRS/Dataset_A/sig10_15_25/srs_123.txt,srs_123.txt,1,10,2,23
data/SRS/Dataset_A/sig10_15_25/srs_123.txt,srs_123.txt,1,10,3,23
data/SRS/Dataset_A/sig10_15_25/srs_124.txt,srs_124.txt,0,1,1,16
data/SRS/Dataset_A/sig10_15_25/srs_124.txt,srs_124.txt,0,1,2,16
data/SRS/Dataset_A/sig10_15_25/srs_124.txt,srs_124.txt,0,1,3,16
data/SRS/Dataset_A/sig10_15_25/srs_124.txt,srs_124.txt,0,5,0,16
data/SRS/Dataset_A/sig10_15_25/srs_124.txt,srs_124.txt,0,5,1,16
data/SRS/Dataset_A/sig10_15_25/srs_124.txt,srs_124.txt,0,5,2,16
data/SRS/Dataset_A/sig10_15_25/srs_124.txt,srs_124.txt,0,5,3,16
data/SRS/Dataset_A/sig10_15_25/srs_124.txt,srs_124.txt,0,10,0,16
data/SRS/Dataset_A/sig10_15_25/srs_124.txt,srs_124.txt,0,10,1,16
data/SRS/Dataset_A/sig10_15_25/srs_124.txt,srs_124.txt,0,10,2,16
data/SRS/Dataset_A/sig10_15_25/srs_124.txt,srs_124.txt,1,1,0,16
data/SRS/Dataset_A/sig10_15_25/srs_124.txt,srs_124.txt,1,1,1,16
data/SRS/Dataset_A/sig10_15_25/srs_124.txt,srs_124.txt,1,1,2,16
data/SRS/Dataset_A/sig10_15_25/srs_124.txt,srs_124.txt,1,1,3,16
data/SRS/Dataset_A/sig10_15_25/srs_124.txt,srs_124.txt,1,5,0,16
data/SRS/Dataset_A/sig10_15_25/srs_124.txt,srs_124.txt,1,5,1,16
data/SRS/Dataset_A/sig10_15_25/srs_124.txt,srs_124.txt,1,5,2,16
data/SRS/Dataset_A/sig10_15_25/srs_124.txt,srs_124.txt,1,5,3,16
data/SRS/Dataset_A/sig10_15_25/srs_124.txt,srs_124.txt,1,10,0,16
data/SRS/Dataset_A/sig10_15_25/srs_124.txt,srs_124.txt,1,10,1,16
data/SRS/Dataset_A/sig10_15_25/srs_124.txt,srs_124.txt,1,10,2,16
data/SRS/Dataset_A/sig10_15_25/srs_124.txt,srs_124.txt,1,10,3,16
data/SRS/Dataset_A/sig10_15_25/srs_125.txt,srs_125.txt,0,1,1,15
data/SRS/Dataset_A/sig10_15_25/srs_125.txt,srs_125.txt,0,1,2,15
data/SRS/Dataset_A/sig10_15_25/srs_125.txt,srs_125.txt,0,1,3,15
data/SRS/Dataset_A/sig10_15_25/srs_125.txt,srs_125.txt,0,5,0,15
data/SRS/Dataset_A/sig10_15_25/srs_125.txt,srs_125.txt,0,5,1,15
data/SRS/Dataset_A/sig10_15_25/srs_125.txt,srs_125.txt,0,5,2,15
data/SRS/Dataset_A/sig10_15_25/srs_125.txt,srs_125.txt,0,5,3,15
data/SRS/Dataset_A/sig10_15_25/srs_125.txt,srs_125.txt,0,10,0,15
data/SRS/Dataset_A/sig10_15_25/srs_125.txt,srs_125.txt,0,10,1,15
data/SRS/Dataset_A/sig10_15_25/srs_125.txt,srs_125.txt,0,10,2,15
data/SRS/Dataset_A/sig10_15_25/srs_125.txt,srs_125.txt,1,1,0,15
data/SRS/Dataset_A/sig10_15_25/srs_125.txt,srs_125.txt,1,1,1,15
data/SRS/Dataset_A/sig10_15_25/srs_125.txt,srs_125.txt,1,1,2,15
data/SRS/Dataset_A/sig10_15_25/srs_125.txt,srs_125.txt,1,1,3,15
data/SRS/Dataset_A/sig10_15_25/srs_125.txt,srs_125.txt,1,5,0,15
data/SRS/Dataset_A/sig10_15_25/srs_125.txt,srs_125.txt,1,5,1,15
data/SRS/Dataset_A/sig10_15_25/srs_125.txt,srs_125.txt,1,5,2,15
data/SRS/Dataset_A/sig10_15_25/srs_125.txt,srs_125.txt,1,5,3,15
data/SRS/Dataset_A/sig10_15_25/srs_125.txt,srs_125.txt,1,10,0,15
data/SRS/Dataset_A/sig10_15_25/srs_125.txt,srs_125.txt,1,10,1,15
data/SRS/Dataset_A/sig10_15_25/srs_125.txt,srs_125.txt,1,10,2,15
data/SRS/Dataset_A/sig10_15_25/srs_125.txt,srs_125.txt,1,10,3,15
data/SRS/Dataset_A/sig10_15_25/srs_126.txt,srs_126.txt,0,1,1,24
data/SRS/Dataset_A/sig10_15_25/srs_126.txt,srs_126.txt,0,1,2,24
data/SRS/Dataset_A/sig10_15_25/srs_126.txt,srs_126.txt,0,1,3,24
data/SRS/Dataset_A/sig10_15_25/srs_126.txt,srs_126.txt,0,5,0,24
data/SRS/Dataset_A/sig10_15_25/srs_126.txt,srs_126.txt,0,5,1,24
data/SRS/Dataset_A/sig10_15_25/srs_126.txt,srs_126.txt,0,5,2,24
data/SRS/Dataset_A/sig10_15_25/srs_126.txt,srs_126.txt,0,5,3,24
data/SRS/Dataset_A/sig10_15_25/srs_126.txt,srs_126.txt,0,10,0,24
data/SRS/Dataset_A/sig10_15_25/srs_126.txt,srs_126.txt,0,10,1,24
data/SRS/Dataset_A/sig10_15_25/srs_126.txt,srs_126.txt,0,10,2,24
data/SRS/Dataset_A/sig10_15_25/srs_126.txt,srs_126.txt,1,1,0,24
data/SRS/Dataset_A/sig10_15_25/srs_126.txt,srs_126.txt,1,1,1,24
data/SRS/Dataset_A/sig10_15_25/srs_126.txt,srs_126.txt,1,1,2,24
data/SRS/Dataset_A/sig10_15_25/srs_126.txt,srs_126.txt,1,1,3,24
data/SRS/Dataset_A/sig10_15_25/srs_126.txt,srs_126.txt,1,5,0,24
data/SRS/Dataset_A/sig10_15_25/srs_126.txt,srs_126.txt,1,5,1,24
data/SRS/Dataset_A/sig10_15_25/srs_126.txt,srs_126.txt,1,5,2,24
data/SRS/Dataset_A/sig10_15_25/srs_126.txt,srs_126.txt,1,5,3,24
data/SRS/Dataset_A/sig10_15_25/srs_126.txt,srs_126.txt,1,10,0,24
data/SRS/Dataset_A/sig10_15_25/srs_126.txt,srs_126.txt,1,10,1,24
data/SRS/Dataset_A/sig10_15_25/srs_126.txt,srs_126.txt,1,10,2,24
data/SRS/Dataset_A/sig10_15_25/srs_126.txt,srs_126.txt,1,10,3,24
data/SRS/Dataset_A/sig10_15_25/srs_127.txt,srs_127.txt,0,1,1,17
data/SRS/Dataset_A/sig10_15_25/srs_127.txt,srs_127.txt,0,1,2,17
data/SRS/Dataset_A/sig10_15_25/srs_127.txt,srs_127.txt,0,1,3,17
data/SRS/Dataset_A/sig10_15_25/srs_127.txt,srs_127.txt,0,5,0,17
data/SRS/Dataset_A/sig10_15_25/srs_127.txt,srs_127.txt,0,5,1,17
data/SRS/Dataset_A/sig10_15_25/srs_127.txt,srs_127.txt,0,5,2,17
data/SRS/Dataset_A/sig10_15_25/srs_127.txt,srs_127.txt,0,5,3,17
data/SRS/Dataset_A/sig10_15_25/srs_127.txt,srs_127.txt,0,10,0,17
data/SRS/Dataset_A/sig10_15_25/srs_127.txt,srs_127.txt,0,10,1,17
data/SRS/Dataset_A/sig10_15_25/srs_127.txt,srs_127.txt,0,10,2,17
data/SRS/Dataset_A/sig10_15_25/srs_127.txt,srs_127.txt,1,1,0,17
data/SRS/Dataset_A/sig10_15_25/srs_127.txt,srs_127.txt,1,1,1,17
data/SRS/Dataset_A/sig10_15_25/srs_127.txt,srs_127.txt,1,1,2,17
data/SRS/Dataset_A/sig10_15_25/srs_127.txt,srs_127.txt,1,1,3,17
data/SRS/Dataset_A/sig10_15_25/srs_127.txt,srs_127.txt,1,5,0,17
data/SRS/Dataset_A/sig10_15_25/srs_127.txt,srs_127.txt,1,5,1,17
data/SRS/Dataset_A/sig10_15_25/srs_127.txt,srs_127.txt,1,5,2,17
data/SRS/Dataset_A/sig10_15_25/srs_127.txt,srs_127.txt,1,5,3,17
data/SRS/Dataset_A/sig10_15_25/srs_127.txt,srs_127.txt,1,10,0,17
data/SRS/Dataset_A/sig10_15_25/srs_127.txt,srs_127.txt,1,10,1,17
data/SRS/Dataset_A/sig10_15_25/srs_127.txt,srs_127.txt,1,10,2,17
data/SRS/Dataset_A/sig10_15_25/srs_127.txt,srs_127.txt,1,10,3,17
data/SRS/Dataset_A/sig10_15_25/srs_128.txt,srs_128.txt,0,1,1,15
data/SRS/Dataset_A/sig10_15_25/srs_128.txt,srs_128.txt,0,1,2,15
data/SRS/Dataset_A/sig10_15_25/srs_128.txt,srs_128.txt,0,1,3,15
data/SRS/Dataset_A/sig10_15_25/srs_128.txt,srs_128.txt,0,5,0,15
data/SRS/Dataset_A/sig10_15_25/srs_128.txt,srs_128.txt,0,5,1,15
data/SRS/Dataset_A/sig10_15_25/srs_128.txt,srs_128.txt,0,5,2,15
data/SRS/Dataset_A/sig10_15_25/srs_128.txt,srs_128.txt,0,5,3,15
data/SRS/Dataset_A/sig10_15_25/srs_128.txt,srs_128.txt,0,10,0,15
data/SRS/Dataset_A/sig10_15_25/srs_128.txt,srs_128.txt,0,10,1,15
data/SRS/Dataset_A/sig10_15_25/srs_128.txt,srs_128.txt,0,10,2,15
data/SRS/Dataset_A/sig10_15_25/srs_128.txt,srs_128.txt,1,1,0,15
data/SRS/Dataset_A/sig10_15_25/srs_128.txt,srs_128.txt,1,1,1,15
data/SRS/Dataset_A/sig10_15_25/srs_128.txt,srs_128.txt,1,1,2,15
data/SRS/Dataset_A/sig10_15_25/srs_128.txt,srs_128.txt,1,1,3,15
data/SRS/Dataset_A/sig10_15_25/srs_128.txt,srs_128.txt,1,5,0,15
data/SRS/Dataset_A/sig10_15_25/srs_128.txt,srs_128.txt,1,5,1,15
data/SRS/Dataset_A/sig10_15_25/srs_128.txt,srs_128.txt,1,5,2,15
data/SRS/Dataset_A/sig10_15_25/srs_128.txt,srs_128.txt,1,5,3,15
data/SRS/Dataset_A/sig10_15_25/srs_128.txt,srs_128.txt,1,10,0,15
data/SRS/Dataset_A/sig10_15_25/srs_128.txt,srs_128.txt,1,10,1,15
data/SRS/Dataset_A/sig10_15_25/srs_128.txt,srs_128.txt,1,10,2,15
data/SRS/Dataset_A/sig10_15_25/srs_128.txt,srs_128.txt,1,10,3,15
data/SRS/Dataset_A/sig10_15_25/srs_129.txt,srs_129.txt,0,1,1,20
data/SRS/Dataset_A/sig10_15_25/srs_129.txt,srs_129.txt,0,1,2,20
data/SRS/Dataset_A/sig10_15_25/srs_129.txt,srs_129.txt,0,1,3,20
data/SRS/Dataset_A/sig10_15_25/srs_129.txt,srs_129.txt,0,5,0,20
data/SRS/Dataset_A/sig10_15_25/srs_129.txt,srs_129.txt,0,5,1,20
data/SRS/Dataset_A/sig10_15_25/srs_129.txt,srs_129.txt,0,5,2,20
data/SRS/Dataset_A/sig10_15_25/srs_129.txt,srs_129.txt,0,5,3,20
data/SRS/Dataset_A/sig10_15_25/srs_129.txt,srs_129.txt,0,10,0,20
data/SRS/Dataset_A/sig10_15_25/srs_129.txt,srs_129.txt,0,10,1,20
data/SRS/Dataset_A/sig10_15_25/srs_129.txt,srs_129.txt,0,10,2,20
data/SRS/Dataset_A/sig10_15_25/srs_129.txt,srs_129.txt,1,1,0,20
data/SRS/Dataset_A/sig10_15_25/srs_129.txt,srs_129.txt,1,1,1,20
data/SRS/Dataset_A/sig10_15_25/srs_129.txt,srs_129.txt,1,1,2,20
data/SRS/Dataset_A/sig10_15_25/srs_129.txt,srs_129.txt,1,1,3,20
data/SRS/Dataset_A/sig10_15_25/srs_129.txt,srs_129.txt,1,5,0,20
data/SRS/Dataset_A/sig10_15_25/srs_129.txt,srs_129.txt,1,5,1,20
data/SRS/Dataset_A/sig10_15_25/srs_129.txt,srs_129.txt,1,5,2,20
data/SRS/Dataset_A/sig10_15_25/srs_129.txt,srs_129.txt,1,5,3,20
data/SRS/Dataset_A/sig10_15_25/srs_129.txt,srs_129.txt,1,10,0,20
data/SRS/Dataset_A/sig10_15_25/srs_129.txt,srs_129.txt,1,10,1,20
data/SRS/Dataset_A/sig10_15_25/srs_129.txt,srs_129.txt,1,10,2,20
data/SRS/Dataset_A/sig10_15_25/srs_129.txt,srs_129.txt,1,10,3,20
data/SRS/Dataset_A/sig10_15_25/srs_13.txt,srs_13.txt,0,1,1,21
data/SRS/Dataset_A/sig10_15_25/srs_13.txt,srs_13.txt,0,1,2,21
data/SRS/Dataset_A/sig10_15_25/srs_13.txt,srs_13.txt,0,1,3,21
data/SRS/Dataset_A/sig10_15_25/srs_13.txt,srs_13.txt,0,5,0,21
data/SRS/Dataset_A/sig10_15_25/srs_13.txt,srs_13.txt,0,5,1,21
data/SRS/Dataset_A/sig10_15_25/srs_13.txt,srs_13.txt,0,5,2,21
data/SRS/Dataset_A/sig10_15_25/srs_13.txt,srs_13.txt,0,5,3,21
data/SRS/Dataset_A/sig10_15_25/srs_13.txt,srs_13.txt,0,10,0,21
data/SRS/Dataset_A/sig10_15_25/srs_13.txt,srs_13.txt,0,10,1,21
data/SRS/Dataset_A/sig10_15_25/srs_13.txt,srs_13.txt,0,10,2,21
data/SRS/Dataset_A/sig10_15_25/srs_13.txt,srs_13.txt,1,1,0,21
data/SRS/Dataset_A/sig10_15_25/srs_13.txt,srs_13.txt,1,1,1,21
data/SRS/Dataset_A/sig10_15_25/srs_13.txt,srs_13.txt,1,1,2,21
data/SRS/Dataset_A/sig10_15_25/srs_13.txt,srs_13.txt,1,1,3,21
data/SRS/Dataset_A/sig10_15_25/srs_13.txt,srs_13.txt,1,5,0,21
data/SRS/Dataset_A/sig10_15_25/srs_13.txt,srs_13.txt,1,5,1,21
data/SRS/Dataset_A/sig10_15_25/srs_13.txt,srs_13.txt,1,5,2,21
data/SRS/Dataset_A/sig10_15_25/srs_13.txt,srs_13.txt,1,5,3,21
data/SRS/Dataset_A/sig10_15_25/srs_13.txt,srs_13.txt,1,10,0,21
data/SRS/Dataset_A/sig10_15_25/srs_13.txt,srs_13.txt,1,10,1,21
data/SRS/Dataset_A/sig10_15_25/srs_13.txt,srs_13.txt,1,10,2,21
data/SRS/Dataset_A/sig10_15_25/srs_13.txt,srs_13.txt,1,10,3,21
data/SRS/Dataset_A/sig10_15_25/srs_130.txt,srs_130.txt,0,1,1,24
data/SRS/Dataset_A/sig10_15_25/srs_130.txt,srs_130.txt,0,1,2,24
data/SRS/Dataset_A/sig10_15_25/srs_130.txt,srs_130.txt,0,1,3,24
data/SRS/Dataset_A/sig10_15_25/srs_130.txt,srs_130.txt,0,5,0,24
data/SRS/Dataset_A/sig10_15_25/srs_130.txt,srs_130.txt,0,5,1,24
data/SRS/Dataset_A/sig10_15_25/srs_130.txt,srs_130.txt,0,5,2,24
data/SRS/Dataset_A/sig10_15_25/srs_130.txt,srs_130.txt,0,5,3,24
data/SRS/Dataset_A/sig10_15_25/srs_130.txt,srs_130.txt,0,10,0,24
data/SRS/Dataset_A/sig10_15_25/srs_130.txt,srs_130.txt,0,10,1,24
data/SRS/Dataset_A/sig10_15_25/srs_130.txt,srs_130.txt,0,10,2,24
data/SRS/Dataset_A/sig10_15_25/srs_130.txt,srs_130.txt,1,1,0,24
data/SRS/Dataset_A/sig10_15_25/srs_130.txt,srs_130.txt,1,1,1,24
data/SRS/Dataset_A/sig10_15_25/srs_130.txt,srs_130.txt,1,1,2,24
data/SRS/Dataset_A/sig10_15_25/srs_130.txt,srs_130.txt,1,1,3,24
data/SRS/Dataset_A/sig10_15_25/srs_130.txt,srs_130.txt,1,5,0,24
data/SRS/Dataset_A/sig10_15_25/srs_130.txt,srs_130.txt,1,5,1,24
data/SRS/Dataset_A/sig10_15_25/srs_130.txt,srs_130.txt,1,5,2,24
data/SRS/Dataset_A/sig10_15_25/srs_130.txt,srs_130.txt,1,5,3,24
data/SRS/Dataset_A/sig10_15_25/srs_130.txt,srs_130.txt,1,10,0,24
data/SRS/Dataset_A/sig10_15_25/srs_130.txt,srs_130.txt,1,10,1,24
data/SRS/Dataset_A/sig10_15_25/srs_130.txt,srs_130.txt,1,10,2,24
data/SRS/Dataset_A/sig10_15_25/srs_130.txt,srs_130.txt,1,10,3,24
data/SRS/Dataset_A/sig10_15_25/srs_131.txt,srs_131.txt,0,1,1,17
data/SRS/Dataset_A/sig10_15_25/srs_131.txt,srs_131.txt,0,1,2,17
data/SRS/Dataset_A/sig10_15_25/srs_131.txt,srs_131.txt,0,1,3,17
data/SRS/Dataset_A/sig10_15_25/srs_131.txt,srs_131.txt,0,5,0,17
data/SRS/Dataset_A/sig10_15_25/srs_131.txt,srs_131.txt,0,5,1,17
data/SRS/Dataset_A/sig10_15_25/srs_131.txt,srs_131.txt,0,5,2,17
data/SRS/Dataset_A/sig10_15_25/srs_131.txt,srs_131.txt,0,5,3,17
data/SRS/Dataset_A/sig10_15_25/srs_131.txt,srs_131.txt,0,10,0,17
data/SRS/Dataset_A/sig10_15_25/srs_131.txt,srs_131.txt,0,10,1,17
data/SRS/Dataset_A/sig10_15_25/srs_131.txt,srs_131.txt,0,10,2,17
data/SRS/Dataset_A/sig10_15_25/srs_131.txt,srs_131.txt,1,1,0,17
data/SRS/Dataset_A/sig10_15_25/srs_131.txt,srs_131.txt,1,1,1,17
data/SRS/Dataset_A/sig10_15_25/srs_131.txt,srs_131.txt,1,1,2,17
data/SRS/Dataset_A/sig10_15_25/srs_131.txt,srs_131.txt,1,1,3,17
data/SRS/Dataset_A/sig10_15_25/srs_131.txt,srs_131.txt,1,5,0,17
data/SRS/Dataset_A/sig10_15_25/srs_131.txt,srs_131.txt,1,5,1,17
data/SRS/Dataset_A/sig10_15_25/srs_131.txt,srs_131.txt,1,5,2,17
data/SRS/Dataset_A/sig10_15_25/srs_131.txt,srs_131.txt,1,5,3,17
data/SRS/Dataset_A/sig10_15_25/srs_131.txt,srs_131.txt,1,10,0,17
data/SRS/Dataset_A/sig10_15_25/srs_131.txt,srs_131.txt,1,10,1,17
data/SRS/Dataset_A/sig10_15_25/srs_131.txt,srs_131.txt,1,10,2,17
data/SRS/Dataset_A/sig10_15_25/srs_131.txt,srs_131.txt,1,10,3,17
data/SRS/Dataset_A/sig10_15_25/srs_132.txt,srs_132.txt,0,1,1,18
data/SRS/Dataset_A/sig10_15_25/srs_132.txt,srs_132.txt,0,1,2,18
data/SRS/Dataset_A/sig10_15_25/srs_132.txt,srs_132.txt,0,1,3,18
data/SRS/Dataset_A/sig10_15_25/srs_132.txt,srs_132.txt,0,5,0,18
data/SRS/Dataset_A/sig10_15_25/srs_132.txt,srs_132.txt,0,5,1,18
data/SRS/Dataset_A/sig10_15_25/srs_132.txt,srs_132.txt,0,5,2,18
data/SRS/Dataset_A/sig10_15_25/srs_132.txt,srs_132.txt,0,5,3,18
data/SRS/Dataset_A/sig10_15_25/srs_132.txt,srs_132.txt,0,10,0,18
data/SRS/Dataset_A/sig10_15_25/srs_132.txt,srs_132.txt,0,10,1,18
data/SRS/Dataset_A/sig10_15_25/srs_132.txt,srs_132.txt,0,10,2,18
data/SRS/Dataset_A/sig10_15_25/srs_132.txt,srs_132.txt,1,1,0,18
data/SRS/Dataset_A/sig10_15_25/srs_132.txt,srs_132.txt,1,1,1,18
data/SRS/Dataset_A/sig10_15_25/srs_132.txt,srs_132.txt,1,1,2,18
data/SRS/Dataset_A/sig10_15_25/srs_132.txt,srs_132.txt,1,1,3,18
data/SRS/Dataset_A/sig10_15_25/srs_132.txt,srs_132.txt,1,5,0,18
data/SRS/Dataset_A/sig10_15_25/srs_132.txt,srs_132.txt,1,5,1,18
data/SRS/Dataset_A/sig10_15_25/srs_132.txt,srs_132.txt,1,5,2,18
data/SRS/Dataset_A/sig10_15_25/srs_132.txt,srs_132.txt,1,5,3,18
data/SRS/Dataset_A/sig10_15_25/srs_132.txt,srs_132.txt,1,10,0,18
data/SRS/Dataset_A/sig10_15_25/srs_132.txt,srs_132.txt,1,10,1,18
data/SRS/Dataset_A/sig10_15_25/srs_132.txt,srs_132.txt,1,10,2,18
data/SRS/Dataset_A/sig10_15_25/srs_132.txt,srs_132.txt,1,10,3,18
data/SRS/Dataset_A/sig10_15_25/srs_133.txt,srs_133.txt,0,1,1,21
data/SRS/Dataset_A/sig10_15_25/srs_133.txt,srs_133.txt,0,1,2,21
data/SRS/Dataset_A/sig10_15_25/srs_133.txt,srs_133.txt,0,1,3,21
data/SRS/Dataset_A/sig10_15_25/srs_133.txt,srs_133.txt,0,5,0,21
data/SRS/Dataset_A/sig10_15_25/srs_133.txt,srs_133.txt,0,5,1,21
data/SRS/Dataset_A/sig10_15_25/srs_133.txt,srs_133.txt,0,5,2,21
data/SRS/Dataset_A/sig10_15_25/srs_133.txt,srs_133.txt,0,5,3,21
data/SRS/Dataset_A/sig10_15_25/srs_133.txt,srs_133.txt,0,10,0,21
data/SRS/Dataset_A/sig10_15_25/srs_133.txt,srs_133.txt,0,10,1,21
data/SRS/Dataset_A/sig10_15_25/srs_133.txt,srs_133.txt,0,10,2,21
data/SRS/Dataset_A/sig10_15_25/srs_133.txt,srs_133.txt,1,1,0,21
data/SRS/Dataset_A/sig10_15_25/srs_133.txt,srs_133.txt,1,1,1,21
data/SRS/Dataset_A/sig10_15_25/srs_133.txt,srs_133.txt,1,1,2,21
data/SRS/Dataset_A/sig10_15_25/srs_133.txt,srs_133.txt,1,1,3,21
data/SRS/Dataset_A/sig10_15_25/srs_133.txt,srs_133.txt,1,5,0,21
data/SRS/Dataset_A/sig10_15_25/srs_133.txt,srs_133.txt,1,5,1,21
data/SRS/Dataset_A/sig10_15_25/srs_133.txt,srs_133.txt,1,5,2,21
data/SRS/Dataset_A/sig10_15_25/srs_133.txt,srs_133.txt,1,5,3,21
data/SRS/Dataset_A/sig10_15_25/srs_133.txt,srs_133.txt,1,10,0,21
data/SRS/Dataset_A/sig10_15_25/srs_133.txt,srs_133.txt,1,10,1,21
data/SRS/Dataset_A/sig10_15_25/srs_133.txt,srs_133.txt,1,10,2,21
data/SRS/Dataset_A/sig10_15_25/srs_133.txt,srs_133.txt,1,10,3,21
data/SRS/Dataset_A/sig10_15_25/srs_134.txt,srs_134.txt,0,1,1,18
data/SRS/Dataset_A/sig10_15_25/srs_134.txt,srs_134.txt,0,1,2,18
data/SRS/Dataset_A/sig10_15_25/srs_134.txt,srs_134.txt,0,1,3,18
data/SRS/Dataset_A/sig10_15_25/srs_134.txt,srs_134.txt,0,5,0,18
data/SRS/Dataset_A/sig10_15_25/srs_134.txt,srs_134.txt,0,5,1,18
data/SRS/Dataset_A/sig10_15_25/srs_134.txt,srs_134.txt,0,5,2,18
data/SRS/Dataset_A/sig10_15_25/srs_134.txt,srs_134.txt,0,5,3,18
data/SRS/Dataset_A/sig10_15_25/srs_134.txt,srs_134.txt,0,10,0,18
data/SRS/Dataset_A/sig10_15_25/srs_134.txt,srs_134.txt,0,10,1,18
data/SRS/Dataset_A/sig10_15_25/srs_134.txt,srs_134.txt,0,10,2,18
data/SRS/Dataset_A/sig10_15_25/srs_134.txt,srs_134.txt,1,1,0,18
data/SRS/Dataset_A/sig10_15_25/srs_134.txt,srs_134.txt,1,1,1,18
data/SRS/Dataset_A/sig10_15_25/srs_134.txt,srs_134.txt,1,1,2,18
data/SRS/Dataset_A/sig10_15_25/srs_134.txt,srs_134.txt,1,1,3,18
data/SRS/Dataset_A/sig10_15_25/srs_134.txt,srs_134.txt,1,5,0,18
data/SRS/Dataset_A/sig10_15_25/srs_134.txt,srs_134.txt,1,5,1,18
data/SRS/Dataset_A/sig10_15_25/srs_134.txt,srs_134.txt,1,5,2,18
data/SRS/Dataset_A/sig10_15_25/srs_134.txt,srs_134.txt,1,5,3,18
data/SRS/Dataset_A/sig10_15_25/srs_134.txt,srs_134.txt,1,10,0,18
data/SRS/Dataset_A/sig10_15_25/srs_134.txt,srs_134.txt,1,10,1,18
data/SRS/Dataset_A/sig10_15_25/srs_134.txt,srs_134.txt,1,10,2,18
data/SRS/Dataset_A/sig10_15_25/srs_134.txt,srs_134.txt,1,10,3,18
data/SRS/Dataset_A/sig10_15_25/srs_135.txt,srs_135.txt,0,1,1,21
data/SRS/Dataset_A/sig10_15_25/srs_135.txt,srs_135.txt,0,1,2,21
data/SRS/Dataset_A/sig10_15_25/srs_135.txt,srs_135.txt,0,1,3,21
data/SRS/Dataset_A/sig10_15_25/srs_135.txt,srs_135.txt,0,5,0,21
data/SRS/Dataset_A/sig10_15_25/srs_135.txt,srs_135.txt,0,5,1,21
data/SRS/Dataset_A/sig10_15_25/srs_135.txt,srs_135.txt,0,5,2,21
data/SRS/Dataset_A/sig10_15_25/srs_135.txt,srs_135.txt,0,5,3,21
data/SRS/Dataset_A/sig10_15_25/srs_135.txt,srs_135.txt,0,10,0,21
data/SRS/Dataset_A/sig10_15_25/srs_135.txt,srs_135.txt,0,10,1,21
data/SRS/Dataset_A/sig10_15_25/srs_135.txt,srs_135.txt,0,10,2,21
data/SRS/Dataset_A/sig10_15_25/srs_135.txt,srs_135.txt,1,1,0,21
data/SRS/Dataset_A/sig10_15_25/srs_135.txt,srs_135.txt,1,1,1,21
data/SRS/Dataset_A/sig10_15_25/srs_135.txt,srs_135.txt,1,1,2,21
data/SRS/Dataset_A/sig10_15_25/srs_135.txt,srs_135.txt,1,1,3,21
data/SRS/Dataset_A/sig10_15_25/srs_135.txt,srs_135.txt,1,5,0,21
data/SRS/Dataset_A/sig10_15_25/srs_135.txt,srs_135.txt,1,5,1,21
data/SRS/Dataset_A/sig10_15_25/srs_135.txt,srs_135.txt,1,5,2,21
data/SRS/Dataset_A/sig10_15_25/srs_135.txt,srs_135.txt,1,5,3,21
data/SRS/Dataset_A/sig10_15_25/srs_135.txt,srs_135.txt,1,10,0,21
data/SRS/Dataset_A/sig10_15_25/srs_135.txt,srs_135.txt,1,10,1,21
data/SRS/Dataset_A/sig10_15_25/srs_135.txt,srs_135.txt,1,10,2,21
data/SRS/Dataset_A/sig10_15_25/srs_135.txt,srs_135.txt,1,10,3,21
data/SRS/Dataset_A/sig10_15_25/srs_136.txt,srs_136.txt,0,1,1,25
data/SRS/Dataset_A/sig10_15_25/srs_136.txt,srs_136.txt,0,1,2,25
data/SRS/Dataset_A/sig10_15_25/srs_136.txt,srs_136.txt,0,1,3,25
data/SRS/Dataset_A/sig10_15_25/srs_136.txt,srs_136.txt,0,5,0,25
data/SRS/Dataset_A/sig10_15_25/srs_136.txt,srs_136.txt,0,5,1,25
data/SRS/Dataset_A/sig10_15_25/srs_136.txt,srs_136.txt,0,5,2,25
data/SRS/Dataset_A/sig10_15_25/srs_136.txt,srs_136.txt,0,5,3,25
data/SRS/Dataset_A/sig10_15_25/srs_136.txt,srs_136.txt,0,10,0,25
data/SRS/Dataset_A/sig10_15_25/srs_136.txt,srs_136.txt,0,10,1,25
data/SRS/Dataset_A/sig10_15_25/srs_136.txt,srs_136.txt,0,10,2,25
data/SRS/Dataset_A/sig10_15_25/srs_136.txt,srs_136.txt,1,1,0,25
data/SRS/Dataset_A/sig10_15_25/srs_136.txt,srs_136.txt,1,1,1,25
data/SRS/Dataset_A/sig10_15_25/srs_136.txt,srs_136.txt,1,1,2,25
data/SRS/Dataset_A/sig10_15_25/srs_136.txt,srs_136.txt,1,1,3,25
data/SRS/Dataset_A/sig10_15_25/srs_136.txt,srs_136.txt,1,5,0,25
data/SRS/Dataset_A/sig10_15_25/srs_136.txt,srs_136.txt,1,5,1,25
data/SRS/Dataset_A/sig10_15_25/srs_136.txt,srs_136.txt,1,5,2,25
data/SRS/Dataset_A/sig10_15_25/srs_136.txt,srs_136.txt,1,5,3,25
data/SRS/Dataset_A/sig10_15_25/srs_136.txt,srs_136.txt,1,10,0,25
data/SRS/Dataset_A/sig10_15_25/srs_136.txt,srs_136.txt,1,10,1,25
data/SRS/Dataset_A/sig10_15_25/srs_136.txt,srs_136.txt,1,10,2,25
data/SRS/Dataset_A/sig10_15_25/srs_136.txt,srs_136.txt,1,10,3,25
data/SRS/Dataset_A/sig10_15_25/srs_137.txt,srs_137.txt,0,1,1,16
data/SRS/Dataset_A/sig10_15_25/srs_137.txt,srs_137.txt,0,1,2,16
data/SRS/Dataset_A/sig10_15_25/srs_137.txt,srs_137.txt,0,1,3,16
data/SRS/Dataset_A/sig10_15_25/srs_137.txt,srs_137.txt,0,5,0,16
data/SRS/Dataset_A/sig10_15_25/srs_137.txt,srs_137.txt,0,5,1,16
data/SRS/Dataset_A/sig10_15_25/srs_137.txt,srs_137.txt,0,5,2,16
data/SRS/Dataset_A/sig10_15_25/srs_137.txt,srs_137.txt,0,5,3,16
data/SRS/Dataset_A/sig10_15_25/srs_137.txt,srs_137.txt,0,10,0,16
data/SRS/Dataset_A/sig10_15_25/srs_137.txt,srs_137.txt,0,10,1,16
data/SRS/Dataset_A/sig10_15_25/srs_137.txt,srs_137.txt,0,10,2,16
data/SRS/Dataset_A/sig10_15_25/srs_137.txt,srs_137.txt,1,1,0,16
data/SRS/Dataset_A/sig10_15_25/srs_137.txt,srs_137.txt,1,1,1,16
data/SRS/Dataset_A/sig10_15_25/srs_137.txt,srs_137.txt,1,1,2,16
data/SRS/Dataset_A/sig10_15_25/srs_137.txt,srs_137.txt,1,1,3,16
data/SRS/Dataset_A/sig10_15_25/srs_137.txt,srs_137.txt,1,5,0,16
data/SRS/Dataset_A/sig10_15_25/srs_137.txt,srs_137.txt,1,5,1,16
data/SRS/Dataset_A/sig10_15_25/srs_137.txt,srs_137.txt,1,5,2,16
data/SRS/Dataset_A/sig10_15_25/srs_137.txt,srs_137.txt,1,5,3,16
data/SRS/Dataset_A/sig10_15_25/srs_137.txt,srs_137.txt,1,10,0,16
data/SRS/Dataset_A/sig10_15_25/srs_137.txt,srs_137.txt,1,10,1,16
data/SRS/Dataset_A/sig10_15_25/srs_137.txt,srs_137.txt,1,10,2,16
data/SRS/Dataset_A/sig10_15_25/srs_137.txt,srs_137.txt,1,10,3,16
data/SRS/Dataset_A/sig10_15_25/srs_138.txt,srs_138.txt,0,1,1,15
data/SRS/Dataset_A/sig10_15_25/srs_138.txt,srs_138.txt,0,1,2,15
data/SRS/Dataset_A/sig10_15_25/srs_138.txt,srs_138.txt,0,1,3,15
data/SRS/Dataset_A/sig10_15_25/srs_138.txt,srs_138.txt,0,5,0,15
data/SRS/Dataset_A/sig10_15_25/srs_138.txt,srs_138.txt,0,5,1,15
data/SRS/Dataset_A/sig10_15_25/srs_138.txt,srs_138.txt,0,5,2,15
data/SRS/Dataset_A/sig10_15_25/srs_138.txt,srs_138.txt,0,5,3,15
data/SRS/Dataset_A/sig10_15_25/srs_138.txt,srs_138.txt,0,10,0,15
data/SRS/Dataset_A/sig10_15_25/srs_138.txt,srs_138.txt,0,10,1,15
data/SRS/Dataset_A/sig10_15_25/srs_138.txt,srs_138.txt,0,10,2,15
data/SRS/Dataset_A/sig10_15_25/srs_138.txt,srs_138.txt,1,1,0,15
data/SRS/Dataset_A/sig10_15_25/srs_138.txt,srs_138.txt,1,1,1,15
data/SRS/Dataset_A/sig10_15_25/srs_138.txt,srs_138.txt,1,1,2,15
data/SRS/Dataset_A/sig10_15_25/srs_138.txt,srs_138.txt,1,1,3,15
data/SRS/Dataset_A/sig10_15_25/srs_138.txt,srs_138.txt,1,5,0,15
data/SRS/Dataset_A/sig10_15_25/srs_138.txt,srs_138.txt,1,5,1,15
data/SRS/Dataset_A/sig10_15_25/srs_138.txt,srs_138.txt,1,5,2,15
data/SRS/Dataset_A/sig10_15_25/srs_138.txt,srs_138.txt,1,5,3,15
data/SRS/Dataset_A/sig10_15_25/srs_138.txt,srs_138.txt,1,10,0,15
data/SRS/Dataset_A/sig10_15_25/srs_138.txt,srs_138.txt,1,10,1,15
data/SRS/Dataset_A/sig10_15_25/srs_138.txt,srs_138.txt,1,10,2,15
data/SRS/Dataset_A/sig10_15_25/srs_138.txt,srs_138.txt,1,10,3,15
data/SRS/Dataset_A/sig10_15_25/srs_139.txt,srs_139.txt,0,1,1,17
data/SRS/Dataset_A/sig10_15_25/srs_139.txt,srs_139.txt,0,1,2,17
data/SRS/Dataset_A/sig10_15_25/srs_139.txt,srs_139.txt,0,1,3,17
data/SRS/Dataset_A/sig10_15_25/srs_139.txt,srs_139.txt,0,5,0,17
data/SRS/Dataset_A/sig10_15_25/srs_139.txt,srs_139.txt,0,5,1,17
data/SRS/Dataset_A/sig10_15_25/srs_139.txt,srs_139.txt,0,5,2,17
data/SRS/Dataset_A/sig10_15_25/srs_139.txt,srs_139.txt,0,5,3,17
data/SRS/Dataset_A/sig10_15_25/srs_139.txt,srs_139.txt,0,10,0,17
data/SRS/Dataset_A/sig10_15_25/srs_139.txt,srs_139.txt,0,10,1,17
data/SRS/Dataset_A/sig10_15_25/srs_139.txt,srs_139.txt,0,10,2,17
data/SRS/Dataset_A/sig10_15_25/srs_139.txt,srs_139.txt,1,1,0,17
data/SRS/Dataset_A/sig10_15_25/srs_139.txt,srs_139.txt,1,1,1,17
data/SRS/Dataset_A/sig10_15_25/srs_139.txt,srs_139.txt,1,1,2,17
data/SRS/Dataset_A/sig10_15_25/srs_139.txt,srs_139.txt,1,1,3,17
data/SRS/Dataset_A/sig10_15_25/srs_139.txt,srs_139.txt,1,5,0,17
data/SRS/Dataset_A/sig10_15_25/srs_139.txt,srs_139.txt,1,5,1,17
data/SRS/Dataset_A/sig10_15_25/srs_139.txt,srs_139.txt,1,5,2,17
data/SRS/Dataset_A/sig10_15_25/srs_139.txt,srs_139.txt,1,5,3,17
data/SRS/Dataset_A/sig10_15_25/srs_139.txt,srs_139.txt,1,10,0,17
data/SRS/Dataset_A/sig10_15_25/srs_139.txt,srs_139.txt,1,10,1,17
data/SRS/Dataset_A/sig10_15_25/srs_139.txt,srs_139.txt,1,10,2,17
data/SRS/Dataset_A/sig10_15_25/srs_139.txt,srs_139.txt,1,10,3,17
data/SRS/Dataset_A/sig10_15_25/srs_14.txt,srs_14.txt,0,1,1,15
data/SRS/Dataset_A/sig10_15_25/srs_14.txt,srs_14.txt,0,1,2,15
data/SRS/Dataset_A/sig10_15_25/srs_14.txt,srs_14.txt,0,1,3,15
data/SRS/Dataset_A/sig10_15_25/srs_14.txt,srs_14.txt,0,5,0,15
data/SRS/Dataset_A/sig10_15_25/srs_14.txt,srs_14.txt,0,5,1,15
data/SRS/Dataset_A/sig10_15_25/srs_14.txt,srs_14.txt,0,5,2,15
data/SRS/Dataset_A/sig10_15_25/srs_14.txt,srs_14.txt,0,5,3,15
data/SRS/Dataset_A/sig10_15_25/srs_14.txt,srs_14.txt,0,10,0,15
data/SRS/Dataset_A/sig10_15_25/srs_14.txt,srs_14.txt,0,10,1,15
data/SRS/Dataset_A/sig10_15_25/srs_14.txt,srs_14.txt,0,10,2,15
data/SRS/Dataset_A/sig10_15_25/srs_14.txt,srs_14.txt,1,1,0,15
data/SRS/Dataset_A/sig10_15_25/srs_14.txt,srs_14.txt,1,1,1,15
data/SRS/Dataset_A/sig10_15_25/srs_14.txt,srs_14.txt,1,1,2,15
data/SRS/Dataset_A/sig10_15_25/srs_14.txt,srs_14.txt,1,1,3,15
data/SRS/Dataset_A/sig10_15_25/srs_14.txt,srs_14.txt,1,5,0,15
data/SRS/Dataset_A/sig10_15_25/srs_14.txt,srs_14.txt,1,5,1,15
data/SRS/Dataset_A/sig10_15_25/srs_14.txt,srs_14.txt,1,5,2,15
data/SRS/Dataset_A/sig10_15_25/srs_14.txt,srs_14.txt,1,5,3,15
data/SRS/Dataset_A/sig10_15_25/srs_14.txt,srs_14.txt,1,10,0,15
data/SRS/Dataset_A/sig10_15_25/srs_14.txt,srs_14.txt,1,10,1,15
data/SRS/Dataset_A/sig10_15_25/srs_14.txt,srs_14.txt,1,10,2,15
data/SRS/Dataset_A/sig10_15_25/srs_14.txt,srs_14.txt,1,10,3,15
data/SRS/Dataset_A/sig10_15_25/srs_140.txt,srs_140.txt,0,1,1,21
data/SRS/Dataset_A/sig10_15_25/srs_140.txt,srs_140.txt,0,1,2,21
data/SRS/Dataset_A/sig10_15_25/srs_140.txt,srs_140.txt,0,1,3,21
data/SRS/Dataset_A/sig10_15_25/srs_140.txt,srs_140.txt,0,5,0,21
data/SRS/Dataset_A/sig10_15_25/srs_140.txt,srs_140.txt,0,5,1,21
data/SRS/Dataset_A/sig10_15_25/srs_140.txt,srs_140.txt,0,5,2,21
data/SRS/Dataset_A/sig10_15_25/srs_140.txt,srs_140.txt,0,5,3,21
data/SRS/Dataset_A/sig10_15_25/srs_140.txt,srs_140.txt,0,10,0,21
data/SRS/Dataset_A/sig10_15_25/srs_140.txt,srs_140.txt,0,10,1,21
data/SRS/Dataset_A/sig10_15_25/srs_140.txt,srs_140.txt,0,10,2,21
data/SRS/Dataset_A/sig10_15_25/srs_140.txt,srs_140.txt,1,1,0,21
data/SRS/Dataset_A/sig10_15_25/srs_140.txt,srs_140.txt,1,1,1,21
data/SRS/Dataset_A/sig10_15_25/srs_140.txt,srs_140.txt,1,1,2,21
data/SRS/Dataset_A/sig10_15_25/srs_140.txt,srs_140.txt,1,1,3,21
data/SRS/Dataset_A/sig10_15_25/srs_140.txt,srs_140.txt,1,5,0,21
data/SRS/Dataset_A/sig10_15_25/srs_140.txt,srs_140.txt,1,5,1,21
data/SRS/Dataset_A/sig10_15_25/srs_140.txt,srs_140.txt,1,5,2,21
data/SRS/Dataset_A/sig10_15_25/srs_140.txt,srs_140.txt,1,5,3,21
data/SRS/Dataset_A/sig10_15_25/srs_140.txt,srs_140.txt,1,10,0,21
data/SRS/Dataset_A/sig10_15_25/srs_140.txt,srs_140.txt,1,10,1,21
data/SRS/Dataset_A/sig10_15_25/srs_140.txt,srs_140.txt,1,10,2,21
data/SRS/Dataset_A/sig10_15_25/srs_140.txt,srs_140.txt,1,10,3,21
data/SRS/Dataset_A/sig10_15_25/srs_141.txt,srs_141.txt,0,1,1,24
data/SRS/Dataset_A/sig10_15_25/srs_141.txt,srs_141.txt,0,1,2,24
data/SRS/Dataset_A/sig10_15_25/srs_141.txt,srs_141.txt,0,1,3,24
data/SRS/Dataset_A/sig10_15_25/srs_141.txt,srs_141.txt,0,5,0,24
data/SRS/Dataset_A/sig10_15_25/srs_141.txt,srs_141.txt,0,5,1,24
data/SRS/Dataset_A/sig10_15_25/srs_141.txt,srs_141.txt,0,5,2,24
data/SRS/Dataset_A/sig10_15_25/srs_141.txt,srs_141.txt,0,5,3,24
data/SRS/Dataset_A/sig10_15_25/srs_141.txt,srs_141.txt,0,10,0,24
data/SRS/Dataset_A/sig10_15_25/srs_141.txt,srs_141.txt,0,10,1,24
data/SRS/Dataset_A/sig10_15_25/srs_141.txt,srs_141.txt,0,10,2,24
data/SRS/Dataset_A/sig10_15_25/srs_141.txt,srs_141.txt,1,1,0,24
data/SRS/Dataset_A/sig10_15_25/srs_141.txt,srs_141.txt,1,1,1,24
data/SRS/Dataset_A/sig10_15_25/srs_141.txt,srs_141.txt,1,1,2,24
data/SRS/Dataset_A/sig10_15_25/srs_141.txt,srs_141.txt,1,1,3,24
data/SRS/Dataset_A/sig10_15_25/srs_141.txt,srs_141.txt,1,5,0,24
data/SRS/Dataset_A/sig10_15_25/srs_141.txt,srs_141.txt,1,5,1,24
data/SRS/Dataset_A/sig10_15_25/srs_141.txt,srs_141.txt,1,5,2,24
data/SRS/Dataset_A/sig10_15_25/srs_141.txt,srs_141.txt,1,5,3,24
data/SRS/Dataset_A/sig10_15_25/srs_141.txt,srs_141.txt,1,10,0,24
data/SRS/Dataset_A/sig10_15_25/srs_141.txt,srs_141.txt,1,10,1,24
data/SRS/Dataset_A/sig10_15_25/srs_141.txt,srs_141.txt,1,10,2,24
data/SRS/Dataset_A/sig10_15_25/srs_141.txt,srs_141.txt,1,10,3,24
data/SRS/Dataset_A/sig10_15_25/srs_142.txt,srs_142.txt,0,1,1,21
data/SRS/Dataset_A/sig10_15_25/srs_142.txt,srs_142.txt,0,1,2,21
data/SRS/Dataset_A/sig10_15_25/srs_142.txt,srs_142.txt,0,1,3,21
data/SRS/Dataset_A/sig10_15_25/srs_142.txt,srs_142.txt,0,5,0,21
data/SRS/Dataset_A/sig10_15_25/srs_142.txt,srs_142.txt,0,5,1,21
data/SRS/Dataset_A/sig10_15_25/srs_142.txt,srs_142.txt,0,5,2,21
data/SRS/Dataset_A/sig10_15_25/srs_142.txt,srs_142.txt,0,5,3,21
data/SRS/Dataset_A/sig10_15_25/srs_142.txt,srs_142.txt,0,10,0,21
data/SRS/Dataset_A/sig10_15_25/srs_142.txt,srs_142.txt,0,10,1,21
data/SRS/Dataset_A/sig10_15_25/srs_142.txt,srs_142.txt,0,10,2,21
data/SRS/Dataset_A/sig10_15_25/srs_142.txt,srs_142.txt,1,1,0,21
data/SRS/Dataset_A/sig10_15_25/srs_142.txt,srs_142.txt,1,1,1,21
data/SRS/Dataset_A/sig10_15_25/srs_142.txt,srs_142.txt,1,1,2,21
data/SRS/Dataset_A/sig10_15_25/srs_142.txt,srs_142.txt,1,1,3,21
data/SRS/Dataset_A/sig10_15_25/srs_142.txt,srs_142.txt,1,5,0,21
data/SRS/Dataset_A/sig10_15_25/srs_142.txt,srs_142.txt,1,5,1,21
data/SRS/Dataset_A/sig10_15_25/srs_142.txt,srs_142.txt,1,5,2,21
data/SRS/Dataset_A/sig10_15_25/srs_142.txt,srs_142.txt,1,5,3,21
data/SRS/Dataset_A/sig10_15_25/srs_142.txt,srs_142.txt,1,10,0,21
data/SRS/Dataset_A/sig10_15_25/srs_142.txt,srs_142.txt,1,10,1,21
data/SRS/Dataset_A/sig10_15_25/srs_142.txt,srs_142.txt,1,10,2,21
data/SRS/Dataset_A/sig10_15_25/srs_142.txt,srs_142.txt,1,10,3,21
data/SRS/Dataset_A/sig10_15_25/srs_143.txt,srs_143.txt,0,1,1,17
data/SRS/Dataset_A/sig10_15_25/srs_143.txt,srs_143.txt,0,1,2,17
data/SRS/Dataset_A/sig10_15_25/srs_143.txt,srs_143.txt,0,1,3,17
data/SRS/Dataset_A/sig10_15_25/srs_143.txt,srs_143.txt,0,5,0,17
data/SRS/Dataset_A/sig10_15_25/srs_143.txt,srs_143.txt,0,5,1,17
data/SRS/Dataset_A/sig10_15_25/srs_143.txt,srs_143.txt,0,5,2,17
data/SRS/Dataset_A/sig10_15_25/srs_143.txt,srs_143.txt,0,5,3,17
data/SRS/Dataset_A/sig10_15_25/srs_143.txt,srs_143.txt,0,10,0,17
data/SRS/Dataset_A/sig10_15_25/srs_143.txt,srs_143.txt,0,10,1,17
data/SRS/Dataset_A/sig10_15_25/srs_143.txt,srs_143.txt,0,10,2,17
data/SRS/Dataset_A/sig10_15_25/srs_143.txt,srs_143.txt,1,1,0,17
data/SRS/Dataset_A/sig10_15_25/srs_143.txt,srs_143.txt,1,1,1,17
data/SRS/Dataset_A/sig10_15_25/srs_143.txt,srs_143.txt,1,1,2,17
data/SRS/Dataset_A/sig10_15_25/srs_143.txt,srs_143.txt,1,1,3,17
data/SRS/Dataset_A/sig10_15_25/srs_143.txt,srs_143.txt,1,5,0,17
data/SRS/Dataset_A/sig10_15_25/srs_143.txt,srs_143.txt,1,5,1,17
data/SRS/Dataset_A/sig10_15_25/srs_143.txt,srs_143.txt,1,5,2,17
data/SRS/Dataset_A/sig10_15_25/srs_143.txt,srs_143.txt,1,5,3,17
data/SRS/Dataset_A/sig10_15_25/srs_143.txt,srs_143.txt,1,10,0,17
data/SRS/Dataset_A/sig10_15_25/srs_143.txt,srs_143.txt,1,10,1,17
data/SRS/Dataset_A/sig10_15_25/srs_143.txt,srs_143.txt,1,10,2,17
data/SRS/Dataset_A/sig10_15_25/srs_143.txt,srs_143.txt,1,10,3,17
data/SRS/Dataset_A/sig10_15_25/srs_144.txt,srs_144.txt,0,1,1,16
data/SRS/Dataset_A/sig10_15_25/srs_144.txt,srs_144.txt,0,1,2,16
data/SRS/Dataset_A/sig10_15_25/srs_144.txt,srs_144.txt,0,1,3,16
data/SRS/Dataset_A/sig10_15_25/srs_144.txt,srs_144.txt,0,5,0,16
data/SRS/Dataset_A/sig10_15_25/srs_144.txt,srs_144.txt,0,5,1,16
data/SRS/Dataset_A/sig10_15_25/srs_144.txt,srs_144.txt,0,5,2,16
data/SRS/Dataset_A/sig10_15_25/srs_144.txt,srs_144.txt,0,5,3,16
data/SRS/Dataset_A/sig10_15_25/srs_144.txt,srs_144.txt,0,10,0,16
data/SRS/Dataset_A/sig10_15_25/srs_144.txt,srs_144.txt,0,10,1,16
data/SRS/Dataset_A/sig10_15_25/srs_144.txt,srs_144.txt,0,10,2,16
data/SRS/Dataset_A/sig10_15_25/srs_144.txt,srs_144.txt,1,1,0,16
data/SRS/Dataset_A/sig10_15_25/srs_144.txt,srs_144.txt,1,1,1,16
data/SRS/Dataset_A/sig10_15_25/srs_144.txt,srs_144.txt,1,1,2,16
data/SRS/Dataset_A/sig10_15_25/srs_144.txt,srs_144.txt,1,1,3,16
data/SRS/Dataset_A/sig10_15_25/srs_144.txt,srs_144.txt,1,5,0,16
data/SRS/Dataset_A/sig10_15_25/srs_144.txt,srs_144.txt,1,5,1,16
data/SRS/Dataset_A/sig10_15_25/srs_144.txt,srs_144.txt,1,5,2,16
data/SRS/Dataset_A/sig10_15_25/srs_144.txt,srs_144.txt,1,5,3,16
data/SRS/Dataset_A/sig10_15_25/srs_144.txt,srs_144.txt,1,10,0,16
data/SRS/Dataset_A/sig10_15_25/srs_144.txt,srs_144.txt,1,10,1,16
data/SRS/Dataset_A/sig10_15_25/srs_144.txt,srs_144.txt,1,10,2,16
data/SRS/Dataset_A/sig10_15_25/srs_144.txt,srs_144.txt,1,10,3,16
data/SRS/Dataset_A/sig10_15_25/srs_145.txt,srs_145.txt,0,1,1,16
data/SRS/Dataset_A/sig10_15_25/srs_145.txt,srs_145.txt,0,1,2,16
data/SRS/Dataset_A/sig10_15_25/srs_145.txt,srs_145.txt,0,1,3,16
data/SRS/Dataset_A/sig10_15_25/srs_145.txt,srs_145.txt,0,5,0,16
data/SRS/Dataset_A/sig10_15_25/srs_145.txt,srs_145.txt,0,5,1,16
data/SRS/Dataset_A/sig10_15_25/srs_145.txt,srs_145.txt,0,5,2,16
data/SRS/Dataset_A/sig10_15_25/srs_145.txt,srs_145.txt,0,5,3,16
data/SRS/Dataset_A/sig10_15_25/srs_145.txt,srs_145.txt,0,10,0,16
data/SRS/Dataset_A/sig10_15_25/srs_145.txt,srs_145.txt,0,10,1,16
data/SRS/Dataset_A/sig10_15_25/srs_145.txt,srs_145.txt,0,10,2,16
data/SRS/Dataset_A/sig10_15_25/srs_145.txt,srs_145.txt,1,1,0,16
data/SRS/Dataset_A/sig10_15_25/srs_145.txt,srs_145.txt,1,1,1,16
data/SRS/Dataset_A/sig10_15_25/srs_145.txt,srs_145.txt,1,1,2,16
data/SRS/Dataset_A/sig10_15_25/srs_145.txt,srs_145.txt,1,1,3,16
data/SRS/Dataset_A/sig10_15_25/srs_145.txt,srs_145.txt,1,5,0,16
data/SRS/Dataset_A/sig10_15_25/srs_145.txt,srs_145.txt,1,5,1,16
data/SRS/Dataset_A/sig10_15_25/srs_145.txt,srs_145.txt,1,5,2,16
data/SRS/Dataset_A/sig10_15_25/srs_145.txt,srs_145.txt,1,5,3,16
data/SRS/Dataset_A/sig10_15_25/srs_145.txt,srs_145.txt,1,10,0,16
data/SRS/Dataset_A/sig10_15_25/srs_145.txt,srs_145.txt,1,10,1,16
data/SRS/Dataset_A/sig10_15_25/srs_145.txt,srs_145.txt,1,10,2,16
data/SRS/Dataset_A/sig10_15_25/srs_145.txt,srs_145.txt,1,10,3,16
data/SRS/Dataset_A/sig10_15_25/srs_146.txt,srs_146.txt,0,1,1,17
data/SRS/Dataset_A/sig10_15_25/srs_146.txt,srs_146.txt,0,1,2,17
data/SRS/Dataset_A/sig10_15_25/srs_146.txt,srs_146.txt,0,1,3,17
data/SRS/Dataset_A/sig10_15_25/srs_146.txt,srs_146.txt,0,5,0,17
data/SRS/Dataset_A/sig10_15_25/srs_146.txt,srs_146.txt,0,5,1,17
data/SRS/Dataset_A/sig10_15_25/srs_146.txt,srs_146.txt,0,5,2,17
data/SRS/Dataset_A/sig10_15_25/srs_146.txt,srs_146.txt,0,5,3,17
data/SRS/Dataset_A/sig10_15_25/srs_146.txt,srs_146.txt,0,10,0,17
data/SRS/Dataset_A/sig10_15_25/srs_146.txt,srs_146.txt,0,10,1,17
data/SRS/Dataset_A/sig10_15_25/srs_146.txt,srs_146.txt,0,10,2,17
data/SRS/Dataset_A/sig10_15_25/srs_146.txt,srs_146.txt,1,1,0,17
data/SRS/Dataset_A/sig10_15_25/srs_146.txt,srs_146.txt,1,1,1,17
data/SRS/Dataset_A/sig10_15_25/srs_146.txt,srs_146.txt,1,1,2,17
data/SRS/Dataset_A/sig10_15_25/srs_146.txt,srs_146.txt,1,1,3,17
data/SRS/Dataset_A/sig10_15_25/srs_146.txt,srs_146.txt,1,5,0,17
data/SRS/Dataset_A/sig10_15_25/srs_146.txt,srs_146.txt,1,5,1,17
data/SRS/Dataset_A/sig10_15_25/srs_146.txt,srs_146.txt,1,5,2,17
data/SRS/Dataset_A/sig10_15_25/srs_146.txt,srs_146.txt,1,5,3,17
data/SRS/Dataset_A/sig10_15_25/srs_146.txt,srs_146.txt,1,10,0,17
data/SRS/Dataset_A/sig10_15_25/srs_146.txt,srs_146.txt,1,10,1,17
data/SRS/Dataset_A/sig10_15_25/srs_146.txt,srs_146.txt,1,10,2,17
data/SRS/Dataset_A/sig10_15_25/srs_146.txt,srs_146.txt,1,10,3,17
data/SRS/Dataset_A/sig10_15_25/srs_147.txt,srs_147.txt,0,1,1,17
data/SRS/Dataset_A/sig10_15_25/srs_147.txt,srs_147.txt,0,1,2,17
data/SRS/Dataset_A/sig10_15_25/srs_147.txt,srs_147.txt,0,1,3,17
data/SRS/Dataset_A/sig10_15_25/srs_147.txt,srs_147.txt,0,5,0,17
data/SRS/Dataset_A/sig10_15_25/srs_147.txt,srs_147.txt,0,5,1,17
data/SRS/Dataset_A/sig10_15_25/srs_147.txt,srs_147.txt,0,5,2,17
data/SRS/Dataset_A/sig10_15_25/srs_147.txt,srs_147.txt,0,5,3,17
data/SRS/Dataset_A/sig10_15_25/srs_147.txt,srs_147.txt,0,10,0,17
data/SRS/Dataset_A/sig10_15_25/srs_147.txt,srs_147.txt,0,10,1,17
data/SRS/Dataset_A/sig10_15_25/srs_147.txt,srs_147.txt,0,10,2,17
data/SRS/Dataset_A/sig10_15_25/srs_147.txt,srs_147.txt,1,1,0,17
data/SRS/Dataset_A/sig10_15_25/srs_147.txt,srs_147.txt,1,1,1,17
data/SRS/Dataset_A/sig10_15_25/srs_147.txt,srs_147.txt,1,1,2,17
data/SRS/Dataset_A/sig10_15_25/srs_147.txt,srs_147.txt,1,1,3,17
data/SRS/Dataset_A/sig10_15_25/srs_147.txt,srs_147.txt,1,5,0,17
data/SRS/Dataset_A/sig10_15_25/srs_147.txt,srs_147.txt,1,5,1,17
data/SRS/Dataset_A/sig10_15_25/srs_147.txt,srs_147.txt,1,5,2,17
data/SRS/Dataset_A/sig10_15_25/srs_147.txt,srs_147.txt,1,5,3,17
data/SRS/Dataset_A/sig10_15_25/srs_147.txt,srs_147.txt,1,10,0,17
data/SRS/Dataset_A/sig10_15_25/srs_147.txt,srs_147.txt,1,10,1,17
data/SRS/Dataset_A/sig10_15_25/srs_147.txt,srs_147.txt,1,10,2,17
data/SRS/Dataset_A/sig10_15_25/srs_147.txt,srs_147.txt,1,10,3,17
data/SRS/Dataset_A/sig10_15_25/srs_148.txt,srs_148.txt,0,1,0,25
data/SRS/Dataset_A/sig10_15_25/srs_148.txt,srs_148.txt,0,1,1,25
data/SRS/Dataset_A/sig10_15_25/srs_148.txt,srs_148.txt,0,1,2,25
data/SRS/Dataset_A/sig10_15_25/srs_148.txt,srs_148.txt,0,1,3,25
data/SRS/Dataset_A/sig10_15_25/srs_148.txt,srs_148.txt,0,5,0,25
data/SRS/Dataset_A/sig10_15_25/srs_148.txt,srs_148.txt,0,5,1,25
data/SRS/Dataset_A/sig10_15_25/srs_148.txt,srs_148.txt,0,5,2,25
data/SRS/Dataset_A/sig10_15_25/srs_148.txt,srs_148.txt,0,5,3,25
data/SRS/Dataset_A/sig10_15_25/srs_148.txt,srs_148.txt,0,10,0,25
data/SRS/Dataset_A/sig10_15_25/srs_148.txt,srs_148.txt,0,10,1,25
data/SRS/Dataset_A/sig10_15_25/srs_148.txt,srs_148.txt,0,10,2,25
data/SRS/Dataset_A/sig10_15_25/srs_148.txt,srs_148.txt,1,1,0,25
data/SRS/Dataset_A/sig10_15_25/srs_148.txt,srs_148.txt,1,1,1,25
data/SRS/Dataset_A/sig10_15_25/srs_148.txt,srs_148.txt,1,1,2,25
data/SRS/Dataset_A/sig10_15_25/srs_148.txt,srs_148.txt,1,1,3,25
data/SRS/Dataset_A/sig10_15_25/srs_148.txt,srs_148.txt,1,5,0,25
data/SRS/Dataset_A/sig10_15_25/srs_148.txt,srs_148.txt,1,5,1,25
data/SRS/Dataset_A/sig10_15_25/srs_148.txt,srs_148.txt,1,5,2,25
data/SRS/Dataset_A/sig10_15_25/srs_148.txt,srs_148.txt,1,5,3,25
data/SRS/Dataset_A/sig10_15_25/srs_148.txt,srs_148.txt,1,10,0,25
data/SRS/Dataset_A/sig10_15_25/srs_148.txt,srs_148.txt,1,10,1,25
data/SRS/Dataset_A/sig10_15_25/srs_148.txt,srs_148.txt,1,10,2,25
data/SRS/Dataset_A/sig10_15_25/srs_148.txt,srs_148.txt,1,10,3,25
data/SRS/Dataset_A/sig10_15_25/srs_149.txt,srs_149.txt,0,1,1,15
data/SRS/Dataset_A/sig10_15_25/srs_149.txt,srs_149.txt,0,1,2,15
data/SRS/Dataset_A/sig10_15_25/srs_149.txt,srs_149.txt,0,1,3,15
data/SRS/Dataset_A/sig10_15_25/srs_149.txt,srs_149.txt,0,5,0,15
data/SRS/Dataset_A/sig10_15_25/srs_149.txt,srs_149.txt,0,5,1,15
data/SRS/Dataset_A/sig10_15_25/srs_149.txt,srs_149.txt,0,5,2,15
data/SRS/Dataset_A/sig10_15_25/srs_149.txt,srs_149.txt,0,5,3,15
data/SRS/Dataset_A/sig10_15_25/srs_149.txt,srs_149.txt,0,10,0,15
data/SRS/Dataset_A/sig10_15_25/srs_149.txt,srs_149.txt,0,10,1,15
data/SRS/Dataset_A/sig10_15_25/srs_149.txt,srs_149.txt,0,10,2,15
data/SRS/Dataset_A/sig10_15_25/srs_149.txt,srs_149.txt,1,1,0,15
data/SRS/Dataset_A/sig10_15_25/srs_149.txt,srs_149.txt,1,1,1,15
data/SRS/Dataset_A/sig10_15_25/srs_149.txt,srs_149.txt,1,1,2,15
data/SRS/Dataset_A/sig10_15_25/srs_149.txt,srs_149.txt,1,1,3,15
data/SRS/Dataset_A/sig10_15_25/srs_149.txt,srs_149.txt,1,5,0,15
data/SRS/Dataset_A/sig10_15_25/srs_149.txt,srs_149.txt,1,5,1,15
data/SRS/Dataset_A/sig10_15_25/srs_149.txt,srs_149.txt,1,5,2,15
data/SRS/Dataset_A/sig10_15_25/srs_149.txt,srs_149.txt,1,5,3,15
data/SRS/Dataset_A/sig10_15_25/srs_149.txt,srs_149.txt,1,10,0,15
data/SRS/Dataset_A/sig10_15_25/srs_149.txt,srs_149.txt,1,10,1,15
data/SRS/Dataset_A/sig10_15_25/srs_149.txt,srs_149.txt,1,10,2,15
data/SRS/Dataset_A/sig10_15_25/srs_149.txt,srs_149.txt,1,10,3,15
data/SRS/Dataset_A/sig10_15_25/srs_15.txt,srs_15.txt,0,1,1,24
data/SRS/Dataset_A/sig10_15_25/srs_15.txt,srs_15.txt,0,1,2,24
data/SRS/Dataset_A/sig10_15_25/srs_15.txt,srs_15.txt,0,1,3,24
data/SRS/Dataset_A/sig10_15_25/srs_15.txt,srs_15.txt,0,5,0,24
data/SRS/Dataset_A/sig10_15_25/srs_15.txt,srs_15.txt,0,5,1,24
data/SRS/Dataset_A/sig10_15_25/srs_15.txt,srs_15.txt,0,5,2,24
data/SRS/Dataset_A/sig10_15_25/srs_15.txt,srs_15.txt,0,5,3,24
data/SRS/Dataset_A/sig10_15_25/srs_15.txt,srs_15.txt,0,10,0,24
data/SRS/Dataset_A/sig10_15_25/srs_15.txt,srs_15.txt,0,10,1,24
data/SRS/Dataset_A/sig10_15_25/srs_15.txt,srs_15.txt,0,10,2,24
data/SRS/Dataset_A/sig10_15_25/srs_15.txt,srs_15.txt,1,1,0,24
data/SRS/Dataset_A/sig10_15_25/srs_15.txt,srs_15.txt,1,1,1,24
data/SRS/Dataset_A/sig10_15_25/srs_15.txt,srs_15.txt,1,1,2,24
data/SRS/Dataset_A/sig10_15_25/srs_15.txt,srs_15.txt,1,1,3,24
data/SRS/Dataset_A/sig10_15_25/srs_15.txt,srs_15.txt,1,5,0,24
data/SRS/Dataset_A/sig10_15_25/srs_15.txt,srs_15.txt,1,5,1,24
data/SRS/Dataset_A/sig10_15_25/srs_15.txt,srs_15.txt,1,5,2,24
data/SRS/Dataset_A/sig10_15_25/srs_15.txt,srs_15.txt,1,5,3,24
data/SRS/Dataset_A/sig10_15_25/srs_15.txt,srs_15.txt,1,10,0,24
data/SRS/Dataset_A/sig10_15_25/srs_15.txt,srs_15.txt,1,10,1,24
data/SRS/Dataset_A/sig10_15_25/srs_15.txt,srs_15.txt,1,10,2,24
data/SRS/Dataset_A/sig10_15_25/srs_15.txt,srs_15.txt,1,10,3,24
data/SRS/Dataset_A/sig10_15_25/srs_150.txt,srs_150.txt,0,1,1,21
data/SRS/Dataset_A/sig10_15_25/srs_150.txt,srs_150.txt,0,1,2,21
data/SRS/Dataset_A/sig10_15_25/srs_150.txt,srs_150.txt,0,1,3,21
data/SRS/Dataset_A/sig10_15_25/srs_150.txt,srs_150.txt,0,5,0,21
data/SRS/Dataset_A/sig10_15_25/srs_150.txt,srs_150.txt,0,5,1,21
data/SRS/Dataset_A/sig10_15_25/srs_150.txt,srs_150.txt,0,5,2,21
data/SRS/Dataset_A/sig10_15_25/srs_150.txt,srs_150.txt,0,5,3,21
data/SRS/Dataset_A/sig10_15_25/srs_150.txt,srs_150.txt,0,10,0,21
data/SRS/Dataset_A/sig10_15_25/srs_150.txt,srs_150.txt,0,10,1,21
data/SRS/Dataset_A/sig10_15_25/srs_150.txt,srs_150.txt,0,10,2,21
data/SRS/Dataset_A/sig10_15_25/srs_150.txt,srs_150.txt,1,1,0,21
data/SRS/Dataset_A/sig10_15_25/srs_150.txt,srs_150.txt,1,1,1,21
data/SRS/Dataset_A/sig10_15_25/srs_150.txt,srs_150.txt,1,1,2,21
data/SRS/Dataset_A/sig10_15_25/srs_150.txt,srs_150.txt,1,1,3,21
data/SRS/Dataset_A/sig10_15_25/srs_150.txt,srs_150.txt,1,5,0,21
data/SRS/Dataset_A/sig10_15_25/srs_150.txt,srs_150.txt,1,5,1,21
data/SRS/Dataset_A/sig10_15_25/srs_150.txt,srs_150.txt,1,5,2,21
data/SRS/Dataset_A/sig10_15_25/srs_150.txt,srs_150.txt,1,5,3,21
data/SRS/Dataset_A/sig10_15_25/srs_150.txt,srs_150.txt,1,10,0,21
data/SRS/Dataset_A/sig10_15_25/srs_150.txt,srs_150.txt,1,10,1,21
data/SRS/Dataset_A/sig10_15_25/srs_150.txt,srs_150.txt,1,10,2,21
data/SRS/Dataset_A/sig10_15_25/srs_150.txt,srs_150.txt,1,10,3,21
data/SRS/Dataset_A/sig10_15_25/srs_151.txt,srs_151.txt,0,1,1,20
data/SRS/Dataset_A/sig10_15_25/srs_151.txt,srs_151.txt,0,1,2,20
data/SRS/Dataset_A/sig10_15_25/srs_151.txt,srs_151.txt,0,1,3,20
data/SRS/Dataset_A/sig10_15_25/srs_151.txt,srs_151.txt,0,5,0,20
data/SRS/Dataset_A/sig10_15_25/srs_151.txt,srs_151.txt,0,5,1,20
data/SRS/Dataset_A/sig10_15_25/srs_151.txt,srs_151.txt,0,5,2,20
data/SRS/Dataset_A/sig10_15_25/srs_151.txt,srs_151.txt,0,5,3,20
data/SRS/Dataset_A/sig10_15_25/srs_151.txt,srs_151.txt,0,10,0,20
data/SRS/Dataset_A/sig10_15_25/srs_151.txt,srs_151.txt,0,10,1,20
data/SRS/Dataset_A/sig10_15_25/srs_151.txt,srs_151.txt,0,10,2,20
data/SRS/Dataset_A/sig10_15_25/srs_151.txt,srs_151.txt,1,1,0,20
data/SRS/Dataset_A/sig10_15_25/srs_151.txt,srs_151.txt,1,1,1,20
data/SRS/Dataset_A/sig10_15_25/srs_151.txt,srs_151.txt,1,1,2,20
data/SRS/Dataset_A/sig10_15_25/srs_151.txt,srs_151.txt,1,1,3,20
data/SRS/Dataset_A/sig10_15_25/srs_151.txt,srs_151.txt,1,5,0,20
data/SRS/Dataset_A/sig10_15_25/srs_151.txt,srs_151.txt,1,5,1,20
data/SRS/Dataset_A/sig10_15_25/srs_151.txt,srs_151.txt,1,5,2,20
data/SRS/Dataset_A/sig10_15_25/srs_151.txt,srs_151.txt,1,5,3,20
data/SRS/Dataset_A/sig10_15_25/srs_151.txt,srs_151.txt,1,10,0,20
data/SRS/Dataset_A/sig10_15_25/srs_151.txt,srs_151.txt,1,10,1,20
data/SRS/Dataset_A/sig10_15_25/srs_151.txt,srs_151.txt,1,10,2,20
data/SRS/Dataset_A/sig10_15_25/srs_151.txt,srs_151.txt,1,10,3,20
data/SRS/Dataset_A/sig10_15_25/srs_152.txt,srs_152.txt,0,1,1,15
data/SRS/Dataset_A/sig10_15_25/srs_152.txt,srs_152.txt,0,1,2,15
data/SRS/Dataset_A/sig10_15_25/srs_152.txt,srs_152.txt,0,1,3,15
data/SRS/Dataset_A/sig10_15_25/srs_152.txt,srs_152.txt,0,5,0,15
data/SRS/Dataset_A/sig10_15_25/srs_152.txt,srs_152.txt,0,5,1,15
data/SRS/Dataset_A/sig10_15_25/srs_152.txt,srs_152.txt,0,5,2,15
data/SRS/Dataset_A/sig10_15_25/srs_152.txt,srs_152.txt,0,5,3,15
data/SRS/Dataset_A/sig10_15_25/srs_152.txt,srs_152.txt,0,10,0,15
data/SRS/Dataset_A/sig10_15_25/srs_152.txt,srs_152.txt,0,10,1,15
data/SRS/Dataset_A/sig10_15_25/srs_152.txt,srs_152.txt,0,10,2,15
data/SRS/Dataset_A/sig10_15_25/srs_152.txt,srs_152.txt,1,1,0,15
data/SRS/Dataset_A/sig10_15_25/srs_152.txt,srs_152.txt,1,1,1,15
data/SRS/Dataset_A/sig10_15_25/srs_152.txt,srs_152.txt,1,1,2,15
data/SRS/Dataset_A/sig10_15_25/srs_152.txt,srs_152.txt,1,1,3,15
data/SRS/Dataset_A/sig10_15_25/srs_152.txt,srs_152.txt,1,5,0,15
data/SRS/Dataset_A/sig10_15_25/srs_152.txt,srs_152.txt,1,5,1,15
data/SRS/Dataset_A/sig10_15_25/srs_152.txt,srs_152.txt,1,5,2,15
data/SRS/Dataset_A/sig10_15_25/srs_152.txt,srs_152.txt,1,5,3,15
data/SRS/Dataset_A/sig10_15_25/srs_152.txt,srs_152.txt,1,10,0,15
data/SRS/Dataset_A/sig10_15_25/srs_152.txt,srs_152.txt,1,10,1,15
data/SRS/Dataset_A/sig10_15_25/srs_152.txt,srs_152.txt,1,10,2,15
data/SRS/Dataset_A/sig10_15_25/srs_152.txt,srs_152.txt,1,10,3,15
data/SRS/Dataset_A/sig10_15_25/srs_153.txt,srs_153.txt,0,1,1,23
data/SRS/Dataset_A/sig10_15_25/srs_153.txt,srs_153.txt,0,1,2,23
data/SRS/Dataset_A/sig10_15_25/srs_153.txt,srs_153.txt,0,1,3,23
data/SRS/Dataset_A/sig10_15_25/srs_153.txt,srs_153.txt,0,5,0,23
data/SRS/Dataset_A/sig10_15_25/srs_153.txt,srs_153.txt,0,5,1,23
data/SRS/Dataset_A/sig10_15_25/srs_153.txt,srs_153.txt,0,5,2,23
data/SRS/Dataset_A/sig10_15_25/srs_153.txt,srs_153.txt,0,5,3,23
data/SRS/Dataset_A/sig10_15_25/srs_153.txt,srs_153.txt,0,10,0,23
data/SRS/Dataset_A/sig10_15_25/srs_153.txt,srs_153.txt,0,10,1,23
data/SRS/Dataset_A/sig10_15_25/srs_153.txt,srs_153.txt,0,10,2,23
data/SRS/Dataset_A/sig10_15_25/srs_153.txt,srs_153.txt,1,1,0,23
data/SRS/Dataset_A/sig10_15_25/srs_153.txt,srs_153.txt,1,1,1,23
data/SRS/Dataset_A/sig10_15_25/srs_153.txt,srs_153.txt,1,1,2,23
data/SRS/Dataset_A/sig10_15_25/srs_153.txt,srs_153.txt,1,1,3,23
data/SRS/Dataset_A/sig10_15_25/srs_153.txt,srs_153.txt,1,5,0,23
data/SRS/Dataset_A/sig10_15_25/srs_153.txt,srs_153.txt,1,5,1,23
data/SRS/Dataset_A/sig10_15_25/srs_153.txt,srs_153.txt,1,5,2,23
data/SRS/Dataset_A/sig10_15_25/srs_153.txt,srs_153.txt,1,5,3,23
data/SRS/Dataset_A/sig10_15_25/srs_153.txt,srs_153.txt,1,10,0,23
data/SRS/Dataset_A/sig10_15_25/srs_153.txt,srs_153.txt,1,10,1,23
data/SRS/Dataset_A/sig10_15_25/srs_153.txt,srs_153.txt,1,10,2,23
data/SRS/Dataset_A/sig10_15_25/srs_153.txt,srs_153.txt,1,10,3,23
data/SRS/Dataset_A/sig10_15_25/srs_154.txt,srs_154.txt,0,1,1,16
data/SRS/Dataset_A/sig10_15_25/srs_154.txt,srs_154.txt,0,1,2,16
data/SRS/Dataset_A/sig10_15_25/srs_154.txt,srs_154.txt,0,1,3,16
data/SRS/Dataset_A/sig10_15_25/srs_154.txt,srs_154.txt,0,5,0,16
data/SRS/Dataset_A/sig10_15_25/srs_154.txt,srs_154.txt,0,5,1,16
data/SRS/Dataset_A/sig10_15_25/srs_154.txt,srs_154.txt,0,5,2,16
data/SRS/Dataset_A/sig10_15_25/srs_154.txt,srs_154.txt,0,5,3,16
data/SRS/Dataset_A/sig10_15_25/srs_154.txt,srs_154.txt,0,10,0,16
data/SRS/Dataset_A/sig10_15_25/srs_154.txt,srs_154.txt,0,10,1,16
data/SRS/Dataset_A/sig10_15_25/srs_154.txt,srs_154.txt,0,10,2,16
data/SRS/Dataset_A/sig10_15_25/srs_154.txt,srs_154.txt,1,1,0,16
data/SRS/Dataset_A/sig10_15_25/srs_154.txt,srs_154.txt,1,1,1,16
data/SRS/Dataset_A/sig10_15_25/srs_154.txt,srs_154.txt,1,1,2,16
data/SRS/Dataset_A/sig10_15_25/srs_154.txt,srs_154.txt,1,1,3,16
data/SRS/Dataset_A/sig10_15_25/srs_154.txt,srs_154.txt,1,5,0,16
data/SRS/Dataset_A/sig10_15_25/srs_154.txt,srs_154.txt,1,5,1,16
data/SRS/Dataset_A/sig10_15_25/srs_154.txt,srs_154.txt,1,5,2,16
data/SRS/Dataset_A/sig10_15_25/srs_154.txt,srs_154.txt,1,5,3,16
data/SRS/Dataset_A/sig10_15_25/srs_154.txt,srs_154.txt,1,10,0,16
data/SRS/Dataset_A/sig10_15_25/srs_154.txt,srs_154.txt,1,10,1,16
data/SRS/Dataset_A/sig10_15_25/srs_154.txt,srs_154.txt,1,10,2,16
data/SRS/Dataset_A/sig10_15_25/srs_154.txt,srs_154.txt,1,10,3,16
data/SRS/Dataset_A/sig10_15_25/srs_155.txt,srs_155.txt,0,1,1,25
data/SRS/Dataset_A/sig10_15_25/srs_155.txt,srs_155.txt,0,1,2,25
data/SRS/Dataset_A/sig10_15_25/srs_155.txt,srs_155.txt,0,1,3,25
data/SRS/Dataset_A/sig10_15_25/srs_155.txt,srs_155.txt,0,5,0,25
data/SRS/Dataset_A/sig10_15_25/srs_155.txt,srs_155.txt,0,5,1,25
data/SRS/Dataset_A/sig10_15_25/srs_155.txt,srs_155.txt,0,5,2,25
data/SRS/Dataset_A/sig10_15_25/srs_155.txt,srs_155.txt,0,5,3,25
data/SRS/Dataset_A/sig10_15_25/srs_155.txt,srs_155.txt,0,10,0,25
data/SRS/Dataset_A/sig10_15_25/srs_155.txt,srs_155.txt,0,10,1,25
data/SRS/Dataset_A/sig10_15_25/srs_155.txt,srs_155.txt,0,10,2,25
data/SRS/Dataset_A/sig10_15_25/srs_155.txt,srs_155.txt,1,1,0,25
data/SRS/Dataset_A/sig10_15_25/srs_155.txt,srs_155.txt,1,1,1,25
data/SRS/Dataset_A/sig10_15_25/srs_155.txt,srs_155.txt,1,1,2,25
data/SRS/Dataset_A/sig10_15_25/srs_155.txt,srs_155.txt,1,1,3,25
data/SRS/Dataset_A/sig10_15_25/srs_155.txt,srs_155.txt,1,5,0,25
data/SRS/Dataset_A/sig10_15_25/srs_155.txt,srs_155.txt,1,5,1,25
data/SRS/Dataset_A/sig10_15_25/srs_155.txt,srs_155.txt,1,5,2,25
data/SRS/Dataset_A/sig10_15_25/srs_155.txt,srs_155.txt,1,5,3,25
data/SRS/Dataset_A/sig10_15_25/srs_155.txt,srs_155.txt,1,10,0,25
data/SRS/Dataset_A/sig10_15_25/srs_155.txt,srs_155.txt,1,10,1,25
data/SRS/Dataset_A/sig10_15_25/srs_155.txt,srs_155.txt,1,10,2,25
data/SRS/Dataset_A/sig10_15_25/srs_155.txt,srs_155.txt,1,10,3,25
data/SRS/Dataset_A/sig10_15_25/srs_156.txt,srs_156.txt,0,1,1,24
data/SRS/Dataset_A/sig10_15_25/srs_156.txt,srs_156.txt,0,1,2,24
data/SRS/Dataset_A/sig10_15_25/srs_156.txt,srs_156.txt,0,1,3,24
data/SRS/Dataset_A/sig10_15_25/srs_156.txt,srs_156.txt,0,5,0,24
data/SRS/Dataset_A/sig10_15_25/srs_156.txt,srs_156.txt,0,5,1,24
data/SRS/Dataset_A/sig10_15_25/srs_156.txt,srs_156.txt,0,5,2,24
data/SRS/Dataset_A/sig10_15_25/srs_156.txt,srs_156.txt,0,5,3,24
data/SRS/Dataset_A/sig10_15_25/srs_156.txt,srs_156.txt,0,10,0,24
data/SRS/Dataset_A/sig10_15_25/srs_156.txt,srs_156.txt,0,10,1,24
data/SRS/Dataset_A/sig10_15_25/srs_156.txt,srs_156.txt,0,10,2,24
data/SRS/Dataset_A/sig10_15_25/srs_156.txt,srs_156.txt,1,1,0,24
data/SRS/Dataset_A/sig10_15_25/srs_156.txt,srs_156.txt,1,1,1,24
data/SRS/Dataset_A/sig10_15_25/srs_156.txt,srs_156.txt,1,1,2,24
data/SRS/Dataset_A/sig10_15_25/srs_156.txt,srs_156.txt,1,1,3,24
data/SRS/Dataset_A/sig10_15_25/srs_156.txt,srs_156.txt,1,5,0,24
data/SRS/Dataset_A/sig10_15_25/srs_156.txt,srs_156.txt,1,5,1,24
data/SRS/Dataset_A/sig10_15_25/srs_156.txt,srs_156.txt,1,5,2,24
data/SRS/Dataset_A/sig10_15_25/srs_156.txt,srs_156.txt,1,5,3,24
data/SRS/Dataset_A/sig10_15_25/srs_156.txt,srs_156.txt,1,10,0,24
data/SRS/Dataset_A/sig10_15_25/srs_156.txt,srs_156.txt,1,10,1,24
data/SRS/Dataset_A/sig10_15_25/srs_156.txt,srs_156.txt,1,10,2,24
data/SRS/Dataset_A/sig10_15_25/srs_156.txt,srs_156.txt,1,10,3,24
data/SRS/Dataset_A/sig10_15_25/srs_157.txt,srs_157.txt,0,1,1,22
data/SRS/Dataset_A/sig10_15_25/srs_157.txt,srs_157.txt,0,1,2,22
data/SRS/Dataset_A/sig10_15_25/srs_157.txt,srs_157.txt,0,1,3,22
data/SRS/Dataset_A/sig10_15_25/srs_157.txt,srs_157.txt,0,5,0,22
data/SRS/Dataset_A/sig10_15_25/srs_157.txt,srs_157.txt,0,5,1,22
data/SRS/Dataset_A/sig10_15_25/srs_157.txt,srs_157.txt,0,5,2,22
data/SRS/Dataset_A/sig10_15_25/srs_157.txt,srs_157.txt,0,5,3,22
data/SRS/Dataset_A/sig10_15_25/srs_157.txt,srs_157.txt,0,10,0,22
data/SRS/Dataset_A/sig10_15_25/srs_157.txt,srs_157.txt,0,10,1,22
data/SRS/Dataset_A/sig10_15_25/srs_157.txt,srs_157.txt,0,10,2,22
data/SRS/Dataset_A/sig10_15_25/srs_157.txt,srs_157.txt,1,1,0,22
data/SRS/Dataset_A/sig10_15_25/srs_157.txt,srs_157.txt,1,1,1,22
data/SRS/Dataset_A/sig10_15_25/srs_157.txt,srs_157.txt,1,1,2,22
data/SRS/Dataset_A/sig10_15_25/srs_157.txt,srs_157.txt,1,1,3,22
data/SRS/Dataset_A/sig10_15_25/srs_157.txt,srs_157.txt,1,5,0,22
data/SRS/Dataset_A/sig10_15_25/srs_157.txt,srs_157.txt,1,5,1,22
data/SRS/Dataset_A/sig10_15_25/srs_157.txt,srs_157.txt,1,5,2,22
data/SRS/Dataset_A/sig10_15_25/srs_157.txt,srs_157.txt,1,5,3,22
data/SRS/Dataset_A/sig10_15_25/srs_157.txt,srs_157.txt,1,10,0,22
data/SRS/Dataset_A/sig10_15_25/srs_157.txt,srs_157.txt,1,10,1,22
data/SRS/Dataset_A/sig10_15_25/srs_157.txt,srs_157.txt,1,10,2,22
data/SRS/Dataset_A/sig10_15_25/srs_157.txt,srs_157.txt,1,10,3,22
data/SRS/Dataset_A/sig10_15_25/srs_158.txt,srs_158.txt,0,1,1,25
data/SRS/Dataset_A/sig10_15_25/srs_158.txt,srs_158.txt,0,1,2,25
data/SRS/Dataset_A/sig10_15_25/srs_158.txt,srs_158.txt,0,1,3,25
data/SRS/Dataset_A/sig10_15_25/srs_158.txt,srs_158.txt,0,5,0,25
data/SRS/Dataset_A/sig10_15_25/srs_158.txt,srs_158.txt,0,5,1,25
data/SRS/Dataset_A/sig10_15_25/srs_158.txt,srs_158.txt,0,5,2,25
data/SRS/Dataset_A/sig10_15_25/srs_158.txt,srs_158.txt,0,5,3,25
data/SRS/Dataset_A/sig10_15_25/srs_158.txt,srs_158.txt,0,10,0,25
data/SRS/Dataset_A/sig10_15_25/srs_158.txt,srs_158.txt,0,10,1,25
data/SRS/Dataset_A/sig10_15_25/srs_158.txt,srs_158.txt,0,10,2,25
data/SRS/Dataset_A/sig10_15_25/srs_158.txt,srs_158.txt,1,1,0,25
data/SRS/Dataset_A/sig10_15_25/srs_158.txt,srs_158.txt,1,1,1,25
data/SRS/Dataset_A/sig10_15_25/srs_158.txt,srs_158.txt,1,1,2,25
data/SRS/Dataset_A/sig10_15_25/srs_158.txt,srs_158.txt,1,1,3,25
data/SRS/Dataset_A/sig10_15_25/srs_158.txt,srs_158.txt,1,5,0,25
data/SRS/Dataset_A/sig10_15_25/srs_158.txt,srs_158.txt,1,5,1,25
data/SRS/Dataset_A/sig10_15_25/srs_158.txt,srs_158.txt,1,5,2,25
data/SRS/Dataset_A/sig10_15_25/srs_158.txt,srs_158.txt,1,5,3,25
data/SRS/Dataset_A/sig10_15_25/srs_158.txt,srs_158.txt,1,10,0,25
data/SRS/Dataset_A/sig10_15_25/srs_158.txt,srs_158.txt,1,10,1,25
data/SRS/Dataset_A/sig10_15_25/srs_158.txt,srs_158.txt,1,10,2,25
data/SRS/Dataset_A/sig10_15_25/srs_158.txt,srs_158.txt,1,10,3,25
data/SRS/Dataset_A/sig10_15_25/srs_159.txt,srs_159.txt,0,1,1,24
data/SRS/Dataset_A/sig10_15_25/srs_159.txt,srs_159.txt,0,1,2,24
data/SRS/Dataset_A/sig10_15_25/srs_159.txt,srs_159.txt,0,1,3,24
data/SRS/Dataset_A/sig10_15_25/srs_159.txt,srs_159.txt,0,5,0,24
data/SRS/Dataset_A/sig10_15_25/srs_159.txt,srs_159.txt,0,5,1,24
data/SRS/Dataset_A/sig10_15_25/srs_159.txt,srs_159.txt,0,5,2,24
data/SRS/Dataset_A/sig10_15_25/srs_159.txt,srs_159.txt,0,5,3,24
data/SRS/Dataset_A/sig10_15_25/srs_159.txt,srs_159.txt,0,10,0,24
data/SRS/Dataset_A/sig10_15_25/srs_159.txt,srs_159.txt,0,10,1,24
data/SRS/Dataset_A/sig10_15_25/srs_159.txt,srs_159.txt,0,10,2,24
data/SRS/Dataset_A/sig10_15_25/srs_159.txt,srs_159.txt,1,1,0,24
data/SRS/Dataset_A/sig10_15_25/srs_159.txt,srs_159.txt,1,1,1,24
data/SRS/Dataset_A/sig10_15_25/srs_159.txt,srs_159.txt,1,1,2,24
data/SRS/Dataset_A/sig10_15_25/srs_159.txt,srs_159.txt,1,1,3,24
data/SRS/Dataset_A/sig10_15_25/srs_159.txt,srs_159.txt,1,5,0,24
data/SRS/Dataset_A/sig10_15_25/srs_159.txt,srs_159.txt,1,5,1,24
data/SRS/Dataset_A/sig10_15_25/srs_159.txt,srs_159.txt,1,5,2,24
data/SRS/Dataset_A/sig10_15_25/srs_159.txt,srs_159.txt,1,5,3,24
data/SRS/Dataset_A/sig10_15_25/srs_159.txt,srs_159.txt,1,10,0,24
data/SRS/Dataset_A/sig10_15_25/srs_159.txt,srs_159.txt,1,10,1,24
data/SRS/Dataset_A/sig10_15_25/srs_159.txt,srs_159.txt,1,10,2,24
data/SRS/Dataset_A/sig10_15_25/srs_159.txt,srs_159.txt,1,10,3,24
data/SRS/Dataset_A/sig10_15_25/srs_16.txt,srs_16.txt,0,1,1,25
data/SRS/Dataset_A/sig10_15_25/srs_16.txt,srs_16.txt,0,1,2,25
data/SRS/Dataset_A/sig10_15_25/srs_16.txt,srs_16.txt,0,1,3,25
data/SRS/Dataset_A/sig10_15_25/srs_16.txt,srs_16.txt,0,5,0,25
data/SRS/Dataset_A/sig10_15_25/srs_16.txt,srs_16.txt,0,5,1,25
data/SRS/Dataset_A/sig10_15_25/srs_16.txt,srs_16.txt,0,5,2,25
data/SRS/Dataset_A/sig10_15_25/srs_16.txt,srs_16.txt,0,5,3,25
data/SRS/Dataset_A/sig10_15_25/srs_16.txt,srs_16.txt,0,10,0,25
data/SRS/Dataset_A/sig10_15_25/srs_16.txt,srs_16.txt,0,10,1,25
data/SRS/Dataset_A/sig10_15_25/srs_16.txt,srs_16.txt,0,10,2,25
data/SRS/Dataset_A/sig10_15_25/srs_16.txt,srs_16.txt,1,1,0,25
data/SRS/Dataset_A/sig10_15_25/srs_16.txt,srs_16.txt,1,1,1,25
data/SRS/Dataset_A/sig10_15_25/srs_16.txt,srs_16.txt,1,1,2,25
data/SRS/Dataset_A/sig10_15_25/srs_16.txt,srs_16.txt,1,1,3,25
data/SRS/Dataset_A/sig10_15_25/srs_16.txt,srs_16.txt,1,5,0,25
data/SRS/Dataset_A/sig10_15_25/srs_16.txt,srs_16.txt,1,5,1,25
data/SRS/Dataset_A/sig10_15_25/srs_16.txt,srs_16.txt,1,5,2,25
data/SRS/Dataset_A/sig10_15_25/srs_16.txt,srs_16.txt,1,5,3,25
data/SRS/Dataset_A/sig10_15_25/srs_16.txt,srs_16.txt,1,10,0,25
data/SRS/Dataset_A/sig10_15_25/srs_16.txt,srs_16.txt,1,10,1,25
data/SRS/Dataset_A/sig10_15_25/srs_16.txt,srs_16.txt,1,10,2,25
data/SRS/Dataset_A/sig10_15_25/srs_16.txt,srs_16.txt,1,10,3,25
data/SRS/Dataset_A/sig10_15_25/srs_160.txt,srs_160.txt,0,1,1,17
data/SRS/Dataset_A/sig10_15_25/srs_160.txt,srs_160.txt,0,1,2,17
data/SRS/Dataset_A/sig10_15_25/srs_160.txt,srs_160.txt,0,1,3,17
data/SRS/Dataset_A/sig10_15_25/srs_160.txt,srs_160.txt,0,5,0,17
data/SRS/Dataset_A/sig10_15_25/srs_160.txt,srs_160.txt,0,5,1,17
data/SRS/Dataset_A/sig10_15_25/srs_160.txt,srs_160.txt,0,5,2,17
data/SRS/Dataset_A/sig10_15_25/srs_160.txt,srs_160.txt,0,5,3,17
data/SRS/Dataset_A/sig10_15_25/srs_160.txt,srs_160.txt,0,10,0,17
data/SRS/Dataset_A/sig10_15_25/srs_160.txt,srs_160.txt,0,10,1,17
data/SRS/Dataset_A/sig10_15_25/srs_160.txt,srs_160.txt,0,10,2,17
data/SRS/Dataset_A/sig10_15_25/srs_160.txt,srs_160.txt,1,1,0,17
data/SRS/Dataset_A/sig10_15_25/srs_160.txt,srs_160.txt,1,1,1,17
data/SRS/Dataset_A/sig10_15_25/srs_160.txt,srs_160.txt,1,1,2,17
data/SRS/Dataset_A/sig10_15_25/srs_160.txt,srs_160.txt,1,1,3,17
data/SRS/Dataset_A/sig10_15_25/srs_160.txt,srs_160.txt,1,5,0,17
data/SRS/Dataset_A/sig10_15_25/srs_160.txt,srs_160.txt,1,5,1,17
data/SRS/Dataset_A/sig10_15_25/srs_160.txt,srs_160.txt,1,5,2,17
data/SRS/Dataset_A/sig10_15_25/srs_160.txt,srs_160.txt,1,5,3,17
data/SRS/Dataset_A/sig10_15_25/srs_160.txt,srs_160.txt,1,10,0,17
data/SRS/Dataset_A/sig10_15_25/srs_160.txt,srs_160.txt,1,10,1,17
data/SRS/Dataset_A/sig10_15_25/srs_160.txt,srs_160.txt,1,10,2,17
data/SRS/Dataset_A/sig10_15_25/srs_160.txt,srs_160.txt,1,10,3,17
data/SRS/Dataset_A/sig10_15_25/srs_161.txt,srs_161.txt,0,1,1,15
data/SRS/Dataset_A/sig10_15_25/srs_161.txt,srs_161.txt,0,1,2,15
data/SRS/Dataset_A/sig10_15_25/srs_161.txt,srs_161.txt,0,1,3,15
data/SRS/Dataset_A/sig10_15_25/srs_161.txt,srs_161.txt,0,5,0,15
data/SRS/Dataset_A/sig10_15_25/srs_161.txt,srs_161.txt,0,5,1,15
data/SRS/Dataset_A/sig10_15_25/srs_161.txt,srs_161.txt,0,5,2,15
data/SRS/Dataset_A/sig10_15_25/srs_161.txt,srs_161.txt,0,5,3,15
data/SRS/Dataset_A/sig10_15_25/srs_161.txt,srs_161.txt,0,10,0,15
data/SRS/Dataset_A/sig10_15_25/srs_161.txt,srs_161.txt,0,10,1,15
data/SRS/Dataset_A/sig10_15_25/srs_161.txt,srs_161.txt,0,10,2,15
data/SRS/Dataset_A/sig10_15_25/srs_161.txt,srs_161.txt,1,1,0,15
data/SRS/Dataset_A/sig10_15_25/srs_161.txt,srs_161.txt,1,1,1,15
data/SRS/Dataset_A/sig10_15_25/srs_161.txt,srs_161.txt,1,1,2,15
data/SRS/Dataset_A/sig10_15_25/srs_161.txt,srs_161.txt,1,1,3,15
data/SRS/Dataset_A/sig10_15_25/srs_161.txt,srs_161.txt,1,5,0,15
data/SRS/Dataset_A/sig10_15_25/srs_161.txt,srs_161.txt,1,5,1,15
data/SRS/Dataset_A/sig10_15_25/srs_161.txt,srs_161.txt,1,5,2,15
data/SRS/Dataset_A/sig10_15_25/srs_161.txt,srs_161.txt,1,5,3,15
data/SRS/Dataset_A/sig10_15_25/srs_161.txt,srs_161.txt,1,10,0,15
data/SRS/Dataset_A/sig10_15_25/srs_161.txt,srs_161.txt,1,10,1,15
data/SRS/Dataset_A/sig10_15_25/srs_161.txt,srs_161.txt,1,10,2,15
data/SRS/Dataset_A/sig10_15_25/srs_161.txt,srs_161.txt,1,10,3,15
data/SRS/Dataset_A/sig10_15_25/srs_162.txt,srs_162.txt,0,1,1,18
data/SRS/Dataset_A/sig10_15_25/srs_162.txt,srs_162.txt,0,1,2,18
data/SRS/Dataset_A/sig10_15_25/srs_162.txt,srs_162.txt,0,1,3,18
data/SRS/Dataset_A/sig10_15_25/srs_162.txt,srs_162.txt,0,5,0,18
data/SRS/Dataset_A/sig10_15_25/srs_162.txt,srs_162.txt,0,5,1,18
data/SRS/Dataset_A/sig10_15_25/srs_162.txt,srs_162.txt,0,5,2,18
data/SRS/Dataset_A/sig10_15_25/srs_162.txt,srs_162.txt,0,5,3,18
data/SRS/Dataset_A/sig10_15_25/srs_162.txt,srs_162.txt,0,10,0,18
data/SRS/Dataset_A/sig10_15_25/srs_162.txt,srs_162.txt,0,10,1,18
data/SRS/Dataset_A/sig10_15_25/srs_162.txt,srs_162.txt,0,10,2,18
data/SRS/Dataset_A/sig10_15_25/srs_162.txt,srs_162.txt,1,1,0,18
data/SRS/Dataset_A/sig10_15_25/srs_162.txt,srs_162.txt,1,1,1,18
data/SRS/Dataset_A/sig10_15_25/srs_162.txt,srs_162.txt,1,1,2,18
data/SRS/Dataset_A/sig10_15_25/srs_162.txt,srs_162.txt,1,1,3,18
data/SRS/Dataset_A/sig10_15_25/srs_162.txt,srs_162.txt,1,5,0,18
data/SRS/Dataset_A/sig10_15_25/srs_162.txt,srs_162.txt,1,5,1,18
data/SRS/Dataset_A/sig10_15_25/srs_162.txt,srs_162.txt,1,5,2,18
data/SRS/Dataset_A/sig10_15_25/srs_162.txt,srs_162.txt,1,5,3,18
data/SRS/Dataset_A/sig10_15_25/srs_162.txt,srs_162.txt,1,10,0,18
data/SRS/Dataset_A/sig10_15_25/srs_162.txt,srs_162.txt,1,10,1,18
data/SRS/Dataset_A/sig10_15_25/srs_162.txt,srs_162.txt,1,10,2,18
data/SRS/Dataset_A/sig10_15_25/srs_162.txt,srs_162.txt,1,10,3,18
data/SRS/Dataset_A/sig10_15_25/srs_163.txt,srs_163.txt,0,1,1,15
data/SRS/Dataset_A/sig10_15_25/srs_163.txt,srs_163.txt,0,1,2,15
data/SRS/Dataset_A/sig10_15_25/srs_163.txt,srs_163.txt,0,1,3,15
data/SRS/Dataset_A/sig10_15_25/srs_163.txt,srs_163.txt,0,5,0,15
data/SRS/Dataset_A/sig10_15_25/srs_163.txt,srs_163.txt,0,5,1,15
data/SRS/Dataset_A/sig10_15_25/srs_163.txt,srs_163.txt,0,5,2,15
data/SRS/Dataset_A/sig10_15_25/srs_163.txt,srs_163.txt,0,5,3,15
data/SRS/Dataset_A/sig10_15_25/srs_163.txt,srs_163.txt,0,10,0,15
data/SRS/Dataset_A/sig10_15_25/srs_163.txt,srs_163.txt,0,10,1,15
data/SRS/Dataset_A/sig10_15_25/srs_163.txt,srs_163.txt,0,10,2,15
data/SRS/Dataset_A/sig10_15_25/srs_163.txt,srs_163.txt,1,1,0,15
data/SRS/Dataset_A/sig10_15_25/srs_163.txt,srs_163.txt,1,1,1,15
data/SRS/Dataset_A/sig10_15_25/srs_163.txt,srs_163.txt,1,1,2,15
data/SRS/Dataset_A/sig10_15_25/srs_163.txt,srs_163.txt,1,1,3,15
data/SRS/Dataset_A/sig10_15_25/srs_163.txt,srs_163.txt,1,5,0,15
data/SRS/Dataset_A/sig10_15_25/srs_163.txt,srs_163.txt,1,5,1,15
data/SRS/Dataset_A/sig10_15_25/srs_163.txt,srs_163.txt,1,5,2,15
data/SRS/Dataset_A/sig10_15_25/srs_163.txt,srs_163.txt,1,5,3,15
data/SRS/Dataset_A/sig10_15_25/srs_163.txt,srs_163.txt,1,10,0,15
data/SRS/Dataset_A/sig10_15_25/srs_163.txt,srs_163.txt,1,10,1,15
data/SRS/Dataset_A/sig10_15_25/srs_163.txt,srs_163.txt,1,10,2,15
data/SRS/Dataset_A/sig10_15_25/srs_163.txt,srs_163.txt,1,10,3,15
data/SRS/Dataset_A/sig10_15_25/srs_164.txt,srs_164.txt,0,1,1,17
data/SRS/Dataset_A/sig10_15_25/srs_164.txt,srs_164.txt,0,1,2,17
data/SRS/Dataset_A/sig10_15_25/srs_164.txt,srs_164.txt,0,1,3,17
data/SRS/Dataset_A/sig10_15_25/srs_164.txt,srs_164.txt,0,5,0,17
data/SRS/Dataset_A/sig10_15_25/srs_164.txt,srs_164.txt,0,5,1,17
data/SRS/Dataset_A/sig10_15_25/srs_164.txt,srs_164.txt,0,5,2,17
data/SRS/Dataset_A/sig10_15_25/srs_164.txt,srs_164.txt,0,5,3,17
data/SRS/Dataset_A/sig10_15_25/srs_164.txt,srs_164.txt,0,10,0,17
data/SRS/Dataset_A/sig10_15_25/srs_164.txt,srs_164.txt,0,10,1,17
data/SRS/Dataset_A/sig10_15_25/srs_164.txt,srs_164.txt,0,10,2,17
data/SRS/Dataset_A/sig10_15_25/srs_164.txt,srs_164.txt,1,1,0,17
data/SRS/Dataset_A/sig10_15_25/srs_164.txt,srs_164.txt,1,1,1,17
data/SRS/Dataset_A/sig10_15_25/srs_164.txt,srs_164.txt,1,1,2,17
data/SRS/Dataset_A/sig10_15_25/srs_164.txt,srs_164.txt,1,1,3,17
data/SRS/Dataset_A/sig10_15_25/srs_164.txt,srs_164.txt,1,5,0,17
data/SRS/Dataset_A/sig10_15_25/srs_164.txt,srs_164.txt,1,5,1,17
data/SRS/Dataset_A/sig10_15_25/srs_164.txt,srs_164.txt,1,5,2,17
data/SRS/Dataset_A/sig10_15_25/srs_164.txt,srs_164.txt,1,5,3,17
data/SRS/Dataset_A/sig10_15_25/srs_164.txt,srs_164.txt,1,10,0,17
data/SRS/Dataset_A/sig10_15_25/srs_164.txt,srs_164.txt,1,10,1,17
data/SRS/Dataset_A/sig10_15_25/srs_164.txt,srs_164.txt,1,10,2,17
data/SRS/Dataset_A/sig10_15_25/srs_164.txt,srs_164.txt,1,10,3,17
data/SRS/Dataset_A/sig10_15_25/srs_165.txt,srs_165.txt,0,1,1,24
data/SRS/Dataset_A/sig10_15_25/srs_165.txt,srs_165.txt,0,1,2,24
data/SRS/Dataset_A/sig10_15_25/srs_165.txt,srs_165.txt,0,1,3,24
data/SRS/Dataset_A/sig10_15_25/srs_165.txt,srs_165.txt,0,5,0,24
data/SRS/Dataset_A/sig10_15_25/srs_165.txt,srs_165.txt,0,5,1,24
data/SRS/Dataset_A/sig10_15_25/srs_165.txt,srs_165.txt,0,5,2,24
data/SRS/Dataset_A/sig10_15_25/srs_165.txt,srs_165.txt,0,5,3,24
data/SRS/Dataset_A/sig10_15_25/srs_165.txt,srs_165.txt,0,10,0,24
data/SRS/Dataset_A/sig10_15_25/srs_165.txt,srs_165.txt,0,10,1,24
data/SRS/Dataset_A/sig10_15_25/srs_165.txt,srs_165.txt,0,10,2,24
data/SRS/Dataset_A/sig10_15_25/srs_165.txt,srs_165.txt,1,1,0,24
data/SRS/Dataset_A/sig10_15_25/srs_165.txt,srs_165.txt,1,1,1,24
data/SRS/Dataset_A/sig10_15_25/srs_165.txt,srs_165.txt,1,1,2,24
data/SRS/Dataset_A/sig10_15_25/srs_165.txt,srs_165.txt,1,1,3,24
data/SRS/Dataset_A/sig10_15_25/srs_165.txt,srs_165.txt,1,5,0,24
data/SRS/Dataset_A/sig10_15_25/srs_165.txt,srs_165.txt,1,5,1,24
data/SRS/Dataset_A/sig10_15_25/srs_165.txt,srs_165.txt,1,5,2,24
data/SRS/Dataset_A/sig10_15_25/srs_165.txt,srs_165.txt,1,5,3,24
data/SRS/Dataset_A/sig10_15_25/srs_165.txt,srs_165.txt,1,10,0,24
data/SRS/Dataset_A/sig10_15_25/srs_165.txt,srs_165.txt,1,10,1,24
data/SRS/Dataset_A/sig10_15_25/srs_165.txt,srs_165.txt,1,10,2,24
data/SRS/Dataset_A/sig10_15_25/srs_165.txt,srs_165.txt,1,10,3,24
data/SRS/Dataset_A/sig10_15_25/srs_166.txt,srs_166.txt,0,1,1,19
data/SRS/Dataset_A/sig10_15_25/srs_166.txt,srs_166.txt,0,1,2,19
data/SRS/Dataset_A/sig10_15_25/srs_166.txt,srs_166.txt,0,1,3,19
data/SRS/Dataset_A/sig10_15_25/srs_166.txt,srs_166.txt,0,5,0,19
data/SRS/Dataset_A/sig10_15_25/srs_166.txt,srs_166.txt,0,5,1,19
data/SRS/Dataset_A/sig10_15_25/srs_166.txt,srs_166.txt,0,5,2,19
data/SRS/Dataset_A/sig10_15_25/srs_166.txt,srs_166.txt,0,5,3,19
data/SRS/Dataset_A/sig10_15_25/srs_166.txt,srs_166.txt,0,10,0,19
data/SRS/Dataset_A/sig10_15_25/srs_166.txt,srs_166.txt,0,10,1,19
data/SRS/Dataset_A/sig10_15_25/srs_166.txt,srs_166.txt,0,10,2,19
data/SRS/Dataset_A/sig10_15_25/srs_166.txt,srs_166.txt,1,1,0,19
data/SRS/Dataset_A/sig10_15_25/srs_166.txt,srs_166.txt,1,1,1,19
data/SRS/Dataset_A/sig10_15_25/srs_166.txt,srs_166.txt,1,1,2,19
data/SRS/Dataset_A/sig10_15_25/srs_166.txt,srs_166.txt,1,1,3,19
data/SRS/Dataset_A/sig10_15_25/srs_166.txt,srs_166.txt,1,5,0,19
data/SRS/Dataset_A/sig10_15_25/srs_166.txt,srs_166.txt,1,5,1,19
data/SRS/Dataset_A/sig10_15_25/srs_166.txt,srs_166.txt,1,5,2,19
data/SRS/Dataset_A/sig10_15_25/srs_166.txt,srs_166.txt,1,5,3,19
data/SRS/Dataset_A/sig10_15_25/srs_166.txt,srs_166.txt,1,10,0,19
data/SRS/Dataset_A/sig10_15_25/srs_166.txt,srs_166.txt,1,10,1,19
data/SRS/Dataset_A/sig10_15_25/srs_166.txt,srs_166.txt,1,10,2,19
data/SRS/Dataset_A/sig10_15_25/srs_166.txt,srs_166.txt,1,10,3,19
data/SRS/Dataset_A/sig10_15_25/srs_167.txt,srs_167.txt,0,1,1,17
data/SRS/Dataset_A/sig10_15_25/srs_167.txt,srs_167.txt,0,1,2,17
data/SRS/Dataset_A/sig10_15_25/srs_167.txt,srs_167.txt,0,1,3,17
data/SRS/Dataset_A/sig10_15_25/srs_167.txt,srs_167.txt,0,5,0,17
data/SRS/Dataset_A/sig10_15_25/srs_167.txt,srs_167.txt,0,5,1,17
data/SRS/Dataset_A/sig10_15_25/srs_167.txt,srs_167.txt,0,5,2,17
data/SRS/Dataset_A/sig10_15_25/srs_167.txt,srs_167.txt,0,5,3,17
data/SRS/Dataset_A/sig10_15_25/srs_167.txt,srs_167.txt,0,10,0,17
data/SRS/Dataset_A/sig10_15_25/srs_167.txt,srs_167.txt,0,10,1,17
data/SRS/Dataset_A/sig10_15_25/srs_167.txt,srs_167.txt,0,10,2,17
data/SRS/Dataset_A/sig10_15_25/srs_167.txt,srs_167.txt,1,1,0,17
data/SRS/Dataset_A/sig10_15_25/srs_167.txt,srs_167.txt,1,1,1,17
data/SRS/Dataset_A/sig10_15_25/srs_167.txt,srs_167.txt,1,1,2,17
data/SRS/Dataset_A/sig10_15_25/srs_167.txt,srs_167.txt,1,1,3,17
data/SRS/Dataset_A/sig10_15_25/srs_167.txt,srs_167.txt,1,5,0,17
data/SRS/Dataset_A/sig10_15_25/srs_167.txt,srs_167.txt,1,5,1,17
data/SRS/Dataset_A/sig10_15_25/srs_167.txt,srs_167.txt,1,5,2,17
data/SRS/Dataset_A/sig10_15_25/srs_167.txt,srs_167.txt,1,5,3,17
data/SRS/Dataset_A/sig10_15_25/srs_167.txt,srs_167.txt,1,10,0,17
data/SRS/Dataset_A/sig10_15_25/srs_167.txt,srs_167.txt,1,10,1,17
data/SRS/Dataset_A/sig10_15_25/srs_167.txt,srs_167.txt,1,10,2,17
data/SRS/Dataset_A/sig10_15_25/srs_167.txt,srs_167.txt,1,10,3,17
data/SRS/Dataset_A/sig10_15_25/srs_168.txt,srs_168.txt,0,1,1,15
data/SRS/Dataset_A/sig10_15_25/srs_168.txt,srs_168.txt,0,1,2,15
data/SRS/Dataset_A/sig10_15_25/srs_168.txt,srs_168.txt,0,1,3,15
data/SRS/Dataset_A/sig10_15_25/srs_168.txt,srs_168.txt,0,5,0,15
data/SRS/Dataset_A/sig10_15_25/srs_168.txt,srs_168.txt,0,5,1,15
data/SRS/Dataset_A/sig10_15_25/srs_168.txt,srs_168.txt,0,5,2,15
data/SRS/Dataset_A/sig10_15_25/srs_168.txt,srs_168.txt,0,5,3,15
data/SRS/Dataset_A/sig10_15_25/srs_168.txt,srs_168.txt,0,10,0,15
data/SRS/Dataset_A/sig10_15_25/srs_168.txt,srs_168.txt,0,10,1,15
data/SRS/Dataset_A/sig10_15_25/srs_168.txt,srs_168.txt,0,10,2,15
data/SRS/Dataset_A/sig10_15_25/srs_168.txt,srs_168.txt,1,1,0,15
data/SRS/Dataset_A/sig10_15_25/srs_168.txt,srs_168.txt,1,1,1,15
data/SRS/Dataset_A/sig10_15_25/srs_168.txt,srs_168.txt,1,1,2,15
data/SRS/Dataset_A/sig10_15_25/srs_168.txt,srs_168.txt,1,1,3,15
data/SRS/Dataset_A/sig10_15_25/srs_168.txt,srs_168.txt,1,5,0,15
data/SRS/Dataset_A/sig10_15_25/srs_168.txt,srs_168.txt,1,5,1,15
data/SRS/Dataset_A/sig10_15_25/srs_168.txt,srs_168.txt,1,5,2,15
data/SRS/Dataset_A/sig10_15_25/srs_168.txt,srs_168.txt,1,5,3,15
data/SRS/Dataset_A/sig10_15_25/srs_168.txt,srs_168.txt,1,10,0,15
data/SRS/Dataset_A/sig10_15_25/srs_168.txt,srs_168.txt,1,10,1,15
data/SRS/Dataset_A/sig10_15_25/srs_168.txt,srs_168.txt,1,10,2,15
data/SRS/Dataset_A/sig10_15_25/srs_168.txt,srs_168.txt,1,10,3,15
data/SRS/Dataset_A/sig10_15_25/srs_169.txt,srs_169.txt,0,1,1,24
data/SRS/Dataset_A/sig10_15_25/srs_169.txt,srs_169.txt,0,1,2,24
data/SRS/Dataset_A/sig10_15_25/srs_169.txt,srs_169.txt,0,1,3,24
data/SRS/Dataset_A/sig10_15_25/srs_169.txt,srs_169.txt,0,5,0,24
data/SRS/Dataset_A/sig10_15_25/srs_169.txt,srs_169.txt,0,5,1,24
data/SRS/Dataset_A/sig10_15_25/srs_169.txt,srs_169.txt,0,5,2,24
data/SRS/Dataset_A/sig10_15_25/srs_169.txt,srs_169.txt,0,5,3,24
data/SRS/Dataset_A/sig10_15_25/srs_169.txt,srs_169.txt,0,10,0,24
data/SRS/Dataset_A/sig10_15_25/srs_169.txt,srs_169.txt,0,10,1,24
data/SRS/Dataset_A/sig10_15_25/srs_169.txt,srs_169.txt,0,10,2,24
data/SRS/Dataset_A/sig10_15_25/srs_169.txt,srs_169.txt,1,1,0,24
data/SRS/Dataset_A/sig10_15_25/srs_169.txt,srs_169.txt,1,1,1,24
data/SRS/Dataset_A/sig10_15_25/srs_169.txt,srs_169.txt,1,1,2,24
data/SRS/Dataset_A/sig10_15_25/srs_169.txt,srs_169.txt,1,1,3,24
data/SRS/Dataset_A/sig10_15_25/srs_169.txt,srs_169.txt,1,5,0,24
data/SRS/Dataset_A/sig10_15_25/srs_169.txt,srs_169.txt,1,5,1,24
data/SRS/Dataset_A/sig10_15_25/srs_169.txt,srs_169.txt,1,5,2,24
data/SRS/Dataset_A/sig10_15_25/srs_169.txt,srs_169.txt,1,5,3,24
data/SRS/Dataset_A/sig10_15_25/srs_169.txt,srs_169.txt,1,10,0,24
data/SRS/Dataset_A/sig10_15_25/srs_169.txt,srs_169.txt,1,10,1,24
data/SRS/Dataset_A/sig10_15_25/srs_169.txt,srs_169.txt,1,10,2,24
data/SRS/Dataset_A/sig10_15_25/srs_169.txt,srs_169.txt,1,10,3,24
data/SRS/Dataset_A/sig10_15_25/srs_17.txt,srs_17.txt,0,1,1,23
data/SRS/Dataset_A/sig10_15_25/srs_17.txt,srs_17.txt,0,1,2,23
data/SRS/Dataset_A/sig10_15_25/srs_17.txt,srs_17.txt,0,1,3,23
data/SRS/Dataset_A/sig10_15_25/srs_17.txt,srs_17.txt,0,5,0,23
data/SRS/Dataset_A/sig10_15_25/srs_17.txt,srs_17.txt,0,5,1,23
data/SRS/Dataset_A/sig10_15_25/srs_17.txt,srs_17.txt,0,5,2,23
data/SRS/Dataset_A/sig10_15_25/srs_17.txt,srs_17.txt,0,5,3,23
data/SRS/Dataset_A/sig10_15_25/srs_17.txt,srs_17.txt,0,10,0,23
data/SRS/Dataset_A/sig10_15_25/srs_17.txt,srs_17.txt,0,10,1,23
data/SRS/Dataset_A/sig10_15_25/srs_17.txt,srs_17.txt,0,10,2,23
data/SRS/Dataset_A/sig10_15_25/srs_17.txt,srs_17.txt,1,1,0,23
data/SRS/Dataset_A/sig10_15_25/srs_17.txt,srs_17.txt,1,1,1,23
data/SRS/Dataset_A/sig10_15_25/srs_17.txt,srs_17.txt,1,1,2,23
data/SRS/Dataset_A/sig10_15_25/srs_17.txt,srs_17.txt,1,1,3,23
data/SRS/Dataset_A/sig10_15_25/srs_17.txt,srs_17.txt,1,5,0,23
data/SRS/Dataset_A/sig10_15_25/srs_17.txt,srs_17.txt,1,5,1,23
data/SRS/Dataset_A/sig10_15_25/srs_17.txt,srs_17.txt,1,5,2,23
data/SRS/Dataset_A/sig10_15_25/srs_17.txt,srs_17.txt,1,5,3,23
data/SRS/Dataset_A/sig10_15_25/srs_17.txt,srs_17.txt,1,10,0,23
data/SRS/Dataset_A/sig10_15_25/srs_17.txt,srs_17.txt,1,10,1,23
data/SRS/Dataset_A/sig10_15_25/srs_17.txt,srs_17.txt,1,10,2,23
data/SRS/Dataset_A/sig10_15_25/srs_17.txt,srs_17.txt,1,10,3,23
data/SRS/Dataset_A/sig10_15_25/srs_170.txt,srs_170.txt,0,1,1,20
data/SRS/Dataset_A/sig10_15_25/srs_170.txt,srs_170.txt,0,1,2,20
data/SRS/Dataset_A/sig10_15_25/srs_170.txt,srs_170.txt,0,1,3,20
data/SRS/Dataset_A/sig10_15_25/srs_170.txt,srs_170.txt,0,5,0,20
data/SRS/Dataset_A/sig10_15_25/srs_170.txt,srs_170.txt,0,5,1,20
data/SRS/Dataset_A/sig10_15_25/srs_170.txt,srs_170.txt,0,5,2,20
data/SRS/Dataset_A/sig10_15_25/srs_170.txt,srs_170.txt,0,5,3,20
data/SRS/Dataset_A/sig10_15_25/srs_170.txt,srs_170.txt,0,10,0,20
data/SRS/Dataset_A/sig10_15_25/srs_170.txt,srs_170.txt,0,10,1,20
data/SRS/Dataset_A/sig10_15_25/srs_170.txt,srs_170.txt,0,10,2,20
data/SRS/Dataset_A/sig10_15_25/srs_170.txt,srs_170.txt,1,1,0,20
data/SRS/Dataset_A/sig10_15_25/srs_170.txt,srs_170.txt,1,1,1,20
data/SRS/Dataset_A/sig10_15_25/srs_170.txt,srs_170.txt,1,1,2,20
data/SRS/Dataset_A/sig10_15_25/srs_170.txt,srs_170.txt,1,1,3,20
data/SRS/Dataset_A/sig10_15_25/srs_170.txt,srs_170.txt,1,5,0,20
data/SRS/Dataset_A/sig10_15_25/srs_170.txt,srs_170.txt,1,5,1,20
data/SRS/Dataset_A/sig10_15_25/srs_170.txt,srs_170.txt,1,5,2,20
data/SRS/Dataset_A/sig10_15_25/srs_170.txt,srs_170.txt,1,5,3,20
data/SRS/Dataset_A/sig10_15_25/srs_170.txt,srs_170.txt,1,10,0,20
data/SRS/Dataset_A/sig10_15_25/srs_170.txt,srs_170.txt,1,10,1,20
data/SRS/Dataset_A/sig10_15_25/srs_170.txt,srs_170.txt,1,10,2,20
data/SRS/Dataset_A/sig10_15_25/srs_170.txt,srs_170.txt,1,10,3,20
data/SRS/Dataset_A/sig10_15_25/srs_171.txt,srs_171.txt,0,1,1,15
data/SRS/Dataset_A/sig10_15_25/srs_171.txt,srs_171.txt,0,1,2,15
data/SRS/Dataset_A/sig10_15_25/srs_171.txt,srs_171.txt,0,1,3,15
data/SRS/Dataset_A/sig10_15_25/srs_171.txt,srs_171.txt,0,5,0,15
data/SRS/Dataset_A/sig10_15_25/srs_171.txt,srs_171.txt,0,5,1,15
data/SRS/Dataset_A/sig10_15_25/srs_171.txt,srs_171.txt,0,5,2,15
data/SRS/Dataset_A/sig10_15_25/srs_171.txt,srs_171.txt,0,5,3,15
data/SRS/Dataset_A/sig10_15_25/srs_171.txt,srs_171.txt,0,10,0,15
data/SRS/Dataset_A/sig10_15_25/srs_171.txt,srs_171.txt,0,10,1,15
data/SRS/Dataset_A/sig10_15_25/srs_171.txt,srs_171.txt,0,10,2,15
data/SRS/Dataset_A/sig10_15_25/srs_171.txt,srs_171.txt,1,1,0,15
data/SRS/Dataset_A/sig10_15_25/srs_171.txt,srs_171.txt,1,1,1,15
data/SRS/Dataset_A/sig10_15_25/srs_171.txt,srs_171.txt,1,1,2,15
data/SRS/Dataset_A/sig10_15_25/srs_171.txt,srs_171.txt,1,1,3,15
data/SRS/Dataset_A/sig10_15_25/srs_171.txt,srs_171.txt,1,5,0,15
data/SRS/Dataset_A/sig10_15_25/srs_171.txt,srs_171.txt,1,5,1,15
data/SRS/Dataset_A/sig10_15_25/srs_171.txt,srs_171.txt,1,5,2,15
data/SRS/Dataset_A/sig10_15_25/srs_171.txt,srs_171.txt,1,5,3,15
data/SRS/Dataset_A/sig10_15_25/srs_171.txt,srs_171.txt,1,10,0,15
data/SRS/Dataset_A/sig10_15_25/srs_171.txt,srs_171.txt,1,10,1,15
data/SRS/Dataset_A/sig10_15_25/srs_171.txt,srs_171.txt,1,10,2,15
data/SRS/Dataset_A/sig10_15_25/srs_171.txt,srs_171.txt,1,10,3,15
data/SRS/Dataset_A/sig10_15_25/srs_172.txt,srs_172.txt,0,1,1,15
data/SRS/Dataset_A/sig10_15_25/srs_172.txt,srs_172.txt,0,1,2,15
data/SRS/Dataset_A/sig10_15_25/srs_172.txt,srs_172.txt,0,1,3,15
data/SRS/Dataset_A/sig10_15_25/srs_172.txt,srs_172.txt,0,5,0,15
data/SRS/Dataset_A/sig10_15_25/srs_172.txt,srs_172.txt,0,5,1,15
data/SRS/Dataset_A/sig10_15_25/srs_172.txt,srs_172.txt,0,5,2,15
data/SRS/Dataset_A/sig10_15_25/srs_172.txt,srs_172.txt,0,5,3,15
data/SRS/Dataset_A/sig10_15_25/srs_172.txt,srs_172.txt,0,10,0,15
data/SRS/Dataset_A/sig10_15_25/srs_172.txt,srs_172.txt,0,10,1,15
data/SRS/Dataset_A/sig10_15_25/srs_172.txt,srs_172.txt,0,10,2,15
data/SRS/Dataset_A/sig10_15_25/srs_172.txt,srs_172.txt,1,1,0,15
data/SRS/Dataset_A/sig10_15_25/srs_172.txt,srs_172.txt,1,1,1,15
data/SRS/Dataset_A/sig10_15_25/srs_172.txt,srs_172.txt,1,1,2,15
data/SRS/Dataset_A/sig10_15_25/srs_172.txt,srs_172.txt,1,1,3,15
data/SRS/Dataset_A/sig10_15_25/srs_172.txt,srs_172.txt,1,5,0,15
data/SRS/Dataset_A/sig10_15_25/srs_172.txt,srs_172.txt,1,5,1,15
data/SRS/Dataset_A/sig10_15_25/srs_172.txt,srs_172.txt,1,5,2,15
data/SRS/Dataset_A/sig10_15_25/srs_172.txt,srs_172.txt,1,5,3,15
data/SRS/Dataset_A/sig10_15_25/srs_172.txt,srs_172.txt,1,10,0,15
data/SRS/Dataset_A/sig10_15_25/srs_172.txt,srs_172.txt,1,10,1,15
data/SRS/Dataset_A/sig10_15_25/srs_172.txt,srs_172.txt,1,10,2,15
data/SRS/Dataset_A/sig10_15_25/srs_172.txt,srs_172.txt,1,10,3,15
data/SRS/Dataset_A/sig10_15_25/srs_173.txt,srs_173.txt,0,1,1,21
data/SRS/Dataset_A/sig10_15_25/srs_173.txt,srs_173.txt,0,1,2,21
data/SRS/Dataset_A/sig10_15_25/srs_173.txt,srs_173.txt,0,1,3,21
data/SRS/Dataset_A/sig10_15_25/srs_173.txt,srs_173.txt,0,5,0,21
data/SRS/Dataset_A/sig10_15_25/srs_173.txt,srs_173.txt,0,5,1,21
data/SRS/Dataset_A/sig10_15_25/srs_173.txt,srs_173.txt,0,5,2,21
data/SRS/Dataset_A/sig10_15_25/srs_173.txt,srs_173.txt,0,5,3,21
data/SRS/Dataset_A/sig10_15_25/srs_173.txt,srs_173.txt,0,10,0,21
data/SRS/Dataset_A/sig10_15_25/srs_173.txt,srs_173.txt,0,10,1,21
data/SRS/Dataset_A/sig10_15_25/srs_173.txt,srs_173.txt,0,10,2,21
data/SRS/Dataset_A/sig10_15_25/srs_173.txt,srs_173.txt,1,1,0,21
data/SRS/Dataset_A/sig10_15_25/srs_173.txt,srs_173.txt,1,1,1,21
data/SRS/Dataset_A/sig10_15_25/srs_173.txt,srs_173.txt,1,1,2,21
data/SRS/Dataset_A/sig10_15_25/srs_173.txt,srs_173.txt,1,1,3,21
data/SRS/Dataset_A/sig10_15_25/srs_173.txt,srs_173.txt,1,5,0,21
data/SRS/Dataset_A/sig10_15_25/srs_173.txt,srs_173.txt,1,5,1,21
data/SRS/Dataset_A/sig10_15_25/srs_173.txt,srs_173.txt,1,5,2,21
data/SRS/Dataset_A/sig10_15_25/srs_173.txt,srs_173.txt,1,5,3,21
data/SRS/Dataset_A/sig10_15_25/srs_173.txt,srs_173.txt,1,10,0,21
data/SRS/Dataset_A/sig10_15_25/srs_173.txt,srs_173.txt,1,10,1,21
data/SRS/Dataset_A/sig10_15_25/srs_173.txt,srs_173.txt,1,10,2,21
data/SRS/Dataset_A/sig10_15_25/srs_173.txt,srs_173.txt,1,10,3,21
data/SRS/Dataset_A/sig10_15_25/srs_174.txt,srs_174.txt,0,1,1,24
data/SRS/Dataset_A/sig10_15_25/srs_174.txt,srs_174.txt,0,1,2,24
data/SRS/Dataset_A/sig10_15_25/srs_174.txt,srs_174.txt,0,1,3,24
data/SRS/Dataset_A/sig10_15_25/srs_174.txt,srs_174.txt,0,5,0,24
data/SRS/Dataset_A/sig10_15_25/srs_174.txt,srs_174.txt,0,5,1,24
data/SRS/Dataset_A/sig10_15_25/srs_174.txt,srs_174.txt,0,5,2,24
data/SRS/Dataset_A/sig10_15_25/srs_174.txt,srs_174.txt,0,5,3,24
data/SRS/Dataset_A/sig10_15_25/srs_174.txt,srs_174.txt,0,10,0,24
data/SRS/Dataset_A/sig10_15_25/srs_174.txt,srs_174.txt,0,10,1,24
data/SRS/Dataset_A/sig10_15_25/srs_174.txt,srs_174.txt,0,10,2,24
data/SRS/Dataset_A/sig10_15_25/srs_174.txt,srs_174.txt,1,1,0,24
data/SRS/Dataset_A/sig10_15_25/srs_174.txt,srs_174.txt,1,1,1,24
data/SRS/Dataset_A/sig10_15_25/srs_174.txt,srs_174.txt,1,1,2,24
data/SRS/Dataset_A/sig10_15_25/srs_174.txt,srs_174.txt,1,1,3,24
data/SRS/Dataset_A/sig10_15_25/srs_174.txt,srs_174.txt,1,5,0,24
data/SRS/Dataset_A/sig10_15_25/srs_174.txt,srs_174.txt,1,5,1,24
data/SRS/Dataset_A/sig10_15_25/srs_174.txt,srs_174.txt,1,5,2,24
data/SRS/Dataset_A/sig10_15_25/srs_174.txt,srs_174.txt,1,5,3,24
data/SRS/Dataset_A/sig10_15_25/srs_174.txt,srs_174.txt,1,10,0,24
data/SRS/Dataset_A/sig10_15_25/srs_174.txt,srs_174.txt,1,10,1,24
data/SRS/Dataset_A/sig10_15_25/srs_174.txt,srs_174.txt,1,10,2,24
data/SRS/Dataset_A/sig10_15_25/srs_174.txt,srs_174.txt,1,10,3,24
data/SRS/Dataset_A/sig10_15_25/srs_175.txt,srs_175.txt,0,1,1,25
data/SRS/Dataset_A/sig10_15_25/srs_175.txt,srs_175.txt,0,1,2,25
data/SRS/Dataset_A/sig10_15_25/srs_175.txt,srs_175.txt,0,1,3,25
data/SRS/Dataset_A/sig10_15_25/srs_175.txt,srs_175.txt,0,5,0,25
data/SRS/Dataset_A/sig10_15_25/srs_175.txt,srs_175.txt,0,5,1,25
data/SRS/Dataset_A/sig10_15_25/srs_175.txt,srs_175.txt,0,5,2,25
data/SRS/Dataset_A/sig10_15_25/srs_175.txt,srs_175.txt,0,5,3,25
data/SRS/Dataset_A/sig10_15_25/srs_175.txt,srs_175.txt,0,10,0,25
data/SRS/Dataset_A/sig10_15_25/srs_175.txt,srs_175.txt,0,10,1,25
data/SRS/Dataset_A/sig10_15_25/srs_175.txt,srs_175.txt,0,10,2,25
data/SRS/Dataset_A/sig10_15_25/srs_175.txt,srs_175.txt,1,1,0,25
data/SRS/Dataset_A/sig10_15_25/srs_175.txt,srs_175.txt,1,1,1,25
data/SRS/Dataset_A/sig10_15_25/srs_175.txt,srs_175.txt,1,1,2,25
data/SRS/Dataset_A/sig10_15_25/srs_175.txt,srs_175.txt,1,1,3,25
data/SRS/Dataset_A/sig10_15_25/srs_175.txt,srs_175.txt,1,5,0,25
data/SRS/Dataset_A/sig10_15_25/srs_175.txt,srs_175.txt,1,5,1,25
data/SRS/Dataset_A/sig10_15_25/srs_175.txt,srs_175.txt,1,5,2,25
data/SRS/Dataset_A/sig10_15_25/srs_175.txt,srs_175.txt,1,5,3,25
data/SRS/Dataset_A/sig10_15_25/srs_175.txt,srs_175.txt,1,10,0,25
data/SRS/Dataset_A/sig10_15_25/srs_175.txt,srs_175.txt,1,10,1,25
data/SRS/Dataset_A/sig10_15_25/srs_175.txt,srs_175.txt,1,10,2,25
data/SRS/Dataset_A/sig10_15_25/srs_175.txt,srs_175.txt,1,10,3,25
data/SRS/Dataset_A/sig10_15_25/srs_176.txt,srs_176.txt,0,1,1,23
data/SRS/Dataset_A/sig10_15_25/srs_176.txt,srs_176.txt,0,1,2,23
data/SRS/Dataset_A/sig10_15_25/srs_176.txt,srs_176.txt,0,1,3,23
data/SRS/Dataset_A/sig10_15_25/srs_176.txt,srs_176.txt,0,5,0,23
data/SRS/Dataset_A/sig10_15_25/srs_176.txt,srs_176.txt,0,5,1,23
data/SRS/Dataset_A/sig10_15_25/srs_176.txt,srs_176.txt,0,5,2,23
data/SRS/Dataset_A/sig10_15_25/srs_176.txt,srs_176.txt,0,5,3,23
data/SRS/Dataset_A/sig10_15_25/srs_176.txt,srs_176.txt,0,10,0,23
data/SRS/Dataset_A/sig10_15_25/srs_176.txt,srs_176.txt,0,10,1,23
data/SRS/Dataset_A/sig10_15_25/srs_176.txt,srs_176.txt,0,10,2,23
data/SRS/Dataset_A/sig10_15_25/srs_176.txt,srs_176.txt,1,1,0,23
data/SRS/Dataset_A/sig10_15_25/srs_176.txt,srs_176.txt,1,1,1,23
data/SRS/Dataset_A/sig10_15_25/srs_176.txt,srs_176.txt,1,1,2,23
data/SRS/Dataset_A/sig10_15_25/srs_176.txt,srs_176.txt,1,1,3,23
data/SRS/Dataset_A/sig10_15_25/srs_176.txt,srs_176.txt,1,5,0,23
data/SRS/Dataset_A/sig10_15_25/srs_176.txt,srs_176.txt,1,5,1,23
data/SRS/Dataset_A/sig10_15_25/srs_176.txt,srs_176.txt,1,5,2,23
data/SRS/Dataset_A/sig10_15_25/srs_176.txt,srs_176.txt,1,5,3,23
data/SRS/Dataset_A/sig10_15_25/srs_176.txt,srs_176.txt,1,10,0,23
data/SRS/Dataset_A/sig10_15_25/srs_176.txt,srs_176.txt,1,10,1,23
data/SRS/Dataset_A/sig10_15_25/srs_176.txt,srs_176.txt,1,10,2,23
data/SRS/Dataset_A/sig10_15_25/srs_176.txt,srs_176.txt,1,10,3,23
data/SRS/Dataset_A/sig10_15_25/srs_177.txt,srs_177.txt,0,1,1,16
data/SRS/Dataset_A/sig10_15_25/srs_177.txt,srs_177.txt,0,1,2,16
data/SRS/Dataset_A/sig10_15_25/srs_177.txt,srs_177.txt,0,1,3,16
data/SRS/Dataset_A/sig10_15_25/srs_177.txt,srs_177.txt,0,5,0,16
data/SRS/Dataset_A/sig10_15_25/srs_177.txt,srs_177.txt,0,5,1,16
data/SRS/Dataset_A/sig10_15_25/srs_177.txt,srs_177.txt,0,5,2,16
data/SRS/Dataset_A/sig10_15_25/srs_177.txt,srs_177.txt,0,5,3,16
data/SRS/Dataset_A/sig10_15_25/srs_177.txt,srs_177.txt,0,10,0,16
data/SRS/Dataset_A/sig10_15_25/srs_177.txt,srs_177.txt,0,10,1,16
data/SRS/Dataset_A/sig10_15_25/srs_177.txt,srs_177.txt,0,10,2,16
data/SRS/Dataset_A/sig10_15_25/srs_177.txt,srs_177.txt,1,1,0,16
data/SRS/Dataset_A/sig10_15_25/srs_177.txt,srs_177.txt,1,1,1,16
data/SRS/Dataset_A/sig10_15_25/srs_177.txt,srs_177.txt,1,1,2,16
data/SRS/Dataset_A/sig10_15_25/srs_177.txt,srs_177.txt,1,1,3,16
data/SRS/Dataset_A/sig10_15_25/srs_177.txt,srs_177.txt,1,5,0,16
data/SRS/Dataset_A/sig10_15_25/srs_177.txt,srs_177.txt,1,5,1,16
data/SRS/Dataset_A/sig10_15_25/srs_177.txt,srs_177.txt,1,5,2,16
data/SRS/Dataset_A/sig10_15_25/srs_177.txt,srs_177.txt,1,5,3,16
data/SRS/Dataset_A/sig10_15_25/srs_177.txt,srs_177.txt,1,10,0,16
data/SRS/Dataset_A/sig10_15_25/srs_177.txt,srs_177.txt,1,10,1,16
data/SRS/Dataset_A/sig10_15_25/srs_177.txt,srs_177.txt,1,10,2,16
data/SRS/Dataset_A/sig10_15_25/srs_177.txt,srs_177.txt,1,10,3,16
data/SRS/Dataset_A/sig10_15_25/srs_178.txt,srs_178.txt,0,1,1,19
data/SRS/Dataset_A/sig10_15_25/srs_178.txt,srs_178.txt,0,1,2,19
data/SRS/Dataset_A/sig10_15_25/srs_178.txt,srs_178.txt,0,1,3,19
data/SRS/Dataset_A/sig10_15_25/srs_178.txt,srs_178.txt,0,5,0,19
data/SRS/Dataset_A/sig10_15_25/srs_178.txt,srs_178.txt,0,5,1,19
data/SRS/Dataset_A/sig10_15_25/srs_178.txt,srs_178.txt,0,5,2,19
data/SRS/Dataset_A/sig10_15_25/srs_178.txt,srs_178.txt,0,5,3,19
data/SRS/Dataset_A/sig10_15_25/srs_178.txt,srs_178.txt,0,10,0,19
data/SRS/Dataset_A/sig10_15_25/srs_178.txt,srs_178.txt,0,10,1,19
data/SRS/Dataset_A/sig10_15_25/srs_178.txt,srs_178.txt,0,10,2,19
data/SRS/Dataset_A/sig10_15_25/srs_178.txt,srs_178.txt,1,1,0,19
data/SRS/Dataset_A/sig10_15_25/srs_178.txt,srs_178.txt,1,1,1,19
data/SRS/Dataset_A/sig10_15_25/srs_178.txt,srs_178.txt,1,1,2,19
data/SRS/Dataset_A/sig10_15_25/srs_178.txt,srs_178.txt,1,1,3,19
data/SRS/Dataset_A/sig10_15_25/srs_178.txt,srs_178.txt,1,5,0,19
data/SRS/Dataset_A/sig10_15_25/srs_178.txt,srs_178.txt,1,5,1,19
data/SRS/Dataset_A/sig10_15_25/srs_178.txt,srs_178.txt,1,5,2,19
data/SRS/Dataset_A/sig10_15_25/srs_178.txt,srs_178.txt,1,5,3,19
data/SRS/Dataset_A/sig10_15_25/srs_178.txt,srs_178.txt,1,10,0,19
data/SRS/Dataset_A/sig10_15_25/srs_178.txt,srs_178.txt,1,10,1,19
data/SRS/Dataset_A/sig10_15_25/srs_178.txt,srs_178.txt,1,10,2,19
data/SRS/Dataset_A/sig10_15_25/srs_178.txt,srs_178.txt,1,10,3,19
data/SRS/Dataset_A/sig10_15_25/srs_179.txt,srs_179.txt,0,1,1,17
data/SRS/Dataset_A/sig10_15_25/srs_179.txt,srs_179.txt,0,1,2,17
data/SRS/Dataset_A/sig10_15_25/srs_179.txt,srs_179.txt,0,1,3,17
data/SRS/Dataset_A/sig10_15_25/srs_179.txt,srs_179.txt,0,5,0,17
data/SRS/Dataset_A/sig10_15_25/srs_179.txt,srs_179.txt,0,5,1,17
data/SRS/Dataset_A/sig10_15_25/srs_179.txt,srs_179.txt,0,5,2,17
data/SRS/Dataset_A/sig10_15_25/srs_179.txt,srs_179.txt,0,5,3,17
data/SRS/Dataset_A/sig10_15_25/srs_179.txt,srs_179.txt,0,10,0,17
data/SRS/Dataset_A/sig10_15_25/srs_179.txt,srs_179.txt,0,10,1,17
data/SRS/Dataset_A/sig10_15_25/srs_179.txt,srs_179.txt,0,10,2,17
data/SRS/Dataset_A/sig10_15_25/srs_179.txt,srs_179.txt,1,1,0,17
data/SRS/Dataset_A/sig10_15_25/srs_179.txt,srs_179.txt,1,1,1,17
data/SRS/Dataset_A/sig10_15_25/srs_179.txt,srs_179.txt,1,1,2,17
data/SRS/Dataset_A/sig10_15_25/srs_179.txt,srs_179.txt,1,1,3,17
data/SRS/Dataset_A/sig10_15_25/srs_179.txt,srs_179.txt,1,5,0,17
data/SRS/Dataset_A/sig10_15_25/srs_179.txt,srs_179.txt,1,5,1,17
data/SRS/Dataset_A/sig10_15_25/srs_179.txt,srs_179.txt,1,5,2,17
data/SRS/Dataset_A/sig10_15_25/srs_179.txt,srs_179.txt,1,5,3,17
data/SRS/Dataset_A/sig10_15_25/srs_179.txt,srs_179.txt,1,10,0,17
data/SRS/Dataset_A/sig10_15_25/srs_179.txt,srs_179.txt,1,10,1,17
data/SRS/Dataset_A/sig10_15_25/srs_179.txt,srs_179.txt,1,10,2,17
data/SRS/Dataset_A/sig10_15_25/srs_179.txt,srs_179.txt,1,10,3,17
data/SRS/Dataset_A/sig10_15_25/srs_18.txt,srs_18.txt,0,1,1,17
data/SRS/Dataset_A/sig10_15_25/srs_18.txt,srs_18.txt,0,1,2,17
data/SRS/Dataset_A/sig10_15_25/srs_18.txt,srs_18.txt,0,1,3,17
data/SRS/Dataset_A/sig10_15_25/srs_18.txt,srs_18.txt,0,5,0,17
data/SRS/Dataset_A/sig10_15_25/srs_18.txt,srs_18.txt,0,5,1,17
data/SRS/Dataset_A/sig10_15_25/srs_18.txt,srs_18.txt,0,5,2,17
data/SRS/Dataset_A/sig10_15_25/srs_18.txt,srs_18.txt,0,5,3,17
data/SRS/Dataset_A/sig10_15_25/srs_18.txt,srs_18.txt,0,10,0,17
data/SRS/Dataset_A/sig10_15_25/srs_18.txt,srs_18.txt,0,10,1,17
data/SRS/Dataset_A/sig10_15_25/srs_18.txt,srs_18.txt,0,10,2,17
data/SRS/Dataset_A/sig10_15_25/srs_18.txt,srs_18.txt,1,1,0,17
data/SRS/Dataset_A/sig10_15_25/srs_18.txt,srs_18.txt,1,1,1,17
data/SRS/Dataset_A/sig10_15_25/srs_18.txt,srs_18.txt,1,1,2,17
data/SRS/Dataset_A/sig10_15_25/srs_18.txt,srs_18.txt,1,1,3,17
data/SRS/Dataset_A/sig10_15_25/srs_18.txt,srs_18.txt,1,5,0,17
data/SRS/Dataset_A/sig10_15_25/srs_18.txt,srs_18.txt,1,5,1,17
data/SRS/Dataset_A/sig10_15_25/srs_18.txt,srs_18.txt,1,5,2,17
data/SRS/Dataset_A/sig10_15_25/srs_18.txt,srs_18.txt,1,5,3,17
data/SRS/Dataset_A/sig10_15_25/srs_18.txt,srs_18.txt,1,10,0,17
data/SRS/Dataset_A/sig10_15_25/srs_18.txt,srs_18.txt,1,10,1,17
data/SRS/Dataset_A/sig10_15_25/srs_18.txt,srs_18.txt,1,10,2,17
data/SRS/Dataset_A/sig10_15_25/srs_18.txt,srs_18.txt,1,10,3,17
data/SRS/Dataset_A/sig10_15_25/srs_180.txt,srs_180.txt,0,1,1,15
data/SRS/Dataset_A/sig10_15_25/srs_180.txt,srs_180.txt,0,1,2,15
data/SRS/Dataset_A/sig10_15_25/srs_180.txt,srs_180.txt,0,1,3,15
data/SRS/Dataset_A/sig10_15_25/srs_180.txt,srs_180.txt,0,5,0,15
data/SRS/Dataset_A/sig10_15_25/srs_180.txt,srs_180.txt,0,5,1,15
data/SRS/Dataset_A/sig10_15_25/srs_180.txt,srs_180.txt,0,5,2,15
data/SRS/Dataset_A/sig10_15_25/srs_180.txt,srs_180.txt,0,5,3,15
data/SRS/Dataset_A/sig10_15_25/srs_180.txt,srs_180.txt,0,10,0,15
data/SRS/Dataset_A/sig10_15_25/srs_180.txt,srs_180.txt,0,10,1,15
data/SRS/Dataset_A/sig10_15_25/srs_180.txt,srs_180.txt,0,10,2,15
data/SRS/Dataset_A/sig10_15_25/srs_180.txt,srs_180.txt,1,1,0,15
data/SRS/Dataset_A/sig10_15_25/srs_180.txt,srs_180.txt,1,1,1,15
data/SRS/Dataset_A/sig10_15_25/srs_180.txt,srs_180.txt,1,1,2,15
data/SRS/Dataset_A/sig10_15_25/srs_180.txt,srs_180.txt,1,1,3,15
data/SRS/Dataset_A/sig10_15_25/srs_180.txt,srs_180.txt,1,5,0,15
data/SRS/Dataset_A/sig10_15_25/srs_180.txt,srs_180.txt,1,5,1,15
data/SRS/Dataset_A/sig10_15_25/srs_180.txt,srs_180.txt,1,5,2,15
data/SRS/Dataset_A/sig10_15_25/srs_180.txt,srs_180.txt,1,5,3,15
data/SRS/Dataset_A/sig10_15_25/srs_180.txt,srs_180.txt,1,10,0,15
data/SRS/Dataset_A/sig10_15_25/srs_180.txt,srs_180.txt,1,10,1,15
data/SRS/Dataset_A/sig10_15_25/srs_180.txt,srs_180.txt,1,10,2,15
data/SRS/Dataset_A/sig10_15_25/srs_180.txt,srs_180.txt,1,10,3,15
data/SRS/Dataset_A/sig10_15_25/srs_181.txt,srs_181.txt,0,1,1,20
data/SRS/Dataset_A/sig10_15_25/srs_181.txt,srs_181.txt,0,1,2,20
data/SRS/Dataset_A/sig10_15_25/srs_181.txt,srs_181.txt,0,1,3,20
data/SRS/Dataset_A/sig10_15_25/srs_181.txt,srs_181.txt,0,5,0,20
data/SRS/Dataset_A/sig10_15_25/srs_181.txt,srs_181.txt,0,5,1,20
data/SRS/Dataset_A/sig10_15_25/srs_181.txt,srs_181.txt,0,5,2,20
data/SRS/Dataset_A/sig10_15_25/srs_181.txt,srs_181.txt,0,5,3,20
data/SRS/Dataset_A/sig10_15_25/srs_181.txt,srs_181.txt,0,10,0,20
data/SRS/Dataset_A/sig10_15_25/srs_181.txt,srs_181.txt,0,10,1,20
data/SRS/Dataset_A/sig10_15_25/srs_181.txt,srs_181.txt,0,10,2,20
data/SRS/Dataset_A/sig10_15_25/srs_181.txt,srs_181.txt,1,1,0,20
data/SRS/Dataset_A/sig10_15_25/srs_181.txt,srs_181.txt,1,1,1,20
data/SRS/Dataset_A/sig10_15_25/srs_181.txt,srs_181.txt,1,1,2,20
data/SRS/Dataset_A/sig10_15_25/srs_181.txt,srs_181.txt,1,1,3,20
data/SRS/Dataset_A/sig10_15_25/srs_181.txt,srs_181.txt,1,5,0,20
data/SRS/Dataset_A/sig10_15_25/srs_181.txt,srs_181.txt,1,5,1,20
data/SRS/Dataset_A/sig10_15_25/srs_181.txt,srs_181.txt,1,5,2,20
data/SRS/Dataset_A/sig10_15_25/srs_181.txt,srs_181.txt,1,5,3,20
data/SRS/Dataset_A/sig10_15_25/srs_181.txt,srs_181.txt,1,10,0,20
data/SRS/Dataset_A/sig10_15_25/srs_181.txt,srs_181.txt,1,10,1,20
data/SRS/Dataset_A/sig10_15_25/srs_181.txt,srs_181.txt,1,10,2,20
data/SRS/Dataset_A/sig10_15_25/srs_181.txt,srs_181.txt,1,10,3,20
data/SRS/Dataset_A/sig10_15_25/srs_182.txt,srs_182.txt,0,1,1,15
data/SRS/Dataset_A/sig10_15_25/srs_182.txt,srs_182.txt,0,1,2,15
data/SRS/Dataset_A/sig10_15_25/srs_182.txt,srs_182.txt,0,1,3,15
data/SRS/Dataset_A/sig10_15_25/srs_182.txt,srs_182.txt,0,5,0,15
data/SRS/Dataset_A/sig10_15_25/srs_182.txt,srs_182.txt,0,5,1,15
data/SRS/Dataset_A/sig10_15_25/srs_182.txt,srs_182.txt,0,5,2,15
data/SRS/Dataset_A/sig10_15_25/srs_182.txt,srs_182.txt,0,5,3,15
data/SRS/Dataset_A/sig10_15_25/srs_182.txt,srs_182.txt,0,10,0,15
data/SRS/Dataset_A/sig10_15_25/srs_182.txt,srs_182.txt,0,10,1,15
data/SRS/Dataset_A/sig10_15_25/srs_182.txt,srs_182.txt,0,10,2,15
data/SRS/Dataset_A/sig10_15_25/srs_182.txt,srs_182.txt,1,1,0,15
data/SRS/Dataset_A/sig10_15_25/srs_182.txt,srs_182.txt,1,1,1,15
data/SRS/Dataset_A/sig10_15_25/srs_182.txt,srs_182.txt,1,1,2,15
data/SRS/Dataset_A/sig10_15_25/srs_182.txt,srs_182.txt,1,1,3,15
data/SRS/Dataset_A/sig10_15_25/srs_182.txt,srs_182.txt,1,5,0,15
data/SRS/Dataset_A/sig10_15_25/srs_182.txt,srs_182.txt,1,5,1,15
data/SRS/Dataset_A/sig10_15_25/srs_182.txt,srs_182.txt,1,5,2,15
data/SRS/Dataset_A/sig10_15_25/srs_182.txt,srs_182.txt,1,5,3,15
data/SRS/Dataset_A/sig10_15_25/srs_182.txt,srs_182.txt,1,10,0,15
data/SRS/Dataset_A/sig10_15_25/srs_182.txt,srs_182.txt,1,10,1,15
data/SRS/Dataset_A/sig10_15_25/srs_182.txt,srs_182.txt,1,10,2,15
data/SRS/Dataset_A/sig10_15_25/srs_182.txt,srs_182.txt,1,10,3,15
data/SRS/Dataset_A/sig10_15_25/srs_183.txt,srs_183.txt,0,1,1,22
data/SRS/Dataset_A/sig10_15_25/srs_183.txt,srs_183.txt,0,1,2,22
data/SRS/Dataset_A/sig10_15_25/srs_183.txt,srs_183.txt,0,1,3,22
data/SRS/Dataset_A/sig10_15_25/srs_183.txt,srs_183.txt,0,5,0,22
data/SRS/Dataset_A/sig10_15_25/srs_183.txt,srs_183.txt,0,5,1,22
data/SRS/Dataset_A/sig10_15_25/srs_183.txt,srs_183.txt,0,5,2,22
data/SRS/Dataset_A/sig10_15_25/srs_183.txt,srs_183.txt,0,5,3,22
data/SRS/Dataset_A/sig10_15_25/srs_183.txt,srs_183.txt,0,10,0,22
data/SRS/Dataset_A/sig10_15_25/srs_183.txt,srs_183.txt,0,10,1,22
data/SRS/Dataset_A/sig10_15_25/srs_183.txt,srs_183.txt,0,10,2,22
data/SRS/Dataset_A/sig10_15_25/srs_183.txt,srs_183.txt,1,1,0,22
data/SRS/Dataset_A/sig10_15_25/srs_183.txt,srs_183.txt,1,1,1,22
data/SRS/Dataset_A/sig10_15_25/srs_183.txt,srs_183.txt,1,1,2,22
data/SRS/Dataset_A/sig10_15_25/srs_183.txt,srs_183.txt,1,1,3,22
data/SRS/Dataset_A/sig10_15_25/srs_183.txt,srs_183.txt,1,5,0,22
data/SRS/Dataset_A/sig10_15_25/srs_183.txt,srs_183.txt,1,5,1,22
data/SRS/Dataset_A/sig10_15_25/srs_183.txt,srs_183.txt,1,5,2,22
data/SRS/Dataset_A/sig10_15_25/srs_183.txt,srs_183.txt,1,5,3,22
data/SRS/Dataset_A/sig10_15_25/srs_183.txt,srs_183.txt,1,10,0,22
data/SRS/Dataset_A/sig10_15_25/srs_183.txt,srs_183.txt,1,10,1,22
data/SRS/Dataset_A/sig10_15_25/srs_183.txt,srs_183.txt,1,10,2,22
data/SRS/Dataset_A/sig10_15_25/srs_183.txt,srs_183.txt,1,10,3,22
data/SRS/Dataset_A/sig10_15_25/srs_184.txt,srs_184.txt,0,1,1,15
data/SRS/Dataset_A/sig10_15_25/srs_184.txt,srs_184.txt,0,1,2,15
data/SRS/Dataset_A/sig10_15_25/srs_184.txt,srs_184.txt,0,1,3,15
data/SRS/Dataset_A/sig10_15_25/srs_184.txt,srs_184.txt,0,5,0,15
data/SRS/Dataset_A/sig10_15_25/srs_184.txt,srs_184.txt,0,5,1,15
data/SRS/Dataset_A/sig10_15_25/srs_184.txt,srs_184.txt,0,5,2,15
data/SRS/Dataset_A/sig10_15_25/srs_184.txt,srs_184.txt,0,5,3,15
data/SRS/Dataset_A/sig10_15_25/srs_184.txt,srs_184.txt,0,10,0,15
data/SRS/Dataset_A/sig10_15_25/srs_184.txt,srs_184.txt,0,10,1,15
data/SRS/Dataset_A/sig10_15_25/srs_184.txt,srs_184.txt,0,10,2,15
data/SRS/Dataset_A/sig10_15_25/srs_184.txt,srs_184.txt,1,1,0,15
data/SRS/Dataset_A/sig10_15_25/srs_184.txt,srs_184.txt,1,1,1,15
data/SRS/Dataset_A/sig10_15_25/srs_184.txt,srs_184.txt,1,1,2,15
data/SRS/Dataset_A/sig10_15_25/srs_184.txt,srs_184.txt,1,1,3,15
data/SRS/Dataset_A/sig10_15_25/srs_184.txt,srs_184.txt,1,5,0,15
data/SRS/Dataset_A/sig10_15_25/srs_184.txt,srs_184.txt,1,5,1,15
data/SRS/Dataset_A/sig10_15_25/srs_184.txt,srs_184.txt,1,5,2,15
data/SRS/Dataset_A/sig10_15_25/srs_184.txt,srs_184.txt,1,5,3,15
data/SRS/Dataset_A/sig10_15_25/srs_184.txt,srs_184.txt,1,10,0,15
data/SRS/Dataset_A/sig10_15_25/srs_184.txt,srs_184.txt,1,10,1,15
data/SRS/Dataset_A/sig10_15_25/srs_184.txt,srs_184.txt,1,10,2,15
data/SRS/Dataset_A/sig10_15_25/srs_184.txt,srs_184.txt,1,10,3,15
data/SRS/Dataset_A/sig10_15_25/srs_185.txt,srs_185.txt,0,1,1,23
data/SRS/Dataset_A/sig10_15_25/srs_185.txt,srs_185.txt,0,1,2,23
data/SRS/Dataset_A/sig10_15_25/srs_185.txt,srs_185.txt,0,1,3,23
data/SRS/Dataset_A/sig10_15_25/srs_185.txt,srs_185.txt,0,5,0,23
data/SRS/Dataset_A/sig10_15_25/srs_185.txt,srs_185.txt,0,5,1,23
data/SRS/Dataset_A/sig10_15_25/srs_185.txt,srs_185.txt,0,5,2,23
data/SRS/Dataset_A/sig10_15_25/srs_185.txt,srs_185.txt,0,5,3,23
data/SRS/Dataset_A/sig10_15_25/srs_185.txt,srs_185.txt,0,10,0,23
data/SRS/Dataset_A/sig10_15_25/srs_185.txt,srs_185.txt,0,10,1,23
data/SRS/Dataset_A/sig10_15_25/srs_185.txt,srs_185.txt,0,10,2,23
data/SRS/Dataset_A/sig10_15_25/srs_185.txt,srs_185.txt,1,1,0,23
data/SRS/Dataset_A/sig10_15_25/srs_185.txt,srs_185.txt,1,1,1,23
data/SRS/Dataset_A/sig10_15_25/srs_185.txt,srs_185.txt,1,1,2,23
data/SRS/Dataset_A/sig10_15_25/srs_185.txt,srs_185.txt,1,1,3,23
data/SRS/Dataset_A/sig10_15_25/srs_185.txt,srs_185.txt,1,5,0,23
data/SRS/Dataset_A/sig10_15_25/srs_185.txt,srs_185.txt,1,5,1,23
data/SRS/Dataset_A/sig10_15_25/srs_185.txt,srs_185.txt,1,5,2,23
data/SRS/Dataset_A/sig10_15_25/srs_185.txt,srs_185.txt,1,5,3,23
data/SRS/Dataset_A/sig10_15_25/srs_185.txt,srs_185.txt,1,10,0,23
data/SRS/Dataset_A/sig10_15_25/srs_185.txt,srs_185.txt,1,10,1,23
data/SRS/Dataset_A/sig10_15_25/srs_185.txt,srs_185.txt,1,10,2,23
data/SRS/Dataset_A/sig10_15_25/srs_185.txt,srs_185.txt,1,10,3,23
data/SRS/Dataset_A/sig10_15_25/srs_186.txt,srs_186.txt,0,1,1,19
data/SRS/Dataset_A/sig10_15_25/srs_186.txt,srs_186.txt,0,1,2,19
data/SRS/Dataset_A/sig10_15_25/srs_186.txt,srs_186.txt,0,1,3,19
data/SRS/Dataset_A/sig10_15_25/srs_186.txt,srs_186.txt,0,5,0,19
data/SRS/Dataset_A/sig10_15_25/srs_186.txt,srs_186.txt,0,5,1,19
data/SRS/Dataset_A/sig10_15_25/srs_186.txt,srs_186.txt,0,5,2,19
data/SRS/Dataset_A/sig10_15_25/srs_186.txt,srs_186.txt,0,5,3,19
data/SRS/Dataset_A/sig10_15_25/srs_186.txt,srs_186.txt,0,10,0,19
data/SRS/Dataset_A/sig10_15_25/srs_186.txt,srs_186.txt,0,10,1,19
data/SRS/Dataset_A/sig10_15_25/srs_186.txt,srs_186.txt,0,10,2,19
data/SRS/Dataset_A/sig10_15_25/srs_186.txt,srs_186.txt,1,1,0,19
data/SRS/Dataset_A/sig10_15_25/srs_186.txt,srs_186.txt,1,1,1,19
data/SRS/Dataset_A/sig10_15_25/srs_186.txt,srs_186.txt,1,1,2,19
data/SRS/Dataset_A/sig10_15_25/srs_186.txt,srs_186.txt,1,1,3,19
data/SRS/Dataset_A/sig10_15_25/srs_186.txt,srs_186.txt,1,5,0,19
data/SRS/Dataset_A/sig10_15_25/srs_186.txt,srs_186.txt,1,5,1,19
data/SRS/Dataset_A/sig10_15_25/srs_186.txt,srs_186.txt,1,5,2,19
data/SRS/Dataset_A/sig10_15_25/srs_186.txt,srs_186.txt,1,5,3,19
data/SRS/Dataset_A/sig10_15_25/srs_186.txt,srs_186.txt,1,10,0,19
data/SRS/Dataset_A/sig10_15_25/srs_186.txt,srs_186.txt,1,10,1,19
data/SRS/Dataset_A/sig10_15_25/srs_186.txt,srs_186.txt,1,10,2,19
data/SRS/Dataset_A/sig10_15_25/srs_186.txt,srs_186.txt,1,10,3,19
data/SRS/Dataset_A/sig10_15_25/srs_187.txt,srs_187.txt,0,1,1,25
data/SRS/Dataset_A/sig10_15_25/srs_187.txt,srs_187.txt,0,1,2,25
data/SRS/Dataset_A/sig10_15_25/srs_187.txt,srs_187.txt,0,1,3,25
data/SRS/Dataset_A/sig10_15_25/srs_187.txt,srs_187.txt,0,5,0,25
data/SRS/Dataset_A/sig10_15_25/srs_187.txt,srs_187.txt,0,5,1,25
data/SRS/Dataset_A/sig10_15_25/srs_187.txt,srs_187.txt,0,5,2,25
data/SRS/Dataset_A/sig10_15_25/srs_187.txt,srs_187.txt,0,5,3,25
data/SRS/Dataset_A/sig10_15_25/srs_187.txt,srs_187.txt,0,10,0,25
data/SRS/Dataset_A/sig10_15_25/srs_187.txt,srs_187.txt,0,10,1,25
data/SRS/Dataset_A/sig10_15_25/srs_187.txt,srs_187.txt,0,10,2,25
data/SRS/Dataset_A/sig10_15_25/srs_187.txt,srs_187.txt,1,1,0,25
data/SRS/Dataset_A/sig10_15_25/srs_187.txt,srs_187.txt,1,1,1,25
data/SRS/Dataset_A/sig10_15_25/srs_187.txt,srs_187.txt,1,1,2,25
data/SRS/Dataset_A/sig10_15_25/srs_187.txt,srs_187.txt,1,1,3,25
data/SRS/Dataset_A/sig10_15_25/srs_187.txt,srs_187.txt,1,5,0,25
data/SRS/Dataset_A/sig10_15_25/srs_187.txt,srs_187.txt,1,5,1,25
data/SRS/Dataset_A/sig10_15_25/srs_187.txt,srs_187.txt,1,5,2,25
data/SRS/Dataset_A/sig10_15_25/srs_187.txt,srs_187.txt,1,5,3,25
data/SRS/Dataset_A/sig10_15_25/srs_187.txt,srs_187.txt,1,10,0,25
data/SRS/Dataset_A/sig10_15_25/srs_187.txt,srs_187.txt,1,10,1,25
data/SRS/Dataset_A/sig10_15_25/srs_187.txt,srs_187.txt,1,10,2,25
data/SRS/Dataset_A/sig10_15_25/srs_187.txt,srs_187.txt,1,10,3,25
data/SRS/Dataset_A/sig10_15_25/srs_188.txt,srs_188.txt,0,1,1,19
data/SRS/Dataset_A/sig10_15_25/srs_188.txt,srs_188.txt,0,1,2,19
data/SRS/Dataset_A/sig10_15_25/srs_188.txt,srs_188.txt,0,1,3,19
data/SRS/Dataset_A/sig10_15_25/srs_188.txt,srs_188.txt,0,5,0,19
data/SRS/Dataset_A/sig10_15_25/srs_188.txt,srs_188.txt,0,5,1,19
data/SRS/Dataset_A/sig10_15_25/srs_188.txt,srs_188.txt,0,5,2,19
data/SRS/Dataset_A/sig10_15_25/srs_188.txt,srs_188.txt,0,5,3,19
data/SRS/Dataset_A/sig10_15_25/srs_188.txt,srs_188.txt,0,10,0,19
data/SRS/Dataset_A/sig10_15_25/srs_188.txt,srs_188.txt,0,10,1,19
data/SRS/Dataset_A/sig10_15_25/srs_188.txt,srs_188.txt,0,10,2,19
data/SRS/Dataset_A/sig10_15_25/srs_188.txt,srs_188.txt,1,1,0,19
data/SRS/Dataset_A/sig10_15_25/srs_188.txt,srs_188.txt,1,1,1,19
data/SRS/Dataset_A/sig10_15_25/srs_188.txt,srs_188.txt,1,1,2,19
data/SRS/Dataset_A/sig10_15_25/srs_188.txt,srs_188.txt,1,1,3,19
data/SRS/Dataset_A/sig10_15_25/srs_188.txt,srs_188.txt,1,5,0,19
data/SRS/Dataset_A/sig10_15_25/srs_188.txt,srs_188.txt,1,5,1,19
data/SRS/Dataset_A/sig10_15_25/srs_188.txt,srs_188.txt,1,5,2,19
data/SRS/Dataset_A/sig10_15_25/srs_188.txt,srs_188.txt,1,5,3,19
data/SRS/Dataset_A/sig10_15_25/srs_188.txt,srs_188.txt,1,10,0,19
data/SRS/Dataset_A/sig10_15_25/srs_188.txt,srs_188.txt,1,10,1,19
data/SRS/Dataset_A/sig10_15_25/srs_188.txt,srs_188.txt,1,10,2,19
data/SRS/Dataset_A/sig10_15_25/srs_188.txt,srs_188.txt,1,10,3,19
data/SRS/Dataset_A/sig10_15_25/srs_189.txt,srs_189.txt,0,1,1,19
data/SRS/Dataset_A/sig10_15_25/srs_189.txt,srs_189.txt,0,1,2,19
data/SRS/Dataset_A/sig10_15_25/srs_189.txt,srs_189.txt,0,1,3,19
data/SRS/Dataset_A/sig10_15_25/srs_189.txt,srs_189.txt,0,5,0,19
data/SRS/Dataset_A/sig10_15_25/srs_189.txt,srs_189.txt,0,5,1,19
data/SRS/Dataset_A/sig10_15_25/srs_189.txt,srs_189.txt,0,5,2,19
data/SRS/Dataset_A/sig10_15_25/srs_189.txt,srs_189.txt,0,5,3,19
data/SRS/Dataset_A/sig10_15_25/srs_189.txt,srs_189.txt,0,10,0,19
data/SRS/Dataset_A/sig10_15_25/srs_189.txt,srs_189.txt,0,10,1,19
data/SRS/Dataset_A/sig10_15_25/srs_189.txt,srs_189.txt,0,10,2,19
data/SRS/Dataset_A/sig10_15_25/srs_189.txt,srs_189.txt,1,1,0,19
data/SRS/Dataset_A/sig10_15_25/srs_189.txt,srs_189.txt,1,1,1,19
data/SRS/Dataset_A/sig10_15_25/srs_189.txt,srs_189.txt,1,1,2,19
data/SRS/Dataset_A/sig10_15_25/srs_189.txt,srs_189.txt,1,1,3,19
data/SRS/Dataset_A/sig10_15_25/srs_189.txt,srs_189.txt,1,5,0,19
data/SRS/Dataset_A/sig10_15_25/srs_189.txt,srs_189.txt,1,5,1,19
data/SRS/Dataset_A/sig10_15_25/srs_189.txt,srs_189.txt,1,5,2,19
data/SRS/Dataset_A/sig10_15_25/srs_189.txt,srs_189.txt,1,5,3,19
data/SRS/Dataset_A/sig10_15_25/srs_189.txt,srs_189.txt,1,10,0,19
data/SRS/Dataset_A/sig10_15_25/srs_189.txt,srs_189.txt,1,10,1,19
data/SRS/Dataset_A/sig10_15_25/srs_189.txt,srs_189.txt,1,10,2,19
data/SRS/Dataset_A/sig10_15_25/srs_189.txt,srs_189.txt,1,10,3,19
data/SRS/Dataset_A/sig10_15_25/srs_19.txt,srs_19.txt,0,1,1,18
data/SRS/Dataset_A/sig10_15_25/srs_19.txt,srs_19.txt,0,1,2,18
data/SRS/Dataset_A/sig10_15_25/srs_19.txt,srs_19.txt,0,1,3,18
data/SRS/Dataset_A/sig10_15_25/srs_19.txt,srs_19.txt,0,5,0,18
data/SRS/Dataset_A/sig10_15_25/srs_19.txt,srs_19.txt,0,5,1,18
data/SRS/Dataset_A/sig10_15_25/srs_19.txt,srs_19.txt,0,5,2,18
data/SRS/Dataset_A/sig10_15_25/srs_19.txt,srs_19.txt,0,5,3,18
data/SRS/Dataset_A/sig10_15_25/srs_19.txt,srs_19.txt,0,10,0,18
data/SRS/Dataset_A/sig10_15_25/srs_19.txt,srs_19.txt,0,10,1,18
data/SRS/Dataset_A/sig10_15_25/srs_19.txt,srs_19.txt,0,10,2,18
data/SRS/Dataset_A/sig10_15_25/srs_19.txt,srs_19.txt,1,1,0,18
data/SRS/Dataset_A/sig10_15_25/srs_19.txt,srs_19.txt,1,1,1,18
data/SRS/Dataset_A/sig10_15_25/srs_19.txt,srs_19.txt,1,1,2,18
data/SRS/Dataset_A/sig10_15_25/srs_19.txt,srs_19.txt,1,1,3,18
data/SRS/Dataset_A/sig10_15_25/srs_19.txt,srs_19.txt,1,5,0,18
data/SRS/Dataset_A/sig10_15_25/srs_19.txt,srs_19.txt,1,5,1,18
data/SRS/Dataset_A/sig10_15_25/srs_19.txt,srs_19.txt,1,5,2,18
data/SRS/Dataset_A/sig10_15_25/srs_19.txt,srs_19.txt,1,5,3,18
data/SRS/Dataset_A/sig10_15_25/srs_19.txt,srs_19.txt,1,10,0,18
data/SRS/Dataset_A/sig10_15_25/srs_19.txt,srs_19.txt,1,10,1,18
data/SRS/Dataset_A/sig10_15_25/srs_19.txt,srs_19.txt,1,10,2,18
data/SRS/Dataset_A/sig10_15_25/srs_19.txt,srs_19.txt,1,10,3,18
data/SRS/Dataset_A/sig10_15_25/srs_190.txt,srs_190.txt,0,1,1,20
data/SRS/Dataset_A/sig10_15_25/srs_190.txt,srs_190.txt,0,1,2,20
data/SRS/Dataset_A/sig10_15_25/srs_190.txt,srs_190.txt,0,1,3,20
data/SRS/Dataset_A/sig10_15_25/srs_190.txt,srs_190.txt,0,5,0,20
data/SRS/Dataset_A/sig10_15_25/srs_190.txt,srs_190.txt,0,5,1,20
data/SRS/Dataset_A/sig10_15_25/srs_190.txt,srs_190.txt,0,5,2,20
data/SRS/Dataset_A/sig10_15_25/srs_190.txt,srs_190.txt,0,5,3,20
data/SRS/Dataset_A/sig10_15_25/srs_190.txt,srs_190.txt,0,10,0,20
data/SRS/Dataset_A/sig10_15_25/srs_190.txt,srs_190.txt,0,10,1,20
data/SRS/Dataset_A/sig10_15_25/srs_190.txt,srs_190.txt,0,10,2,20
data/SRS/Dataset_A/sig10_15_25/srs_190.txt,srs_190.txt,1,1,0,20
data/SRS/Dataset_A/sig10_15_25/srs_190.txt,srs_190.txt,1,1,1,20
data/SRS/Dataset_A/sig10_15_25/srs_190.txt,srs_190.txt,1,1,2,20
data/SRS/Dataset_A/sig10_15_25/srs_190.txt,srs_190.txt,1,1,3,20
data/SRS/Dataset_A/sig10_15_25/srs_190.txt,srs_190.txt,1,5,0,20
data/SRS/Dataset_A/sig10_15_25/srs_190.txt,srs_190.txt,1,5,1,20
data/SRS/Dataset_A/sig10_15_25/srs_190.txt,srs_190.txt,1,5,2,20
data/SRS/Dataset_A/sig10_15_25/srs_190.txt,srs_190.txt,1,5,3,20
data/SRS/Dataset_A/sig10_15_25/srs_190.txt,srs_190.txt,1,10,0,20
data/SRS/Dataset_A/sig10_15_25/srs_190.txt,srs_190.txt,1,10,1,20
data/SRS/Dataset_A/sig10_15_25/srs_190.txt,srs_190.txt,1,10,2,20
data/SRS/Dataset_A/sig10_15_25/srs_190.txt,srs_190.txt,1,10,3,20
data/SRS/Dataset_A/sig10_15_25/srs_191.txt,srs_191.txt,0,1,1,21
data/SRS/Dataset_A/sig10_15_25/srs_191.txt,srs_191.txt,0,1,2,21
data/SRS/Dataset_A/sig10_15_25/srs_191.txt,srs_191.txt,0,1,3,21
data/SRS/Dataset_A/sig10_15_25/srs_191.txt,srs_191.txt,0,5,0,21
data/SRS/Dataset_A/sig10_15_25/srs_191.txt,srs_191.txt,0,5,1,21
data/SRS/Dataset_A/sig10_15_25/srs_191.txt,srs_191.txt,0,5,2,21
data/SRS/Dataset_A/sig10_15_25/srs_191.txt,srs_191.txt,0,5,3,21
data/SRS/Dataset_A/sig10_15_25/srs_191.txt,srs_191.txt,0,10,0,21
data/SRS/Dataset_A/sig10_15_25/srs_191.txt,srs_191.txt,0,10,1,21
data/SRS/Dataset_A/sig10_15_25/srs_191.txt,srs_191.txt,0,10,2,21
data/SRS/Dataset_A/sig10_15_25/srs_191.txt,srs_191.txt,1,1,0,21
data/SRS/Dataset_A/sig10_15_25/srs_191.txt,srs_191.txt,1,1,1,21
data/SRS/Dataset_A/sig10_15_25/srs_191.txt,srs_191.txt,1,1,2,21
data/SRS/Dataset_A/sig10_15_25/srs_191.txt,srs_191.txt,1,1,3,21
data/SRS/Dataset_A/sig10_15_25/srs_191.txt,srs_191.txt,1,5,0,21
data/SRS/Dataset_A/sig10_15_25/srs_191.txt,srs_191.txt,1,5,1,21
data/SRS/Dataset_A/sig10_15_25/srs_191.txt,srs_191.txt,1,5,2,21
data/SRS/Dataset_A/sig10_15_25/srs_191.txt,srs_191.txt,1,5,3,21
data/SRS/Dataset_A/sig10_15_25/srs_191.txt,srs_191.txt,1,10,0,21
data/SRS/Dataset_A/sig10_15_25/srs_191.txt,srs_191.txt,1,10,1,21
data/SRS/Dataset_A/sig10_15_25/srs_191.txt,srs_191.txt,1,10,2,21
data/SRS/Dataset_A/sig10_15_25/srs_191.txt,srs_191.txt,1,10,3,21
data/SRS/Dataset_A/sig10_15_25/srs_192.txt,srs_192.txt,0,1,1,25
data/SRS/Dataset_A/sig10_15_25/srs_192.txt,srs_192.txt,0,1,2,25
data/SRS/Dataset_A/sig10_15_25/srs_192.txt,srs_192.txt,0,1,3,25
data/SRS/Dataset_A/sig10_15_25/srs_192.txt,srs_192.txt,0,5,0,25
data/SRS/Dataset_A/sig10_15_25/srs_192.txt,srs_192.txt,0,5,1,25
data/SRS/Dataset_A/sig10_15_25/srs_192.txt,srs_192.txt,0,5,2,25
data/SRS/Dataset_A/sig10_15_25/srs_192.txt,srs_192.txt,0,5,3,25
data/SRS/Dataset_A/sig10_15_25/srs_192.txt,srs_192.txt,0,10,0,25
data/SRS/Dataset_A/sig10_15_25/srs_192.txt,srs_192.txt,0,10,1,25
data/SRS/Dataset_A/sig10_15_25/srs_192.txt,srs_192.txt,0,10,2,25
data/SRS/Dataset_A/sig10_15_25/srs_192.txt,srs_192.txt,1,1,0,25
data/SRS/Dataset_A/sig10_15_25/srs_192.txt,srs_192.txt,1,1,1,25
data/SRS/Dataset_A/sig10_15_25/srs_192.txt,srs_192.txt,1,1,2,25
data/SRS/Dataset_A/sig10_15_25/srs_192.txt,srs_192.txt,1,1,3,25
data/SRS/Dataset_A/sig10_15_25/srs_192.txt,srs_192.txt,1,5,0,25
data/SRS/Dataset_A/sig10_15_25/srs_192.txt,srs_192.txt,1,5,1,25
data/SRS/Dataset_A/sig10_15_25/srs_192.txt,srs_192.txt,1,5,2,25
data/SRS/Dataset_A/sig10_15_25/srs_192.txt,srs_192.txt,1,5,3,25
data/SRS/Dataset_A/sig10_15_25/srs_192.txt,srs_192.txt,1,10,0,25
data/SRS/Dataset_A/sig10_15_25/srs_192.txt,srs_192.txt,1,10,1,25
data/SRS/Dataset_A/sig10_15_25/srs_192.txt,srs_192.txt,1,10,2,25
data/SRS/Dataset_A/sig10_15_25/srs_192.txt,srs_192.txt,1,10,3,25
data/SRS/Dataset_A/sig10_15_25/srs_193.txt,srs_193.txt,0,1,1,24
data/SRS/Dataset_A/sig10_15_25/srs_193.txt,srs_193.txt,0,1,2,24
data/SRS/Dataset_A/sig10_15_25/srs_193.txt,srs_193.txt,0,1,3,24
data/SRS/Dataset_A/sig10_15_25/srs_193.txt,srs_193.txt,0,5,0,24
data/SRS/Dataset_A/sig10_15_25/srs_193.txt,srs_193.txt,0,5,1,24
data/SRS/Dataset_A/sig10_15_25/srs_193.txt,srs_193.txt,0,5,2,24
data/SRS/Dataset_A/sig10_15_25/srs_193.txt,srs_193.txt,0,5,3,24
data/SRS/Dataset_A/sig10_15_25/srs_193.txt,srs_193.txt,0,10,0,24
data/SRS/Dataset_A/sig10_15_25/srs_193.txt,srs_193.txt,0,10,1,24
data/SRS/Dataset_A/sig10_15_25/srs_193.txt,srs_193.txt,0,10,2,24
data/SRS/Dataset_A/sig10_15_25/srs_193.txt,srs_193.txt,1,1,0,24
data/SRS/Dataset_A/sig10_15_25/srs_193.txt,srs_193.txt,1,1,1,24
data/SRS/Dataset_A/sig10_15_25/srs_193.txt,srs_193.txt,1,1,2,24
data/SRS/Dataset_A/sig10_15_25/srs_193.txt,srs_193.txt,1,1,3,24
data/SRS/Dataset_A/sig10_15_25/srs_193.txt,srs_193.txt,1,5,0,24
data/SRS/Dataset_A/sig10_15_25/srs_193.txt,srs_193.txt,1,5,1,24
data/SRS/Dataset_A/sig10_15_25/srs_193.txt,srs_193.txt,1,5,2,24
data/SRS/Dataset_A/sig10_15_25/srs_193.txt,srs_193.txt,1,5,3,24
data/SRS/Dataset_A/sig10_15_25/srs_193.txt,srs_193.txt,1,10,0,24
data/SRS/Dataset_A/sig10_15_25/srs_193.txt,srs_193.txt,1,10,1,24
data/SRS/Dataset_A/sig10_15_25/srs_193.txt,srs_193.txt,1,10,2,24
data/SRS/Dataset_A/sig10_15_25/srs_193.txt,srs_193.txt,1,10,3,24
data/SRS/Dataset_A/sig10_15_25/srs_194.txt,srs_194.txt,0,1,1,22
data/SRS/Dataset_A/sig10_15_25/srs_194.txt,srs_194.txt,0,1,2,22
data/SRS/Dataset_A/sig10_15_25/srs_194.txt,srs_194.txt,0,1,3,22
data/SRS/Dataset_A/sig10_15_25/srs_194.txt,srs_194.txt,0,5,0,22
data/SRS/Dataset_A/sig10_15_25/srs_194.txt,srs_194.txt,0,5,1,22
data/SRS/Dataset_A/sig10_15_25/srs_194.txt,srs_194.txt,0,5,2,22
data/SRS/Dataset_A/sig10_15_25/srs_194.txt,srs_194.txt,0,5,3,22
data/SRS/Dataset_A/sig10_15_25/srs_194.txt,srs_194.txt,0,10,0,22
data/SRS/Dataset_A/sig10_15_25/srs_194.txt,srs_194.txt,0,10,1,22
data/SRS/Dataset_A/sig10_15_25/srs_194.txt,srs_194.txt,0,10,2,22
data/SRS/Dataset_A/sig10_15_25/srs_194.txt,srs_194.txt,1,1,0,22
data/SRS/Dataset_A/sig10_15_25/srs_194.txt,srs_194.txt,1,1,1,22
data/SRS/Dataset_A/sig10_15_25/srs_194.txt,srs_194.txt,1,1,2,22
data/SRS/Dataset_A/sig10_15_25/srs_194.txt,srs_194.txt,1,1,3,22
data/SRS/Dataset_A/sig10_15_25/srs_194.txt,srs_194.txt,1,5,0,22
data/SRS/Dataset_A/sig10_15_25/srs_194.txt,srs_194.txt,1,5,1,22
data/SRS/Dataset_A/sig10_15_25/srs_194.txt,srs_194.txt,1,5,2,22
data/SRS/Dataset_A/sig10_15_25/srs_194.txt,srs_194.txt,1,5,3,22
data/SRS/Dataset_A/sig10_15_25/srs_194.txt,srs_194.txt,1,10,0,22
data/SRS/Dataset_A/sig10_15_25/srs_194.txt,srs_194.txt,1,10,1,22
data/SRS/Dataset_A/sig10_15_25/srs_194.txt,srs_194.txt,1,10,2,22
data/SRS/Dataset_A/sig10_15_25/srs_194.txt,srs_194.txt,1,10,3,22
data/SRS/Dataset_A/sig10_15_25/srs_195.txt,srs_195.txt,0,1,1,19
data/SRS/Dataset_A/sig10_15_25/srs_195.txt,srs_195.txt,0,1,2,19
data/SRS/Dataset_A/sig10_15_25/srs_195.txt,srs_195.txt,0,1,3,19
data/SRS/Dataset_A/sig10_15_25/srs_195.txt,srs_195.txt,0,5,0,19
data/SRS/Dataset_A/sig10_15_25/srs_195.txt,srs_195.txt,0,5,1,19
data/SRS/Dataset_A/sig10_15_25/srs_195.txt,srs_195.txt,0,5,2,19
data/SRS/Dataset_A/sig10_15_25/srs_195.txt,srs_195.txt,0,5,3,19
data/SRS/Dataset_A/sig10_15_25/srs_195.txt,srs_195.txt,0,10,0,19
data/SRS/Dataset_A/sig10_15_25/srs_195.txt,srs_195.txt,0,10,1,19
data/SRS/Dataset_A/sig10_15_25/srs_195.txt,srs_195.txt,0,10,2,19
data/SRS/Dataset_A/sig10_15_25/srs_195.txt,srs_195.txt,1,1,0,19
data/SRS/Dataset_A/sig10_15_25/srs_195.txt,srs_195.txt,1,1,1,19
data/SRS/Dataset_A/sig10_15_25/srs_195.txt,srs_195.txt,1,1,2,19
data/SRS/Dataset_A/sig10_15_25/srs_195.txt,srs_195.txt,1,1,3,19
data/SRS/Dataset_A/sig10_15_25/srs_195.txt,srs_195.txt,1,5,0,19
data/SRS/Dataset_A/sig10_15_25/srs_195.txt,srs_195.txt,1,5,1,19
data/SRS/Dataset_A/sig10_15_25/srs_195.txt,srs_195.txt,1,5,2,19
data/SRS/Dataset_A/sig10_15_25/srs_195.txt,srs_195.txt,1,5,3,19
data/SRS/Dataset_A/sig10_15_25/srs_195.txt,srs_195.txt,1,10,0,19
data/SRS/Dataset_A/sig10_15_25/srs_195.txt,srs_195.txt,1,10,1,19
data/SRS/Dataset_A/sig10_15_25/srs_195.txt,srs_195.txt,1,10,2,19
data/SRS/Dataset_A/sig10_15_25/srs_195.txt,srs_195.txt,1,10,3,19
data/SRS/Dataset_A/sig10_15_25/srs_196.txt,srs_196.txt,0,1,1,22
data/SRS/Dataset_A/sig10_15_25/srs_196.txt,srs_196.txt,0,1,2,22
data/SRS/Dataset_A/sig10_15_25/srs_196.txt,srs_196.txt,0,1,3,22
data/SRS/Dataset_A/sig10_15_25/srs_196.txt,srs_196.txt,0,5,0,22
data/SRS/Dataset_A/sig10_15_25/srs_196.txt,srs_196.txt,0,5,1,22
data/SRS/Dataset_A/sig10_15_25/srs_196.txt,srs_196.txt,0,5,2,22
data/SRS/Dataset_A/sig10_15_25/srs_196.txt,srs_196.txt,0,5,3,22
data/SRS/Dataset_A/sig10_15_25/srs_196.txt,srs_196.txt,0,10,0,22
data/SRS/Dataset_A/sig10_15_25/srs_196.txt,srs_196.txt,0,10,1,22
data/SRS/Dataset_A/sig10_15_25/srs_196.txt,srs_196.txt,0,10,2,22
data/SRS/Dataset_A/sig10_15_25/srs_196.txt,srs_196.txt,1,1,0,22
data/SRS/Dataset_A/sig10_15_25/srs_196.txt,srs_196.txt,1,1,1,22
data/SRS/Dataset_A/sig10_15_25/srs_196.txt,srs_196.txt,1,1,2,22
data/SRS/Dataset_A/sig10_15_25/srs_196.txt,srs_196.txt,1,1,3,22
data/SRS/Dataset_A/sig10_15_25/srs_196.txt,srs_196.txt,1,5,0,22
data/SRS/Dataset_A/sig10_15_25/srs_196.txt,srs_196.txt,1,5,1,22
data/SRS/Dataset_A/sig10_15_25/srs_196.txt,srs_196.txt,1,5,2,22
data/SRS/Dataset_A/sig10_15_25/srs_196.txt,srs_196.txt,1,5,3,22
data/SRS/Dataset_A/sig10_15_25/srs_196.txt,srs_196.txt,1,10,0,22
data/SRS/Dataset_A/sig10_15_25/srs_196.txt,srs_196.txt,1,10,1,22
data/SRS/Dataset_A/sig10_15_25/srs_196.txt,srs_196.txt,1,10,2,22
data/SRS/Dataset_A/sig10_15_25/srs_196.txt,srs_196.txt,1,10,3,22
data/SRS/Dataset_A/sig10_15_25/srs_197.txt,srs_197.txt,0,1,1,20
data/SRS/Dataset_A/sig10_15_25/srs_197.txt,srs_197.txt,0,1,2,20
data/SRS/Dataset_A/sig10_15_25/srs_197.txt,srs_197.txt,0,1,3,20
data/SRS/Dataset_A/sig10_15_25/srs_197.txt,srs_197.txt,0,5,0,20
data/SRS/Dataset_A/sig10_15_25/srs_197.txt,srs_197.txt,0,5,1,20
data/SRS/Dataset_A/sig10_15_25/srs_197.txt,srs_197.txt,0,5,2,20
data/SRS/Dataset_A/sig10_15_25/srs_197.txt,srs_197.txt,0,5,3,20
data/SRS/Dataset_A/sig10_15_25/srs_197.txt,srs_197.txt,0,10,0,20
data/SRS/Dataset_A/sig10_15_25/srs_197.txt,srs_197.txt,0,10,1,20
data/SRS/Dataset_A/sig10_15_25/srs_197.txt,srs_197.txt,0,10,2,20
data/SRS/Dataset_A/sig10_15_25/srs_197.txt,srs_197.txt,1,1,0,20
data/SRS/Dataset_A/sig10_15_25/srs_197.txt,srs_197.txt,1,1,1,20
data/SRS/Dataset_A/sig10_15_25/srs_197.txt,srs_197.txt,1,1,2,20
data/SRS/Dataset_A/sig10_15_25/srs_197.txt,srs_197.txt,1,1,3,20
data/SRS/Dataset_A/sig10_15_25/srs_197.txt,srs_197.txt,1,5,0,20
data/SRS/Dataset_A/sig10_15_25/srs_197.txt,srs_197.txt,1,5,1,20
data/SRS/Dataset_A/sig10_15_25/srs_197.txt,srs_197.txt,1,5,2,20
data/SRS/Dataset_A/sig10_15_25/srs_197.txt,srs_197.txt,1,5,3,20
data/SRS/Dataset_A/sig10_15_25/srs_197.txt,srs_197.txt,1,10,0,20
data/SRS/Dataset_A/sig10_15_25/srs_197.txt,srs_197.txt,1,10,1,20
data/SRS/Dataset_A/sig10_15_25/srs_197.txt,srs_197.txt,1,10,2,20
data/SRS/Dataset_A/sig10_15_25/srs_197.txt,srs_197.txt,1,10,3,20
data/SRS/Dataset_A/sig10_15_25/srs_198.txt,srs_198.txt,0,1,1,20
data/SRS/Dataset_A/sig10_15_25/srs_198.txt,srs_198.txt,0,1,2,20
data/SRS/Dataset_A/sig10_15_25/srs_198.txt,srs_198.txt,0,1,3,20
data/SRS/Dataset_A/sig10_15_25/srs_198.txt,srs_198.txt,0,5,0,20
data/SRS/Dataset_A/sig10_15_25/srs_198.txt,srs_198.txt,0,5,1,20
data/SRS/Dataset_A/sig10_15_25/srs_198.txt,srs_198.txt,0,5,2,20
data/SRS/Dataset_A/sig10_15_25/srs_198.txt,srs_198.txt,0,5,3,20
data/SRS/Dataset_A/sig10_15_25/srs_198.txt,srs_198.txt,0,10,0,20
data/SRS/Dataset_A/sig10_15_25/srs_198.txt,srs_198.txt,0,10,1,20
data/SRS/Dataset_A/sig10_15_25/srs_198.txt,srs_198.txt,0,10,2,20
data/SRS/Dataset_A/sig10_15_25/srs_198.txt,srs_198.txt,1,1,0,20
data/SRS/Dataset_A/sig10_15_25/srs_198.txt,srs_198.txt,1,1,1,20
data/SRS/Dataset_A/sig10_15_25/srs_198.txt,srs_198.txt,1,1,2,20
data/SRS/Dataset_A/sig10_15_25/srs_198.txt,srs_198.txt,1,1,3,20
data/SRS/Dataset_A/sig10_15_25/srs_198.txt,srs_198.txt,1,5,0,20
data/SRS/Dataset_A/sig10_15_25/srs_198.txt,srs_198.txt,1,5,1,20
data/SRS/Dataset_A/sig10_15_25/srs_198.txt,srs_198.txt,1,5,2,20
data/SRS/Dataset_A/sig10_15_25/srs_198.txt,srs_198.txt,1,5,3,20
data/SRS/Dataset_A/sig10_15_25/srs_198.txt,srs_198.txt,1,10,0,20
data/SRS/Dataset_A/sig10_15_25/srs_198.txt,srs_198.txt,1,10,1,20
data/SRS/Dataset_A/sig10_15_25/srs_198.txt,srs_198.txt,1,10,2,20
data/SRS/Dataset_A/sig10_15_25/srs_198.txt,srs_198.txt,1,10,3,20
data/SRS/Dataset_A/sig10_15_25/srs_199.txt,srs_199.txt,0,1,1,16
data/SRS/Dataset_A/sig10_15_25/srs_199.txt,srs_199.txt,0,1,2,16
data/SRS/Dataset_A/sig10_15_25/srs_199.txt,srs_199.txt,0,1,3,16
data/SRS/Dataset_A/sig10_15_25/srs_199.txt,srs_199.txt,0,5,0,16
data/SRS/Dataset_A/sig10_15_25/srs_199.txt,srs_199.txt,0,5,1,16
data/SRS/Dataset_A/sig10_15_25/srs_199.txt,srs_199.txt,0,5,2,16
data/SRS/Dataset_A/sig10_15_25/srs_199.txt,srs_199.txt,0,5,3,16
data/SRS/Dataset_A/sig10_15_25/srs_199.txt,srs_199.txt,0,10,0,16
data/SRS/Dataset_A/sig10_15_25/srs_199.txt,srs_199.txt,0,10,1,16
data/SRS/Dataset_A/sig10_15_25/srs_199.txt,srs_199.txt,0,10,2,16
data/SRS/Dataset_A/sig10_15_25/srs_199.txt,srs_199.txt,1,1,0,16
data/SRS/Dataset_A/sig10_15_25/srs_199.txt,srs_199.txt,1,1,1,16
data/SRS/Dataset_A/sig10_15_25/srs_199.txt,srs_199.txt,1,1,2,16
data/SRS/Dataset_A/sig10_15_25/srs_199.txt,srs_199.txt,1,1,3,16
data/SRS/Dataset_A/sig10_15_25/srs_199.txt,srs_199.txt,1,5,0,16
data/SRS/Dataset_A/sig10_15_25/srs_199.txt,srs_199.txt,1,5,1,16
data/SRS/Dataset_A/sig10_15_25/srs_199.txt,srs_199.txt,1,5,2,16
data/SRS/Dataset_A/sig10_15_25/srs_199.txt,srs_199.txt,1,5,3,16
data/SRS/Dataset_A/sig10_15_25/srs_199.txt,srs_199.txt,1,10,0,16
data/SRS/Dataset_A/sig10_15_25/srs_199.txt,srs_199.txt,1,10,1,16
data/SRS/Dataset_A/sig10_15_25/srs_199.txt,srs_199.txt,1,10,2,16
data/SRS/Dataset_A/sig10_15_25/srs_199.txt,srs_199.txt,1,10,3,16
data/SRS/Dataset_A/sig10_15_25/srs_2.txt,srs_2.txt,0,1,1,21
data/SRS/Dataset_A/sig10_15_25/srs_2.txt,srs_2.txt,0,1,2,21
data/SRS/Dataset_A/sig10_15_25/srs_2.txt,srs_2.txt,0,1,3,21
data/SRS/Dataset_A/sig10_15_25/srs_2.txt,srs_2.txt,0,5,0,21
data/SRS/Dataset_A/sig10_15_25/srs_2.txt,srs_2.txt,0,5,1,21
data/SRS/Dataset_A/sig10_15_25/srs_2.txt,srs_2.txt,0,5,2,21
data/SRS/Dataset_A/sig10_15_25/srs_2.txt,srs_2.txt,0,5,3,21
data/SRS/Dataset_A/sig10_15_25/srs_2.txt,srs_2.txt,0,10,0,21
data/SRS/Dataset_A/sig10_15_25/srs_2.txt,srs_2.txt,0,10,1,21
data/SRS/Dataset_A/sig10_15_25/srs_2.txt,srs_2.txt,0,10,2,21
data/SRS/Dataset_A/sig10_15_25/srs_2.txt,srs_2.txt,1,1,0,21
data/SRS/Dataset_A/sig10_15_25/srs_2.txt,srs_2.txt,1,1,1,21
data/SRS/Dataset_A/sig10_15_25/srs_2.txt,srs_2.txt,1,1,2,21
data/SRS/Dataset_A/sig10_15_25/srs_2.txt,srs_2.txt,1,1,3,21
data/SRS/Dataset_A/sig10_15_25/srs_2.txt,srs_2.txt,1,5,0,21
data/SRS/Dataset_A/sig10_15_25/srs_2.txt,srs_2.txt,1,5,1,21
data/SRS/Dataset_A/sig10_15_25/srs_2.txt,srs_2.txt,1,5,2,21
data/SRS/Dataset_A/sig10_15_25/srs_2.txt,srs_2.txt,1,5,3,21
data/SRS/Dataset_A/sig10_15_25/srs_2.txt,srs_2.txt,1,10,0,21
data/SRS/Dataset_A/sig10_15_25/srs_2.txt,srs_2.txt,1,10,1,21
data/SRS/Dataset_A/sig10_15_25/srs_2.txt,srs_2.txt,1,10,2,21
data/SRS/Dataset_A/sig10_15_25/srs_2.txt,srs_2.txt,1,10,3,21
data/SRS/Dataset_A/sig10_15_25/srs_20.txt,srs_20.txt,0,1,1,24
data/SRS/Dataset_A/sig10_15_25/srs_20.txt,srs_20.txt,0,1,2,24
data/SRS/Dataset_A/sig10_15_25/srs_20.txt,srs_20.txt,0,1,3,24
data/SRS/Dataset_A/sig10_15_25/srs_20.txt,srs_20.txt,0,5,0,24
data/SRS/Dataset_A/sig10_15_25/srs_20.txt,srs_20.txt,0,5,1,24
data/SRS/Dataset_A/sig10_15_25/srs_20.txt,srs_20.txt,0,5,2,24
data/SRS/Dataset_A/sig10_15_25/srs_20.txt,srs_20.txt,0,5,3,24
data/SRS/Dataset_A/sig10_15_25/srs_20.txt,srs_20.txt,0,10,0,24
data/SRS/Dataset_A/sig10_15_25/srs_20.txt,srs_20.txt,0,10,1,24
data/SRS/Dataset_A/sig10_15_25/srs_20.txt,srs_20.txt,0,10,2,24
data/SRS/Dataset_A/sig10_15_25/srs_20.txt,srs_20.txt,1,1,0,24
data/SRS/Dataset_A/sig10_15_25/srs_20.txt,srs_20.txt,1,1,1,24
data/SRS/Dataset_A/sig10_15_25/srs_20.txt,srs_20.txt,1,1,2,24
data/SRS/Dataset_A/sig10_15_25/srs_20.txt,srs_20.txt,1,1,3,24
data/SRS/Dataset_A/sig10_15_25/srs_20.txt,srs_20.txt,1,5,0,24
data/SRS/Dataset_A/sig10_15_25/srs_20.txt,srs_20.txt,1,5,1,24
data/SRS/Dataset_A/sig10_15_25/srs_20.txt,srs_20.txt,1,5,2,24
data/SRS/Dataset_A/sig10_15_25/srs_20.txt,srs_20.txt,1,5,3,24
data/SRS/Dataset_A/sig10_15_25/srs_20.txt,srs_20.txt,1,10,0,24
data/SRS/Dataset_A/sig10_15_25/srs_20.txt,srs_20.txt,1,10,1,24
data/SRS/Dataset_A/sig10_15_25/srs_20.txt,srs_20.txt,1,10,2,24
data/SRS/Dataset_A/sig10_15_25/srs_20.txt,srs_20.txt,1,10,3,24
data/SRS/Dataset_A/sig10_15_25/srs_21.txt,srs_21.txt,0,1,1,19
data/SRS/Dataset_A/sig10_15_25/srs_21.txt,srs_21.txt,0,1,2,19
data/SRS/Dataset_A/sig10_15_25/srs_21.txt,srs_21.txt,0,1,3,19
data/SRS/Dataset_A/sig10_15_25/srs_21.txt,srs_21.txt,0,5,0,19
data/SRS/Dataset_A/sig10_15_25/srs_21.txt,srs_21.txt,0,5,1,19
data/SRS/Dataset_A/sig10_15_25/srs_21.txt,srs_21.txt,0,5,2,19
data/SRS/Dataset_A/sig10_15_25/srs_21.txt,srs_21.txt,0,5,3,19
data/SRS/Dataset_A/sig10_15_25/srs_21.txt,srs_21.txt,0,10,0,19
data/SRS/Dataset_A/sig10_15_25/srs_21.txt,srs_21.txt,0,10,1,19
data/SRS/Dataset_A/sig10_15_25/srs_21.txt,srs_21.txt,0,10,2,19
data/SRS/Dataset_A/sig10_15_25/srs_21.txt,srs_21.txt,1,1,0,19
data/SRS/Dataset_A/sig10_15_25/srs_21.txt,srs_21.txt,1,1,1,19
data/SRS/Dataset_A/sig10_15_25/srs_21.txt,srs_21.txt,1,1,2,19
data/SRS/Dataset_A/sig10_15_25/srs_21.txt,srs_21.txt,1,1,3,19
data/SRS/Dataset_A/sig10_15_25/srs_21.txt,srs_21.txt,1,5,0,19
data/SRS/Dataset_A/sig10_15_25/srs_21.txt,srs_21.txt,1,5,1,19
data/SRS/Dataset_A/sig10_15_25/srs_21.txt,srs_21.txt,1,5,2,19
data/SRS/Dataset_A/sig10_15_25/srs_21.txt,srs_21.txt,1,5,3,19
data/SRS/Dataset_A/sig10_15_25/srs_21.txt,srs_21.txt,1,10,0,19
data/SRS/Dataset_A/sig10_15_25/srs_21.txt,srs_21.txt,1,10,1,19
data/SRS/Dataset_A/sig10_15_25/srs_21.txt,srs_21.txt,1,10,2,19
data/SRS/Dataset_A/sig10_15_25/srs_21.txt,srs_21.txt,1,10,3,19
data/SRS/Dataset_A/sig10_15_25/srs_22.txt,srs_22.txt,0,1,1,25
data/SRS/Dataset_A/sig10_15_25/srs_22.txt,srs_22.txt,0,1,2,25
data/SRS/Dataset_A/sig10_15_25/srs_22.txt,srs_22.txt,0,1,3,25
data/SRS/Dataset_A/sig10_15_25/srs_22.txt,srs_22.txt,0,5,0,25
data/SRS/Dataset_A/sig10_15_25/srs_22.txt,srs_22.txt,0,5,1,25
data/SRS/Dataset_A/sig10_15_25/srs_22.txt,srs_22.txt,0,5,2,25
data/SRS/Dataset_A/sig10_15_25/srs_22.txt,srs_22.txt,0,5,3,25
data/SRS/Dataset_A/sig10_15_25/srs_22.txt,srs_22.txt,0,10,0,25
data/SRS/Dataset_A/sig10_15_25/srs_22.txt,srs_22.txt,0,10,1,25
data/SRS/Dataset_A/sig10_15_25/srs_22.txt,srs_22.txt,0,10,2,25
data/SRS/Dataset_A/sig10_15_25/srs_22.txt,srs_22.txt,1,1,0,25
data/SRS/Dataset_A/sig10_15_25/srs_22.txt,srs_22.txt,1,1,1,25
data/SRS/Dataset_A/sig10_15_25/srs_22.txt,srs_22.txt,1,1,2,25
data/SRS/Dataset_A/sig10_15_25/srs_22.txt,srs_22.txt,1,1,3,25
data/SRS/Dataset_A/sig10_15_25/srs_22.txt,srs_22.txt,1,5,0,25
data/SRS/Dataset_A/sig10_15_25/srs_22.txt,srs_22.txt,1,5,1,25
data/SRS/Dataset_A/sig10_15_25/srs_22.txt,srs_22.txt,1,5,2,25
data/SRS/Dataset_A/sig10_15_25/srs_22.txt,srs_22.txt,1,5,3,25
data/SRS/Dataset_A/sig10_15_25/srs_22.txt,srs_22.txt,1,10,0,25
data/SRS/Dataset_A/sig10_15_25/srs_22.txt,srs_22.txt,1,10,1,25
data/SRS/Dataset_A/sig10_15_25/srs_22.txt,srs_22.txt,1,10,2,25
data/SRS/Dataset_A/sig10_15_25/srs_22.txt,srs_22.txt,1,10,3,25
data/SRS/Dataset_A/sig10_15_25/srs_23.txt,srs_23.txt,0,1,1,19
data/SRS/Dataset_A/sig10_15_25/srs_23.txt,srs_23.txt,0,1,2,19
data/SRS/Dataset_A/sig10_15_25/srs_23.txt,srs_23.txt,0,1,3,19
data/SRS/Dataset_A/sig10_15_25/srs_23.txt,srs_23.txt,0,5,0,19
data/SRS/Dataset_A/sig10_15_25/srs_23.txt,srs_23.txt,0,5,1,19
data/SRS/Dataset_A/sig10_15_25/srs_23.txt,srs_23.txt,0,5,2,19
data/SRS/Dataset_A/sig10_15_25/srs_23.txt,srs_23.txt,0,5,3,19
data/SRS/Dataset_A/sig10_15_25/srs_23.txt,srs_23.txt,0,10,0,19
data/SRS/Dataset_A/sig10_15_25/srs_23.txt,srs_23.txt,0,10,1,19
data/SRS/Dataset_A/sig10_15_25/srs_23.txt,srs_23.txt,0,10,2,19
data/SRS/Dataset_A/sig10_15_25/srs_23.txt,srs_23.txt,1,1,0,19
data/SRS/Dataset_A/sig10_15_25/srs_23.txt,srs_23.txt,1,1,1,19
data/SRS/Dataset_A/sig10_15_25/srs_23.txt,srs_23.txt,1,1,2,19
data/SRS/Dataset_A/sig10_15_25/srs_23.txt,srs_23.txt,1,1,3,19
data/SRS/Dataset_A/sig10_15_25/srs_23.txt,srs_23.txt,1,5,0,19
data/SRS/Dataset_A/sig10_15_25/srs_23.txt,srs_23.txt,1,5,1,19
data/SRS/Dataset_A/sig10_15_25/srs_23.txt,srs_23.txt,1,5,2,19
data/SRS/Dataset_A/sig10_15_25/srs_23.txt,srs_23.txt,1,5,3,19
data/SRS/Dataset_A/sig10_15_25/srs_23.txt,srs_23.txt,1,10,0,19
data/SRS/Dataset_A/sig10_15_25/srs_23.txt,srs_23.txt,1,10,1,19
data/SRS/Dataset_A/sig10_15_25/srs_23.txt,srs_23.txt,1,10,2,19
data/SRS/Dataset_A/sig10_15_25/srs_23.txt,srs_23.txt,1,10,3,19
data/SRS/Dataset_A/sig10_15_25/srs_24.txt,srs_24.txt,0,1,1,19
data/SRS/Dataset_A/sig10_15_25/srs_24.txt,srs_24.txt,0,1,2,19
data/SRS/Dataset_A/sig10_15_25/srs_24.txt,srs_24.txt,0,1,3,19
data/SRS/Dataset_A/sig10_15_25/srs_24.txt,srs_24.txt,0,5,0,19
data/SRS/Dataset_A/sig10_15_25/srs_24.txt,srs_24.txt,0,5,1,19
data/SRS/Dataset_A/sig10_15_25/srs_24.txt,srs_24.txt,0,5,2,19
data/SRS/Dataset_A/sig10_15_25/srs_24.txt,srs_24.txt,0,5,3,19
data/SRS/Dataset_A/sig10_15_25/srs_24.txt,srs_24.txt,0,10,0,19
data/SRS/Dataset_A/sig10_15_25/srs_24.txt,srs_24.txt,0,10,1,19
data/SRS/Dataset_A/sig10_15_25/srs_24.txt,srs_24.txt,0,10,2,19
data/SRS/Dataset_A/sig10_15_25/srs_24.txt,srs_24.txt,1,1,0,19
data/SRS/Dataset_A/sig10_15_25/srs_24.txt,srs_24.txt,1,1,1,19
data/SRS/Dataset_A/sig10_15_25/srs_24.txt,srs_24.txt,1,1,2,19
data/SRS/Dataset_A/sig10_15_25/srs_24.txt,srs_24.txt,1,1,3,19
data/SRS/Dataset_A/sig10_15_25/srs_24.txt,srs_24.txt,1,5,0,19
data/SRS/Dataset_A/sig10_15_25/srs_24.txt,srs_24.txt,1,5,1,19
data/SRS/Dataset_A/sig10_15_25/srs_24.txt,srs_24.txt,1,5,2,19
data/SRS/Dataset_A/sig10_15_25/srs_24.txt,srs_24.txt,1,5,3,19
data/SRS/Dataset_A/sig10_15_25/srs_24.txt,srs_24.txt,1,10,0,19
data/SRS/Dataset_A/sig10_15_25/srs_24.txt,srs_24.txt,1,10,1,19
data/SRS/Dataset_A/sig10_15_25/srs_24.txt,srs_24.txt,1,10,2,19
data/SRS/Dataset_A/sig10_15_25/srs_24.txt,srs_24.txt,1,10,3,19
data/SRS/Dataset_A/sig10_15_25/srs_25.txt,srs_25.txt,0,1,1,21
data/SRS/Dataset_A/sig10_15_25/srs_25.txt,srs_25.txt,0,1,2,21
data/SRS/Dataset_A/sig10_15_25/srs_25.txt,srs_25.txt,0,1,3,21
data/SRS/Dataset_A/sig10_15_25/srs_25.txt,srs_25.txt,0,5,0,21
data/SRS/Dataset_A/sig10_15_25/srs_25.txt,srs_25.txt,0,5,1,21
data/SRS/Dataset_A/sig10_15_25/srs_25.txt,srs_25.txt,0,5,2,21
data/SRS/Dataset_A/sig10_15_25/srs_25.txt,srs_25.txt,0,5,3,21
data/SRS/Dataset_A/sig10_15_25/srs_25.txt,srs_25.txt,0,10,0,21
data/SRS/Dataset_A/sig10_15_25/srs_25.txt,srs_25.txt,0,10,1,21
data/SRS/Dataset_A/sig10_15_25/srs_25.txt,srs_25.txt,0,10,2,21
data/SRS/Dataset_A/sig10_15_25/srs_25.txt,srs_25.txt,1,1,0,21
data/SRS/Dataset_A/sig10_15_25/srs_25.txt,srs_25.txt,1,1,1,21
data/SRS/Dataset_A/sig10_15_25/srs_25.txt,srs_25.txt,1,1,2,21
data/SRS/Dataset_A/sig10_15_25/srs_25.txt,srs_25.txt,1,1,3,21
data/SRS/Dataset_A/sig10_15_25/srs_25.txt,srs_25.txt,1,5,0,21
data/SRS/Dataset_A/sig10_15_25/srs_25.txt,srs_25.txt,1,5,1,21
data/SRS/Dataset_A/sig10_15_25/srs_25.txt,srs_25.txt,1,5,2,21
data/SRS/Dataset_A/sig10_15_25/srs_25.txt,srs_25.txt,1,5,3,21
data/SRS/Dataset_A/sig10_15_25/srs_25.txt,srs_25.txt,1,10,0,21
data/SRS/Dataset_A/sig10_15_25/srs_25.txt,srs_25.txt,1,10,1,21
data/SRS/Dataset_A/sig10_15_25/srs_25.txt,srs_25.txt,1,10,2,21
data/SRS/Dataset_A/sig10_15_25/srs_25.txt,srs_25.txt,1,10,3,21
data/SRS/Dataset_A/sig10_15_25/srs_26.txt,srs_26.txt,0,1,1,24
data/SRS/Dataset_A/sig10_15_25/srs_26.txt,srs_26.txt,0,1,2,24
data/SRS/Dataset_A/sig10_15_25/srs_26.txt,srs_26.txt,0,1,3,24
data/SRS/Dataset_A/sig10_15_25/srs_26.txt,srs_26.txt,0,5,0,24
data/SRS/Dataset_A/sig10_15_25/srs_26.txt,srs_26.txt,0,5,1,24
data/SRS/Dataset_A/sig10_15_25/srs_26.txt,srs_26.txt,0,5,2,24
data/SRS/Dataset_A/sig10_15_25/srs_26.txt,srs_26.txt,0,5,3,24
data/SRS/Dataset_A/sig10_15_25/srs_26.txt,srs_26.txt,0,10,0,24
data/SRS/Dataset_A/sig10_15_25/srs_26.txt,srs_26.txt,0,10,1,24
data/SRS/Dataset_A/sig10_15_25/srs_26.txt,srs_26.txt,0,10,2,24
data/SRS/Dataset_A/sig10_15_25/srs_26.txt,srs_26.txt,1,1,0,24
data/SRS/Dataset_A/sig10_15_25/srs_26.txt,srs_26.txt,1,1,1,24
data/SRS/Dataset_A/sig10_15_25/srs_26.txt,srs_26.txt,1,1,2,24
data/SRS/Dataset_A/sig10_15_25/srs_26.txt,srs_26.txt,1,1,3,24
data/SRS/Dataset_A/sig10_15_25/srs_26.txt,srs_26.txt,1,5,0,24
data/SRS/Dataset_A/sig10_15_25/srs_26.txt,srs_26.txt,1,5,1,24
data/SRS/Dataset_A/sig10_15_25/srs_26.txt,srs_26.txt,1,5,2,24
data/SRS/Dataset_A/sig10_15_25/srs_26.txt,srs_26.txt,1,5,3,24
data/SRS/Dataset_A/sig10_15_25/srs_26.txt,srs_26.txt,1,10,0,24
data/SRS/Dataset_A/sig10_15_25/srs_26.txt,srs_26.txt,1,10,1,24
data/SRS/Dataset_A/sig10_15_25/srs_26.txt,srs_26.txt,1,10,2,24
data/SRS/Dataset_A/sig10_15_25/srs_26.txt,srs_26.txt,1,10,3,24
data/SRS/Dataset_A/sig10_15_25/srs_27.txt,srs_27.txt,0,1,1,17
data/SRS/Dataset_A/sig10_15_25/srs_27.txt,srs_27.txt,0,1,2,17
data/SRS/Dataset_A/sig10_15_25/srs_27.txt,srs_27.txt,0,1,3,17
data/SRS/Dataset_A/sig10_15_25/srs_27.txt,srs_27.txt,0,5,0,17
data/SRS/Dataset_A/sig10_15_25/srs_27.txt,srs_27.txt,0,5,1,17
data/SRS/Dataset_A/sig10_15_25/srs_27.txt,srs_27.txt,0,5,2,17
data/SRS/Dataset_A/sig10_15_25/srs_27.txt,srs_27.txt,0,5,3,17
data/SRS/Dataset_A/sig10_15_25/srs_27.txt,srs_27.txt,0,10,0,17
data/SRS/Dataset_A/sig10_15_25/srs_27.txt,srs_27.txt,0,10,1,17
data/SRS/Dataset_A/sig10_15_25/srs_27.txt,srs_27.txt,0,10,2,17
data/SRS/Dataset_A/sig10_15_25/srs_27.txt,srs_27.txt,1,1,0,17
data/SRS/Dataset_A/sig10_15_25/srs_27.txt,srs_27.txt,1,1,1,17
data/SRS/Dataset_A/sig10_15_25/srs_27.txt,srs_27.txt,1,1,2,17
data/SRS/Dataset_A/sig10_15_25/srs_27.txt,srs_27.txt,1,1,3,17
data/SRS/Dataset_A/sig10_15_25/srs_27.txt,srs_27.txt,1,5,0,17
data/SRS/Dataset_A/sig10_15_25/srs_27.txt,srs_27.txt,1,5,1,17
data/SRS/Dataset_A/sig10_15_25/srs_27.txt,srs_27.txt,1,5,2,17
data/SRS/Dataset_A/sig10_15_25/srs_27.txt,srs_27.txt,1,5,3,17
data/SRS/Dataset_A/sig10_15_25/srs_27.txt,srs_27.txt,1,10,0,17
data/SRS/Dataset_A/sig10_15_25/srs_27.txt,srs_27.txt,1,10,1,17
data/SRS/Dataset_A/sig10_15_25/srs_27.txt,srs_27.txt,1,10,2,17
data/SRS/Dataset_A/sig10_15_25/srs_27.txt,srs_27.txt,1,10,3,17
data/SRS/Dataset_A/sig10_15_25/srs_28.txt,srs_28.txt,0,1,1,18
data/SRS/Dataset_A/sig10_15_25/srs_28.txt,srs_28.txt,0,1,2,18
data/SRS/Dataset_A/sig10_15_25/srs_28.txt,srs_28.txt,0,1,3,18
data/SRS/Dataset_A/sig10_15_25/srs_28.txt,srs_28.txt,0,5,0,18
data/SRS/Dataset_A/sig10_15_25/srs_28.txt,srs_28.txt,0,5,1,18
data/SRS/Dataset_A/sig10_15_25/srs_28.txt,srs_28.txt,0,5,2,18
data/SRS/Dataset_A/sig10_15_25/srs_28.txt,srs_28.txt,0,5,3,18
data/SRS/Dataset_A/sig10_15_25/srs_28.txt,srs_28.txt,0,10,0,18
data/SRS/Dataset_A/sig10_15_25/srs_28.txt,srs_28.txt,0,10,1,18
data/SRS/Dataset_A/sig10_15_25/srs_28.txt,srs_28.txt,0,10,2,18
data/SRS/Dataset_A/sig10_15_25/srs_28.txt,srs_28.txt,1,1,0,18
data/SRS/Dataset_A/sig10_15_25/srs_28.txt,srs_28.txt,1,1,1,18
data/SRS/Dataset_A/sig10_15_25/srs_28.txt,srs_28.txt,1,1,2,18
data/SRS/Dataset_A/sig10_15_25/srs_28.txt,srs_28.txt,1,1,3,18
data/SRS/Dataset_A/sig10_15_25/srs_28.txt,srs_28.txt,1,5,0,18
data/SRS/Dataset_A/sig10_15_25/srs_28.txt,srs_28.txt,1,5,1,18
data/SRS/Dataset_A/sig10_15_25/srs_28.txt,srs_28.txt,1,5,2,18
data/SRS/Dataset_A/sig10_15_25/srs_28.txt,srs_28.txt,1,5,3,18
data/SRS/Dataset_A/sig10_15_25/srs_28.txt,srs_28.txt,1,10,0,18
data/SRS/Dataset_A/sig10_15_25/srs_28.txt,srs_28.txt,1,10,1,18
data/SRS/Dataset_A/sig10_15_25/srs_28.txt,srs_28.txt,1,10,2,18
data/SRS/Dataset_A/sig10_15_25/srs_28.txt,srs_28.txt,1,10,3,18
data/SRS/Dataset_A/sig10_15_25/srs_29.txt,srs_29.txt,0,1,1,21
data/SRS/Dataset_A/sig10_15_25/srs_29.txt,srs_29.txt,0,1,2,21
data/SRS/Dataset_A/sig10_15_25/srs_29.txt,srs_29.txt,0,1,3,21
data/SRS/Dataset_A/sig10_15_25/srs_29.txt,srs_29.txt,0,5,0,21
data/SRS/Dataset_A/sig10_15_25/srs_29.txt,srs_29.txt,0,5,1,21
data/SRS/Dataset_A/sig10_15_25/srs_29.txt,srs_29.txt,0,5,2,21
data/SRS/Dataset_A/sig10_15_25/srs_29.txt,srs_29.txt,0,5,3,21
data/SRS/Dataset_A/sig10_15_25/srs_29.txt,srs_29.txt,0,10,0,21
data/SRS/Dataset_A/sig10_15_25/srs_29.txt,srs_29.txt,0,10,1,21
data/SRS/Dataset_A/sig10_15_25/srs_29.txt,srs_29.txt,0,10,2,21
data/SRS/Dataset_A/sig10_15_25/srs_29.txt,srs_29.txt,1,1,0,21
data/SRS/Dataset_A/sig10_15_25/srs_29.txt,srs_29.txt,1,1,1,21
data/SRS/Dataset_A/sig10_15_25/srs_29.txt,srs_29.txt,1,1,2,21
data/SRS/Dataset_A/sig10_15_25/srs_29.txt,srs_29.txt,1,1,3,21
data/SRS/Dataset_A/sig10_15_25/srs_29.txt,srs_29.txt,1,5,0,21
data/SRS/Dataset_A/sig10_15_25/srs_29.txt,srs_29.txt,1,5,1,21
data/SRS/Dataset_A/sig10_15_25/srs_29.txt,srs_29.txt,1,5,2,21
data/SRS/Dataset_A/sig10_15_25/srs_29.txt,srs_29.txt,1,5,3,21
data/SRS/Dataset_A/sig10_15_25/srs_29.txt,srs_29.txt,1,10,0,21
data/SRS/Dataset_A/sig10_15_25/srs_29.txt,srs_29.txt,1,10,1,21
data/SRS/Dataset_A/sig10_15_25/srs_29.txt,srs_29.txt,1,10,2,21
data/SRS/Dataset_A/sig10_15_25/srs_29.txt,srs_29.txt,1,10,3,21
data/SRS/Dataset_A/sig10_15_25/srs_3.txt,srs_3.txt,0,1,1,24
data/SRS/Dataset_A/sig10_15_25/srs_3.txt,srs_3.txt,0,1,2,24
data/SRS/Dataset_A/sig10_15_25/srs_3.txt,srs_3.txt,0,1,3,24
data/SRS/Dataset_A/sig10_15_25/srs_3.txt,srs_3.txt,0,5,0,24
data/SRS/Dataset_A/sig10_15_25/srs_3.txt,srs_3.txt,0,5,1,24
data/SRS/Dataset_A/sig10_15_25/srs_3.txt,srs_3.txt,0,5,2,24
data/SRS/Dataset_A/sig10_15_25/srs_3.txt,srs_3.txt,0,5,3,24
data/SRS/Dataset_A/sig10_15_25/srs_3.txt,srs_3.txt,0,10,0,24
data/SRS/Dataset_A/sig10_15_25/srs_3.txt,srs_3.txt,0,10,1,24
data/SRS/Dataset_A/sig10_15_25/srs_3.txt,srs_3.txt,0,10,2,24
data/SRS/Dataset_A/sig10_15_25/srs_3.txt,srs_3.txt,1,1,0,24
data/SRS/Dataset_A/sig10_15_25/srs_3.txt,srs_3.txt,1,1,1,24
data/SRS/Dataset_A/sig10_15_25/srs_3.txt,srs_3.txt,1,1,2,24
data/SRS/Dataset_A/sig10_15_25/srs_3.txt,srs_3.txt,1,1,3,24
data/SRS/Dataset_A/sig10_15_25/srs_3.txt,srs_3.txt,1,5,0,24
data/SRS/Dataset_A/sig10_15_25/srs_3.txt,srs_3.txt,1,5,1,24
data/SRS/Dataset_A/sig10_15_25/srs_3.txt,srs_3.txt,1,5,2,24
data/SRS/Dataset_A/sig10_15_25/srs_3.txt,srs_3.txt,1,5,3,24
data/SRS/Dataset_A/sig10_15_25/srs_3.txt,srs_3.txt,1,10,0,24
data/SRS/Dataset_A/sig10_15_25/srs_3.txt,srs_3.txt,1,10,1,24
data/SRS/Dataset_A/sig10_15_25/srs_3.txt,srs_3.txt,1,10,2,24
data/SRS/Dataset_A/sig10_15_25/srs_3.txt,srs_3.txt,1,10,3,24
data/SRS/Dataset_A/sig10_15_25/srs_30.txt,srs_30.txt,0,1,1,23
data/SRS/Dataset_A/sig10_15_25/srs_30.txt,srs_30.txt,0,1,2,23
data/SRS/Dataset_A/sig10_15_25/srs_30.txt,srs_30.txt,0,1,3,23
data/SRS/Dataset_A/sig10_15_25/srs_30.txt,srs_30.txt,0,5,0,23
data/SRS/Dataset_A/sig10_15_25/srs_30.txt,srs_30.txt,0,5,1,23
data/SRS/Dataset_A/sig10_15_25/srs_30.txt,srs_30.txt,0,5,2,23
data/SRS/Dataset_A/sig10_15_25/srs_30.txt,srs_30.txt,0,5,3,23
data/SRS/Dataset_A/sig10_15_25/srs_30.txt,srs_30.txt,0,10,0,23
data/SRS/Dataset_A/sig10_15_25/srs_30.txt,srs_30.txt,0,10,1,23
data/SRS/Dataset_A/sig10_15_25/srs_30.txt,srs_30.txt,0,10,2,23
data/SRS/Dataset_A/sig10_15_25/srs_30.txt,srs_30.txt,1,1,0,23
data/SRS/Dataset_A/sig10_15_25/srs_30.txt,srs_30.txt,1,1,1,23
data/SRS/Dataset_A/sig10_15_25/srs_30.txt,srs_30.txt,1,1,2,23
data/SRS/Dataset_A/sig10_15_25/srs_30.txt,srs_30.txt,1,1,3,23
data/SRS/Dataset_A/sig10_15_25/srs_30.txt,srs_30.txt,1,5,0,23
data/SRS/Dataset_A/sig10_15_25/srs_30.txt,srs_30.txt,1,5,1,23
data/SRS/Dataset_A/sig10_15_25/srs_30.txt,srs_30.txt,1,5,2,23
data/SRS/Dataset_A/sig10_15_25/srs_30.txt,srs_30.txt,1,5,3,23
data/SRS/Dataset_A/sig10_15_25/srs_30.txt,srs_30.txt,1,10,0,23
data/SRS/Dataset_A/sig10_15_25/srs_30.txt,srs_30.txt,1,10,1,23
data/SRS/Dataset_A/sig10_15_25/srs_30.txt,srs_30.txt,1,10,2,23
data/SRS/Dataset_A/sig10_15_25/srs_30.txt,srs_30.txt,1,10,3,23
data/SRS/Dataset_A/sig10_15_25/srs_31.txt,srs_31.txt,0,1,1,22
data/SRS/Dataset_A/sig10_15_25/srs_31.txt,srs_31.txt,0,1,2,22
data/SRS/Dataset_A/sig10_15_25/srs_31.txt,srs_31.txt,0,1,3,22
data/SRS/Dataset_A/sig10_15_25/srs_31.txt,srs_31.txt,0,5,0,22
data/SRS/Dataset_A/sig10_15_25/srs_31.txt,srs_31.txt,0,5,1,22
data/SRS/Dataset_A/sig10_15_25/srs_31.txt,srs_31.txt,0,5,2,22
data/SRS/Dataset_A/sig10_15_25/srs_31.txt,srs_31.txt,0,5,3,22
data/SRS/Dataset_A/sig10_15_25/srs_31.txt,srs_31.txt,0,10,0,22
data/SRS/Dataset_A/sig10_15_25/srs_31.txt,srs_31.txt,0,10,1,22
data/SRS/Dataset_A/sig10_15_25/srs_31.txt,srs_31.txt,0,10,2,22
data/SRS/Dataset_A/sig10_15_25/srs_31.txt,srs_31.txt,1,1,0,22
data/SRS/Dataset_A/sig10_15_25/srs_31.txt,srs_31.txt,1,1,1,22
data/SRS/Dataset_A/sig10_15_25/srs_31.txt,srs_31.txt,1,1,2,22
data/SRS/Dataset_A/sig10_15_25/srs_31.txt,srs_31.txt,1,1,3,22
data/SRS/Dataset_A/sig10_15_25/srs_31.txt,srs_31.txt,1,5,0,22
data/SRS/Dataset_A/sig10_15_25/srs_31.txt,srs_31.txt,1,5,1,22
data/SRS/Dataset_A/sig10_15_25/srs_31.txt,srs_31.txt,1,5,2,22
data/SRS/Dataset_A/sig10_15_25/srs_31.txt,srs_31.txt,1,5,3,22
data/SRS/Dataset_A/sig10_15_25/srs_31.txt,srs_31.txt,1,10,0,22
data/SRS/Dataset_A/sig10_15_25/srs_31.txt,srs_31.txt,1,10,1,22
data/SRS/Dataset_A/sig10_15_25/srs_31.txt,srs_31.txt,1,10,2,22
data/SRS/Dataset_A/sig10_15_25/srs_31.txt,srs_31.txt,1,10,3,22
data/SRS/Dataset_A/sig10_15_25/srs_32.txt,srs_32.txt,0,1,1,22
data/SRS/Dataset_A/sig10_15_25/srs_32.txt,srs_32.txt,0,1,2,22
data/SRS/Dataset_A/sig10_15_25/srs_32.txt,srs_32.txt,0,1,3,22
data/SRS/Dataset_A/sig10_15_25/srs_32.txt,srs_32.txt,0,5,0,22
data/SRS/Dataset_A/sig10_15_25/srs_32.txt,srs_32.txt,0,5,1,22
data/SRS/Dataset_A/sig10_15_25/srs_32.txt,srs_32.txt,0,5,2,22
data/SRS/Dataset_A/sig10_15_25/srs_32.txt,srs_32.txt,0,5,3,22
data/SRS/Dataset_A/sig10_15_25/srs_32.txt,srs_32.txt,0,10,0,22
data/SRS/Dataset_A/sig10_15_25/srs_32.txt,srs_32.txt,0,10,1,22
data/SRS/Dataset_A/sig10_15_25/srs_32.txt,srs_32.txt,0,10,2,22
data/SRS/Dataset_A/sig10_15_25/srs_32.txt,srs_32.txt,1,1,0,22
data/SRS/Dataset_A/sig10_15_25/srs_32.txt,srs_32.txt,1,1,1,22
data/SRS/Dataset_A/sig10_15_25/srs_32.txt,srs_32.txt,1,1,2,22
data/SRS/Dataset_A/sig10_15_25/srs_32.txt,srs_32.txt,1,1,3,22
data/SRS/Dataset_A/sig10_15_25/srs_32.txt,srs_32.txt,1,5,0,22
data/SRS/Dataset_A/sig10_15_25/srs_32.txt,srs_32.txt,1,5,1,22
data/SRS/Dataset_A/sig10_15_25/srs_32.txt,srs_32.txt,1,5,2,22
data/SRS/Dataset_A/sig10_15_25/srs_32.txt,srs_32.txt,1,5,3,22
data/SRS/Dataset_A/sig10_15_25/srs_32.txt,srs_32.txt,1,10,0,22
data/SRS/Dataset_A/sig10_15_25/srs_32.txt,srs_32.txt,1,10,1,22
data/SRS/Dataset_A/sig10_15_25/srs_32.txt,srs_32.txt,1,10,2,22
data/SRS/Dataset_A/sig10_15_25/srs_32.txt,srs_32.txt,1,10,3,22
data/SRS/Dataset_A/sig10_15_25/srs_33.txt,srs_33.txt,0,1,1,15
data/SRS/Dataset_A/sig10_15_25/srs_33.txt,srs_33.txt,0,1,2,15
data/SRS/Dataset_A/sig10_15_25/srs_33.txt,srs_33.txt,0,1,3,15
data/SRS/Dataset_A/sig10_15_25/srs_33.txt,srs_33.txt,0,5,0,15
data/SRS/Dataset_A/sig10_15_25/srs_33.txt,srs_33.txt,0,5,1,15
data/SRS/Dataset_A/sig10_15_25/srs_33.txt,srs_33.txt,0,5,2,15
data/SRS/Dataset_A/sig10_15_25/srs_33.txt,srs_33.txt,0,5,3,15
data/SRS/Dataset_A/sig10_15_25/srs_33.txt,srs_33.txt,0,10,0,15
data/SRS/Dataset_A/sig10_15_25/srs_33.txt,srs_33.txt,0,10,1,15
data/SRS/Dataset_A/sig10_15_25/srs_33.txt,srs_33.txt,0,10,2,15
data/SRS/Dataset_A/sig10_15_25/srs_33.txt,srs_33.txt,1,1,0,15
data/SRS/Dataset_A/sig10_15_25/srs_33.txt,srs_33.txt,1,1,1,15
data/SRS/Dataset_A/sig10_15_25/srs_33.txt,srs_33.txt,1,1,2,15
data/SRS/Dataset_A/sig10_15_25/srs_33.txt,srs_33.txt,1,1,3,15
data/SRS/Dataset_A/sig10_15_25/srs_33.txt,srs_33.txt,1,5,0,15
data/SRS/Dataset_A/sig10_15_25/srs_33.txt,srs_33.txt,1,5,1,15
data/SRS/Dataset_A/sig10_15_25/srs_33.txt,srs_33.txt,1,5,2,15
data/SRS/Dataset_A/sig10_15_25/srs_33.txt,srs_33.txt,1,5,3,15
data/SRS/Dataset_A/sig10_15_25/srs_33.txt,srs_33.txt,1,10,0,15
data/SRS/Dataset_A/sig10_15_25/srs_33.txt,srs_33.txt,1,10,1,15
data/SRS/Dataset_A/sig10_15_25/srs_33.txt,srs_33.txt,1,10,2,15
data/SRS/Dataset_A/sig10_15_25/srs_33.txt,srs_33.txt,1,10,3,15
data/SRS/Dataset_A/sig10_15_25/srs_34.txt,srs_34.txt,0,1,1,16
data/SRS/Dataset_A/sig10_15_25/srs_34.txt,srs_34.txt,0,1,2,16
data/SRS/Dataset_A/sig10_15_25/srs_34.txt,srs_34.txt,0,1,3,16
data/SRS/Dataset_A/sig10_15_25/srs_34.txt,srs_34.txt,0,5,0,16
data/SRS/Dataset_A/sig10_15_25/srs_34.txt,srs_34.txt,0,5,1,16
data/SRS/Dataset_A/sig10_15_25/srs_34.txt,srs_34.txt,0,5,2,16
data/SRS/Dataset_A/sig10_15_25/srs_34.txt,srs_34.txt,0,5,3,16
data/SRS/Dataset_A/sig10_15_25/srs_34.txt,srs_34.txt,0,10,0,16
data/SRS/Dataset_A/sig10_15_25/srs_34.txt,srs_34.txt,0,10,1,16
data/SRS/Dataset_A/sig10_15_25/srs_34.txt,srs_34.txt,0,10,2,16
data/SRS/Dataset_A/sig10_15_25/srs_34.txt,srs_34.txt,1,1,0,16
data/SRS/Dataset_A/sig10_15_25/srs_34.txt,srs_34.txt,1,1,1,16
data/SRS/Dataset_A/sig10_15_25/srs_34.txt,srs_34.txt,1,1,2,16
data/SRS/Dataset_A/sig10_15_25/srs_34.txt,srs_34.txt,1,1,3,16
data/SRS/Dataset_A/sig10_15_25/srs_34.txt,srs_34.txt,1,5,0,16
data/SRS/Dataset_A/sig10_15_25/srs_34.txt,srs_34.txt,1,5,1,16
data/SRS/Dataset_A/sig10_15_25/srs_34.txt,srs_34.txt,1,5,2,16
data/SRS/Dataset_A/sig10_15_25/srs_34.txt,srs_34.txt,1,5,3,16
data/SRS/Dataset_A/sig10_15_25/srs_34.txt,srs_34.txt,1,10,0,16
data/SRS/Dataset_A/sig10_15_25/srs_34.txt,srs_34.txt,1,10,1,16
data/SRS/Dataset_A/sig10_15_25/srs_34.txt,srs_34.txt,1,10,2,16
data/SRS/Dataset_A/sig10_15_25/srs_34.txt,srs_34.txt,1,10,3,16
data/SRS/Dataset_A/sig10_15_25/srs_35.txt,srs_35.txt,0,1,1,15
data/SRS/Dataset_A/sig10_15_25/srs_35.txt,srs_35.txt,0,1,2,15
data/SRS/Dataset_A/sig10_15_25/srs_35.txt,srs_35.txt,0,1,3,15
data/SRS/Dataset_A/sig10_15_25/srs_35.txt,srs_35.txt,0,5,0,15
data/SRS/Dataset_A/sig10_15_25/srs_35.txt,srs_35.txt,0,5,1,15
data/SRS/Dataset_A/sig10_15_25/srs_35.txt,srs_35.txt,0,5,2,15
data/SRS/Dataset_A/sig10_15_25/srs_35.txt,srs_35.txt,0,5,3,15
data/SRS/Dataset_A/sig10_15_25/srs_35.txt,srs_35.txt,0,10,0,15
data/SRS/Dataset_A/sig10_15_25/srs_35.txt,srs_35.txt,0,10,1,15
data/SRS/Dataset_A/sig10_15_25/srs_35.txt,srs_35.txt,0,10,2,15
data/SRS/Dataset_A/sig10_15_25/srs_35.txt,srs_35.txt,1,1,0,15
data/SRS/Dataset_A/sig10_15_25/srs_35.txt,srs_35.txt,1,1,1,15
data/SRS/Dataset_A/sig10_15_25/srs_35.txt,srs_35.txt,1,1,2,15
data/SRS/Dataset_A/sig10_15_25/srs_35.txt,srs_35.txt,1,1,3,15
data/SRS/Dataset_A/sig10_15_25/srs_35.txt,srs_35.txt,1,5,0,15
data/SRS/Dataset_A/sig10_15_25/srs_35.txt,srs_35.txt,1,5,1,15
data/SRS/Dataset_A/sig10_15_25/srs_35.txt,srs_35.txt,1,5,2,15
data/SRS/Dataset_A/sig10_15_25/srs_35.txt,srs_35.txt,1,5,3,15
data/SRS/Dataset_A/sig10_15_25/srs_35.txt,srs_35.txt,1,10,0,15
data/SRS/Dataset_A/sig10_15_25/srs_35.txt,srs_35.txt,1,10,1,15
data/SRS/Dataset_A/sig10_15_25/srs_35.txt,srs_35.txt,1,10,2,15
data/SRS/Dataset_A/sig10_15_25/srs_35.txt,srs_35.txt,1,10,3,15
data/SRS/Dataset_A/sig10_15_25/srs_36.txt,srs_36.txt,0,1,1,17
data/SRS/Dataset_A/sig10_15_25/srs_36.txt,srs_36.txt,0,1,2,17
data/SRS/Dataset_A/sig10_15_25/srs_36.txt,srs_36.txt,0,1,3,17
data/SRS/Dataset_A/sig10_15_25/srs_36.txt,srs_36.txt,0,5,0,17
data/SRS/Dataset_A/sig10_15_25/srs_36.txt,srs_36.txt,0,5,1,17
data/SRS/Dataset_A/sig10_15_25/srs_36.txt,srs_36.txt,0,5,2,17
data/SRS/Dataset_A/sig10_15_25/srs_36.txt,srs_36.txt,0,5,3,17
data/SRS/Dataset_A/sig10_15_25/srs_36.txt,srs_36.txt,0,10,0,17
data/SRS/Dataset_A/sig10_15_25/srs_36.txt,srs_36.txt,0,10,1,17
data/SRS/Dataset_A/sig10_15_25/srs_36.txt,srs_36.txt,0,10,2,17
data/SRS/Dataset_A/sig10_15_25/srs_36.txt,srs_36.txt,1,1,0,17
data/SRS/Dataset_A/sig10_15_25/srs_36.txt,srs_36.txt,1,1,1,17
data/SRS/Dataset_A/sig10_15_25/srs_36.txt,srs_36.txt,1,1,2,17
data/SRS/Dataset_A/sig10_15_25/srs_36.txt,srs_36.txt,1,1,3,17
data/SRS/Dataset_A/sig10_15_25/srs_36.txt,srs_36.txt,1,5,0,17
data/SRS/Dataset_A/sig10_15_25/srs_36.txt,srs_36.txt,1,5,1,17
data/SRS/Dataset_A/sig10_15_25/srs_36.txt,srs_36.txt,1,5,2,17
data/SRS/Dataset_A/sig10_15_25/srs_36.txt,srs_36.txt,1,5,3,17
data/SRS/Dataset_A/sig10_15_25/srs_36.txt,srs_36.txt,1,10,0,17
data/SRS/Dataset_A/sig10_15_25/srs_36.txt,srs_36.txt,1,10,1,17
data/SRS/Dataset_A/sig10_15_25/srs_36.txt,srs_36.txt,1,10,2,17
data/SRS/Dataset_A/sig10_15_25/srs_36.txt,srs_36.txt,1,10,3,17
data/SRS/Dataset_A/sig10_15_25/srs_37.txt,srs_37.txt,0,1,1,25
data/SRS/Dataset_A/sig10_15_25/srs_37.txt,srs_37.txt,0,1,2,25
data/SRS/Dataset_A/sig10_15_25/srs_37.txt,srs_37.txt,0,1,3,25
data/SRS/Dataset_A/sig10_15_25/srs_37.txt,srs_37.txt,0,5,0,25
data/SRS/Dataset_A/sig10_15_25/srs_37.txt,srs_37.txt,0,5,1,25
data/SRS/Dataset_A/sig10_15_25/srs_37.txt,srs_37.txt,0,5,2,25
data/SRS/Dataset_A/sig10_15_25/srs_37.txt,srs_37.txt,0,5,3,25
data/SRS/Dataset_A/sig10_15_25/srs_37.txt,srs_37.txt,0,10,0,25
data/SRS/Dataset_A/sig10_15_25/srs_37.txt,srs_37.txt,0,10,1,25
data/SRS/Dataset_A/sig10_15_25/srs_37.txt,srs_37.txt,0,10,2,25
data/SRS/Dataset_A/sig10_15_25/srs_37.txt,srs_37.txt,1,1,0,25
data/SRS/Dataset_A/sig10_15_25/srs_37.txt,srs_37.txt,1,1,1,25
data/SRS/Dataset_A/sig10_15_25/srs_37.txt,srs_37.txt,1,1,2,25
data/SRS/Dataset_A/sig10_15_25/srs_37.txt,srs_37.txt,1,1,3,25
data/SRS/Dataset_A/sig10_15_25/srs_37.txt,srs_37.txt,1,5,0,25
data/SRS/Dataset_A/sig10_15_25/srs_37.txt,srs_37.txt,1,5,1,25
data/SRS/Dataset_A/sig10_15_25/srs_37.txt,srs_37.txt,1,5,2,25
data/SRS/Dataset_A/sig10_15_25/srs_37.txt,srs_37.txt,1,5,3,25
data/SRS/Dataset_A/sig10_15_25/srs_37.txt,srs_37.txt,1,10,0,25
data/SRS/Dataset_A/sig10_15_25/srs_37.txt,srs_37.txt,1,10,1,25
data/SRS/Dataset_A/sig10_15_25/srs_37.txt,srs_37.txt,1,10,2,25
data/SRS/Dataset_A/sig10_15_25/srs_37.txt,srs_37.txt,1,10,3,25
data/SRS/Dataset_A/sig10_15_25/srs_38.txt,srs_38.txt,0,1,1,23
data/SRS/Dataset_A/sig10_15_25/srs_38.txt,srs_38.txt,0,1,2,23
data/SRS/Dataset_A/sig10_15_25/srs_38.txt,srs_38.txt,0,1,3,23
data/SRS/Dataset_A/sig10_15_25/srs_38.txt,srs_38.txt,0,5,0,23
data/SRS/Dataset_A/sig10_15_25/srs_38.txt,srs_38.txt,0,5,1,23
data/SRS/Dataset_A/sig10_15_25/srs_38.txt,srs_38.txt,0,5,2,23
data/SRS/Dataset_A/sig10_15_25/srs_38.txt,srs_38.txt,0,5,3,23
data/SRS/Dataset_A/sig10_15_25/srs_38.txt,srs_38.txt,0,10,0,23
data/SRS/Dataset_A/sig10_15_25/srs_38.txt,srs_38.txt,0,10,1,23
data/SRS/Dataset_A/sig10_15_25/srs_38.txt,srs_38.txt,0,10,2,23
data/SRS/Dataset_A/sig10_15_25/srs_38.txt,srs_38.txt,1,1,0,23
data/SRS/Dataset_A/sig10_15_25/srs_38.txt,srs_38.txt,1,1,1,23
data/SRS/Dataset_A/sig10_15_25/srs_38.txt,srs_38.txt,1,1,2,23
data/SRS/Dataset_A/sig10_15_25/srs_38.txt,srs_38.txt,1,1,3,23
data/SRS/Dataset_A/sig10_15_25/srs_38.txt,srs_38.txt,1,5,0,23
data/SRS/Dataset_A/sig10_15_25/srs_38.txt,srs_38.txt,1,5,1,23
data/SRS/Dataset_A/sig10_15_25/srs_38.txt,srs_38.txt,1,5,2,23
data/SRS/Dataset_A/sig10_15_25/srs_38.txt,srs_38.txt,1,5,3,23
data/SRS/Dataset_A/sig10_15_25/srs_38.txt,srs_38.txt,1,10,0,23
data/SRS/Dataset_A/sig10_15_25/srs_38.txt,srs_38.txt,1,10,1,23
data/SRS/Dataset_A/sig10_15_25/srs_38.txt,srs_38.txt,1,10,2,23
data/SRS/Dataset_A/sig10_15_25/srs_38.txt,srs_38.txt,1,10,3,23
data/SRS/Dataset_A/sig10_15_25/srs_39.txt,srs_39.txt,0,1,1,24
data/SRS/Dataset_A/sig10_15_25/srs_39.txt,srs_39.txt,0,1,2,24
data/SRS/Dataset_A/sig10_15_25/srs_39.txt,srs_39.txt,0,1,3,24
data/SRS/Dataset_A/sig10_15_25/srs_39.txt,srs_39.txt,0,5,0,24
data/SRS/Dataset_A/sig10_15_25/srs_39.txt,srs_39.txt,0,5,1,24
data/SRS/Dataset_A/sig10_15_25/srs_39.txt,srs_39.txt,0,5,2,24
data/SRS/Dataset_A/sig10_15_25/srs_39.txt,srs_39.txt,0,5,3,24
data/SRS/Dataset_A/sig10_15_25/srs_39.txt,srs_39.txt,0,10,0,24
data/SRS/Dataset_A/sig10_15_25/srs_39.txt,srs_39.txt,0,10,1,24
data/SRS/Dataset_A/sig10_15_25/srs_39.txt,srs_39.txt,0,10,2,24
data/SRS/Dataset_A/sig10_15_25/srs_39.txt,srs_39.txt,1,1,0,24
data/SRS/Dataset_A/sig10_15_25/srs_39.txt,srs_39.txt,1,1,1,24
data/SRS/Dataset_A/sig10_15_25/srs_39.txt,srs_39.txt,1,1,2,24
data/SRS/Dataset_A/sig10_15_25/srs_39.txt,srs_39.txt,1,1,3,24
data/SRS/Dataset_A/sig10_15_25/srs_39.txt,srs_39.txt,1,5,0,24
data/SRS/Dataset_A/sig10_15_25/srs_39.txt,srs_39.txt,1,5,1,24
data/SRS/Dataset_A/sig10_15_25/srs_39.txt,srs_39.txt,1,5,2,24
data/SRS/Dataset_A/sig10_15_25/srs_39.txt,srs_39.txt,1,5,3,24
data/SRS/Dataset_A/sig10_15_25/srs_39.txt,srs_39.txt,1,10,0,24
data/SRS/Dataset_A/sig10_15_25/srs_39.txt,srs_39.txt,1,10,1,24
data/SRS/Dataset_A/sig10_15_25/srs_39.txt,srs_39.txt,1,10,2,24
data/SRS/Dataset_A/sig10_15_25/srs_39.txt,srs_39.txt,1,10,3,24
data/SRS/Dataset_A/sig10_15_25/srs_4.txt,srs_4.txt,0,1,1,21
data/SRS/Dataset_A/sig10_15_25/srs_4.txt,srs_4.txt,0,1,2,21
data/SRS/Dataset_A/sig10_15_25/srs_4.txt,srs_4.txt,0,1,3,21
data/SRS/Dataset_A/sig10_15_25/srs_4.txt,srs_4.txt,0,5,0,21
data/SRS/Dataset_A/sig10_15_25/srs_4.txt,srs_4.txt,0,5,1,21
data/SRS/Dataset_A/sig10_15_25/srs_4.txt,srs_4.txt,0,5,2,21
data/SRS/Dataset_A/sig10_15_25/srs_4.txt,srs_4.txt,0,5,3,21
data/SRS/Dataset_A/sig10_15_25/srs_4.txt,srs_4.txt,0,10,0,21
data/SRS/Dataset_A/sig10_15_25/srs_4.txt,srs_4.txt,0,10,1,21
data/SRS/Dataset_A/sig10_15_25/srs_4.txt,srs_4.txt,0,10,2,21
data/SRS/Dataset_A/sig10_15_25/srs_4.txt,srs_4.txt,1,1,0,21
data/SRS/Dataset_A/sig10_15_25/srs_4.txt,srs_4.txt,1,1,1,21
data/SRS/Dataset_A/sig10_15_25/srs_4.txt,srs_4.txt,1,1,2,21
data/SRS/Dataset_A/sig10_15_25/srs_4.txt,srs_4.txt,1,1,3,21
data/SRS/Dataset_A/sig10_15_25/srs_4.txt,srs_4.txt,1,5,0,21
data/SRS/Dataset_A/sig10_15_25/srs_4.txt,srs_4.txt,1,5,1,21
data/SRS/Dataset_A/sig10_15_25/srs_4.txt,srs_4.txt,1,5,2,21
data/SRS/Dataset_A/sig10_15_25/srs_4.txt,srs_4.txt,1,5,3,21
data/SRS/Dataset_A/sig10_15_25/srs_4.txt,srs_4.txt,1,10,0,21
data/SRS/Dataset_A/sig10_15_25/srs_4.txt,srs_4.txt,1,10,1,21
data/SRS/Dataset_A/sig10_15_25/srs_4.txt,srs_4.txt,1,10,2,21
data/SRS/Dataset_A/sig10_15_25/srs_4.txt,srs_4.txt,1,10,3,21
data/SRS/Dataset_A/sig10_15_25/srs_40.txt,srs_40.txt,0,1,1,20
data/SRS/Dataset_A/sig10_15_25/srs_40.txt,srs_40.txt,0,1,2,20
data/SRS/Dataset_A/sig10_15_25/srs_40.txt,srs_40.txt,0,1,3,20
data/SRS/Dataset_A/sig10_15_25/srs_40.txt,srs_40.txt,0,5,0,20
data/SRS/Dataset_A/sig10_15_25/srs_40.txt,srs_40.txt,0,5,1,20
data/SRS/Dataset_A/sig10_15_25/srs_40.txt,srs_40.txt,0,5,2,20
data/SRS/Dataset_A/sig10_15_25/srs_40.txt,srs_40.txt,0,5,3,20
data/SRS/Dataset_A/sig10_15_25/srs_40.txt,srs_40.txt,0,10,0,20
data/SRS/Dataset_A/sig10_15_25/srs_40.txt,srs_40.txt,0,10,1,20
data/SRS/Dataset_A/sig10_15_25/srs_40.txt,srs_40.txt,0,10,2,20
data/SRS/Dataset_A/sig10_15_25/srs_40.txt,srs_40.txt,1,1,0,20
data/SRS/Dataset_A/sig10_15_25/srs_40.txt,srs_40.txt,1,1,1,20
data/SRS/Dataset_A/sig10_15_25/srs_40.txt,srs_40.txt,1,1,2,20
data/SRS/Dataset_A/sig10_15_25/srs_40.txt,srs_40.txt,1,1,3,20
data/SRS/Dataset_A/sig10_15_25/srs_40.txt,srs_40.txt,1,5,0,20
data/SRS/Dataset_A/sig10_15_25/srs_40.txt,srs_40.txt,1,5,1,20
data/SRS/Dataset_A/sig10_15_25/srs_40.txt,srs_40.txt,1,5,2,20
data/SRS/Dataset_A/sig10_15_25/srs_40.txt,srs_40.txt,1,5,3,20
data/SRS/Dataset_A/sig10_15_25/srs_40.txt,srs_40.txt,1,10,0,20
data/SRS/Dataset_A/sig10_15_25/srs_40.txt,srs_40.txt,1,10,1,20
data/SRS/Dataset_A/sig10_15_25/srs_40.txt,srs_40.txt,1,10,2,20
data/SRS/Dataset_A/sig10_15_25/srs_40.txt,srs_40.txt,1,10,3,20
data/SRS/Dataset_A/sig10_15_25/srs_41.txt,srs_41.txt,0,1,1,20
data/SRS/Dataset_A/sig10_15_25/srs_41.txt,srs_41.txt,0,1,2,20
data/SRS/Dataset_A/sig10_15_25/srs_41.txt,srs_41.txt,0,1,3,20
data/SRS/Dataset_A/sig10_15_25/srs_41.txt,srs_41.txt,0,5,0,20
data/SRS/Dataset_A/sig10_15_25/srs_41.txt,srs_41.txt,0,5,1,20
data/SRS/Dataset_A/sig10_15_25/srs_41.txt,srs_41.txt,0,5,2,20
data/SRS/Dataset_A/sig10_15_25/srs_41.txt,srs_41.txt,0,5,3,20
data/SRS/Dataset_A/sig10_15_25/srs_41.txt,srs_41.txt,0,10,0,20
data/SRS/Dataset_A/sig10_15_25/srs_41.txt,srs_41.txt,0,10,1,20
data/SRS/Dataset_A/sig10_15_25/srs_41.txt,srs_41.txt,0,10,2,20
data/SRS/Dataset_A/sig10_15_25/srs_41.txt,srs_41.txt,1,1,0,20
data/SRS/Dataset_A/sig10_15_25/srs_41.txt,srs_41.txt,1,1,1,20
data/SRS/Dataset_A/sig10_15_25/srs_41.txt,srs_41.txt,1,1,2,20
data/SRS/Dataset_A/sig10_15_25/srs_41.txt,srs_41.txt,1,1,3,20
data/SRS/Dataset_A/sig10_15_25/srs_41.txt,srs_41.txt,1,5,0,20
data/SRS/Dataset_A/sig10_15_25/srs_41.txt,srs_41.txt,1,5,1,20
data/SRS/Dataset_A/sig10_15_25/srs_41.txt,srs_41.txt,1,5,2,20
data/SRS/Dataset_A/sig10_15_25/srs_41.txt,srs_41.txt,1,5,3,20
data/SRS/Dataset_A/sig10_15_25/srs_41.txt,srs_41.txt,1,10,0,20
data/SRS/Dataset_A/sig10_15_25/srs_41.txt,srs_41.txt,1,10,1,20
data/SRS/Dataset_A/sig10_15_25/srs_41.txt,srs_41.txt,1,10,2,20
data/SRS/Dataset_A/sig10_15_25/srs_41.txt,srs_41.txt,1,10,3,20
data/SRS/Dataset_A/sig10_15_25/srs_42.txt,srs_42.txt,0,1,1,25
data/SRS/Dataset_A/sig10_15_25/srs_42.txt,srs_42.txt,0,1,2,25
data/SRS/Dataset_A/sig10_15_25/srs_42.txt,srs_42.txt,0,1,3,25
data/SRS/Dataset_A/sig10_15_25/srs_42.txt,srs_42.txt,0,5,0,25
data/SRS/Dataset_A/sig10_15_25/srs_42.txt,srs_42.txt,0,5,1,25
data/SRS/Dataset_A/sig10_15_25/srs_42.txt,srs_42.txt,0,5,2,25
data/SRS/Dataset_A/sig10_15_25/srs_42.txt,srs_42.txt,0,5,3,25
data/SRS/Dataset_A/sig10_15_25/srs_42.txt,srs_42.txt,0,10,0,25
data/SRS/Dataset_A/sig10_15_25/srs_42.txt,srs_42.txt,0,10,1,25
data/SRS/Dataset_A/sig10_15_25/srs_42.txt,srs_42.txt,0,10,2,25
data/SRS/Dataset_A/sig10_15_25/srs_42.txt,srs_42.txt,1,1,0,25
data/SRS/Dataset_A/sig10_15_25/srs_42.txt,srs_42.txt,1,1,1,25
data/SRS/Dataset_A/sig10_15_25/srs_42.txt,srs_42.txt,1,1,2,25
data/SRS/Dataset_A/sig10_15_25/srs_42.txt,srs_42.txt,1,1,3,25
data/SRS/Dataset_A/sig10_15_25/srs_42.txt,srs_42.txt,1,5,0,25
data/SRS/Dataset_A/sig10_15_25/srs_42.txt,srs_42.txt,1,5,1,25
data/SRS/Dataset_A/sig10_15_25/srs_42.txt,srs_42.txt,1,5,2,25
data/SRS/Dataset_A/sig10_15_25/srs_42.txt,srs_42.txt,1,5,3,25
data/SRS/Dataset_A/sig10_15_25/srs_42.txt,srs_42.txt,1,10,0,25
data/SRS/Dataset_A/sig10_15_25/srs_42.txt,srs_42.txt,1,10,1,25
data/SRS/Dataset_A/sig10_15_25/srs_42.txt,srs_42.txt,1,10,2,25
data/SRS/Dataset_A/sig10_15_25/srs_42.txt,srs_42.txt,1,10,3,25
data/SRS/Dataset_A/sig10_15_25/srs_43.txt,srs_43.txt,0,1,1,15
data/SRS/Dataset_A/sig10_15_25/srs_43.txt,srs_43.txt,0,1,2,15
data/SRS/Dataset_A/sig10_15_25/srs_43.txt,srs_43.txt,0,1,3,15
data/SRS/Dataset_A/sig10_15_25/srs_43.txt,srs_43.txt,0,5,0,15
data/SRS/Dataset_A/sig10_15_25/srs_43.txt,srs_43.txt,0,5,1,15
data/SRS/Dataset_A/sig10_15_25/srs_43.txt,srs_43.txt,0,5,2,15
data/SRS/Dataset_A/sig10_15_25/srs_43.txt,srs_43.txt,0,5,3,15
data/SRS/Dataset_A/sig10_15_25/srs_43.txt,srs_43.txt,0,10,0,15
data/SRS/Dataset_A/sig10_15_25/srs_43.txt,srs_43.txt,0,10,1,15
data/SRS/Dataset_A/sig10_15_25/srs_43.txt,srs_43.txt,0,10,2,15
data/SRS/Dataset_A/sig10_15_25/srs_43.txt,srs_43.txt,1,1,0,15
data/SRS/Dataset_A/sig10_15_25/srs_43.txt,srs_43.txt,1,1,1,15
data/SRS/Dataset_A/sig10_15_25/srs_43.txt,srs_43.txt,1,1,2,15
data/SRS/Dataset_A/sig10_15_25/srs_43.txt,srs_43.txt,1,1,3,15
data/SRS/Dataset_A/sig10_15_25/srs_43.txt,srs_43.txt,1,5,0,15
data/SRS/Dataset_A/sig10_15_25/srs_43.txt,srs_43.txt,1,5,1,15
data/SRS/Dataset_A/sig10_15_25/srs_43.txt,srs_43.txt,1,5,2,15
data/SRS/Dataset_A/sig10_15_25/srs_43.txt,srs_43.txt,1,5,3,15
data/SRS/Dataset_A/sig10_15_25/srs_43.txt,srs_43.txt,1,10,0,15
data/SRS/Dataset_A/sig10_15_25/srs_43.txt,srs_43.txt,1,10,1,15
data/SRS/Dataset_A/sig10_15_25/srs_43.txt,srs_43.txt,1,10,2,15
data/SRS/Dataset_A/sig10_15_25/srs_43.txt,srs_43.txt,1,10,3,15
data/SRS/Dataset_A/sig10_15_25/srs_44.txt,srs_44.txt,0,1,1,22
data/SRS/Dataset_A/sig10_15_25/srs_44.txt,srs_44.txt,0,1,2,22
data/SRS/Dataset_A/sig10_15_25/srs_44.txt,srs_44.txt,0,1,3,22
data/SRS/Dataset_A/sig10_15_25/srs_44.txt,srs_44.txt,0,5,0,22
data/SRS/Dataset_A/sig10_15_25/srs_44.txt,srs_44.txt,0,5,1,22
data/SRS/Dataset_A/sig10_15_25/srs_44.txt,srs_44.txt,0,5,2,22
data/SRS/Dataset_A/sig10_15_25/srs_44.txt,srs_44.txt,0,5,3,22
data/SRS/Dataset_A/sig10_15_25/srs_44.txt,srs_44.txt,0,10,0,22
data/SRS/Dataset_A/sig10_15_25/srs_44.txt,srs_44.txt,0,10,1,22
data/SRS/Dataset_A/sig10_15_25/srs_44.txt,srs_44.txt,0,10,2,22
data/SRS/Dataset_A/sig10_15_25/srs_44.txt,srs_44.txt,1,1,0,22
data/SRS/Dataset_A/sig10_15_25/srs_44.txt,srs_44.txt,1,1,1,22
data/SRS/Dataset_A/sig10_15_25/srs_44.txt,srs_44.txt,1,1,2,22
data/SRS/Dataset_A/sig10_15_25/srs_44.txt,srs_44.txt,1,1,3,22
data/SRS/Dataset_A/sig10_15_25/srs_44.txt,srs_44.txt,1,5,0,22
data/SRS/Dataset_A/sig10_15_25/srs_44.txt,srs_44.txt,1,5,1,22
data/SRS/Dataset_A/sig10_15_25/srs_44.txt,srs_44.txt,1,5,2,22
data/SRS/Dataset_A/sig10_15_25/srs_44.txt,srs_44.txt,1,5,3,22
data/SRS/Dataset_A/sig10_15_25/srs_44.txt,srs_44.txt,1,10,0,22
data/SRS/Dataset_A/sig10_15_25/srs_44.txt,srs_44.txt,1,10,1,22
data/SRS/Dataset_A/sig10_15_25/srs_44.txt,srs_44.txt,1,10,2,22
data/SRS/Dataset_A/sig10_15_25/srs_44.txt,srs_44.txt,1,10,3,22
data/SRS/Dataset_A/sig10_15_25/srs_45.txt,srs_45.txt,0,1,1,19
data/SRS/Dataset_A/sig10_15_25/srs_45.txt,srs_45.txt,0,1,2,19
data/SRS/Dataset_A/sig10_15_25/srs_45.txt,srs_45.txt,0,1,3,19
data/SRS/Dataset_A/sig10_15_25/srs_45.txt,srs_45.txt,0,5,0,19
data/SRS/Dataset_A/sig10_15_25/srs_45.txt,srs_45.txt,0,5,1,19
data/SRS/Dataset_A/sig10_15_25/srs_45.txt,srs_45.txt,0,5,2,19
data/SRS/Dataset_A/sig10_15_25/srs_45.txt,srs_45.txt,0,5,3,19
data/SRS/Dataset_A/sig10_15_25/srs_45.txt,srs_45.txt,0,10,0,19
data/SRS/Dataset_A/sig10_15_25/srs_45.txt,srs_45.txt,0,10,1,19
data/SRS/Dataset_A/sig10_15_25/srs_45.txt,srs_45.txt,0,10,2,19
data/SRS/Dataset_A/sig10_15_25/srs_45.txt,srs_45.txt,1,1,0,19
data/SRS/Dataset_A/sig10_15_25/srs_45.txt,srs_45.txt,1,1,1,19
data/SRS/Dataset_A/sig10_15_25/srs_45.txt,srs_45.txt,1,1,2,19
data/SRS/Dataset_A/sig10_15_25/srs_45.txt,srs_45.txt,1,1,3,19
data/SRS/Dataset_A/sig10_15_25/srs_45.txt,srs_45.txt,1,5,0,19
data/SRS/Dataset_A/sig10_15_25/srs_45.txt,srs_45.txt,1,5,1,19
data/SRS/Dataset_A/sig10_15_25/srs_45.txt,srs_45.txt,1,5,2,19
data/SRS/Dataset_A/sig10_15_25/srs_45.txt,srs_45.txt,1,5,3,19
data/SRS/Dataset_A/sig10_15_25/srs_45.txt,srs_45.txt,1,10,0,19
data/SRS/Dataset_A/sig10_15_25/srs_45.txt,srs_45.txt,1,10,1,19
data/SRS/Dataset_A/sig10_15_25/srs_45.txt,srs_45.txt,1,10,2,19
data/SRS/Dataset_A/sig10_15_25/srs_45.txt,srs_45.txt,1,10,3,19
data/SRS/Dataset_A/sig10_15_25/srs_46.txt,srs_46.txt,0,1,1,19
data/SRS/Dataset_A/sig10_15_25/srs_46.txt,srs_46.txt,0,1,2,19
data/SRS/Dataset_A/sig10_15_25/srs_46.txt,srs_46.txt,0,1,3,19
data/SRS/Dataset_A/sig10_15_25/srs_46.txt,srs_46.txt,0,5,0,19
data/SRS/Dataset_A/sig10_15_25/srs_46.txt,srs_46.txt,0,5,1,19
data/SRS/Dataset_A/sig10_15_25/srs_46.txt,srs_46.txt,0,5,2,19
data/SRS/Dataset_A/sig10_15_25/srs_46.txt,srs_46.txt,0,5,3,19
data/SRS/Dataset_A/sig10_15_25/srs_46.txt,srs_46.txt,0,10,0,19
data/SRS/Dataset_A/sig10_15_25/srs_46.txt,srs_46.txt,0,10,1,19
data/SRS/Dataset_A/sig10_15_25/srs_46.txt,srs_46.txt,0,10,2,19
data/SRS/Dataset_A/sig10_15_25/srs_46.txt,srs_46.txt,1,1,0,19
data/SRS/Dataset_A/sig10_15_25/srs_46.txt,srs_46.txt,1,1,1,19
data/SRS/Dataset_A/sig10_15_25/srs_46.txt,srs_46.txt,1,1,2,19
data/SRS/Dataset_A/sig10_15_25/srs_46.txt,srs_46.txt,1,1,3,19
data/SRS/Dataset_A/sig10_15_25/srs_46.txt,srs_46.txt,1,5,0,19
data/SRS/Dataset_A/sig10_15_25/srs_46.txt,srs_46.txt,1,5,1,19
data/SRS/Dataset_A/sig10_15_25/srs_46.txt,srs_46.txt,1,5,2,19
data/SRS/Dataset_A/sig10_15_25/srs_46.txt,srs_46.txt,1,5,3,19
data/SRS/Dataset_A/sig10_15_25/srs_46.txt,srs_46.txt,1,10,0,19
data/SRS/Dataset_A/sig10_15_25/srs_46.txt,srs_46.txt,1,10,1,19
data/SRS/Dataset_A/sig10_15_25/srs_46.txt,srs_46.txt,1,10,2,19
data/SRS/Dataset_A/sig10_15_25/srs_46.txt,srs_46.txt,1,10,3,19
data/SRS/Dataset_A/sig10_15_25/srs_47.txt,srs_47.txt,0,1,1,18
data/SRS/Dataset_A/sig10_15_25/srs_47.txt,srs_47.txt,0,1,2,18
data/SRS/Dataset_A/sig10_15_25/srs_47.txt,srs_47.txt,0,1,3,18
data/SRS/Dataset_A/sig10_15_25/srs_47.txt,srs_47.txt,0,5,0,18
data/SRS/Dataset_A/sig10_15_25/srs_47.txt,srs_47.txt,0,5,1,18
data/SRS/Dataset_A/sig10_15_25/srs_47.txt,srs_47.txt,0,5,2,18
data/SRS/Dataset_A/sig10_15_25/srs_47.txt,srs_47.txt,0,5,3,18
data/SRS/Dataset_A/sig10_15_25/srs_47.txt,srs_47.txt,0,10,0,18
data/SRS/Dataset_A/sig10_15_25/srs_47.txt,srs_47.txt,0,10,1,18
data/SRS/Dataset_A/sig10_15_25/srs_47.txt,srs_47.txt,0,10,2,18
data/SRS/Dataset_A/sig10_15_25/srs_47.txt,srs_47.txt,1,1,0,18
data/SRS/Dataset_A/sig10_15_25/srs_47.txt,srs_47.txt,1,1,1,18
data/SRS/Dataset_A/sig10_15_25/srs_47.txt,srs_47.txt,1,1,2,18
data/SRS/Dataset_A/sig10_15_25/srs_47.txt,srs_47.txt,1,1,3,18
data/SRS/Dataset_A/sig10_15_25/srs_47.txt,srs_47.txt,1,5,0,18
data/SRS/Dataset_A/sig10_15_25/srs_47.txt,srs_47.txt,1,5,1,18
data/SRS/Dataset_A/sig10_15_25/srs_47.txt,srs_47.txt,1,5,2,18
data/SRS/Dataset_A/sig10_15_25/srs_47.txt,srs_47.txt,1,5,3,18
data/SRS/Dataset_A/sig10_15_25/srs_47.txt,srs_47.txt,1,10,0,18
data/SRS/Dataset_A/sig10_15_25/srs_47.txt,srs_47.txt,1,10,1,18
data/SRS/Dataset_A/sig10_15_25/srs_47.txt,srs_47.txt,1,10,2,18
data/SRS/Dataset_A/sig10_15_25/srs_47.txt,srs_47.txt,1,10,3,18
data/SRS/Dataset_A/sig10_15_25/srs_48.txt,srs_48.txt,0,1,1,24
data/SRS/Dataset_A/sig10_15_25/srs_48.txt,srs_48.txt,0,1,2,24
data/SRS/Dataset_A/sig10_15_25/srs_48.txt,srs_48.txt,0,1,3,24
data/SRS/Dataset_A/sig10_15_25/srs_48.txt,srs_48.txt,0,5,0,24
data/SRS/Dataset_A/sig10_15_25/srs_48.txt,srs_48.txt,0,5,1,24
data/SRS/Dataset_A/sig10_15_25/srs_48.txt,srs_48.txt,0,5,2,24
data/SRS/Dataset_A/sig10_15_25/srs_48.txt,srs_48.txt,0,5,3,24
data/SRS/Dataset_A/sig10_15_25/srs_48.txt,srs_48.txt,0,10,0,24
data/SRS/Dataset_A/sig10_15_25/srs_48.txt,srs_48.txt,0,10,1,24
data/SRS/Dataset_A/sig10_15_25/srs_48.txt,srs_48.txt,0,10,2,24
data/SRS/Dataset_A/sig10_15_25/srs_48.txt,srs_48.txt,1,1,0,24
data/SRS/Dataset_A/sig10_15_25/srs_48.txt,srs_48.txt,1,1,1,24
data/SRS/Dataset_A/sig10_15_25/srs_48.txt,srs_48.txt,1,1,2,24
data/SRS/Dataset_A/sig10_15_25/srs_48.txt,srs_48.txt,1,1,3,24
data/SRS/Dataset_A/sig10_15_25/srs_48.txt,srs_48.txt,1,5,0,24
data/SRS/Dataset_A/sig10_15_25/srs_48.txt,srs_48.txt,1,5,1,24
data/SRS/Dataset_A/sig10_15_25/srs_48.txt,srs_48.txt,1,5,2,24
data/SRS/Dataset_A/sig10_15_25/srs_48.txt,srs_48.txt,1,5,3,24
data/SRS/Dataset_A/sig10_15_25/srs_48.txt,srs_48.txt,1,10,0,24
data/SRS/Dataset_A/sig10_15_25/srs_48.txt,srs_48.txt,1,10,1,24
data/SRS/Dataset_A/sig10_15_25/srs_48.txt,srs_48.txt,1,10,2,24
data/SRS/Dataset_A/sig10_15_25/srs_48.txt,srs_48.txt,1,10,3,24
data/SRS/Dataset_A/sig10_15_25/srs_49.txt,srs_49.txt,0,1,1,22
data/SRS/Dataset_A/sig10_15_25/srs_49.txt,srs_49.txt,0,1,2,22
data/SRS/Dataset_A/sig10_15_25/srs_49.txt,srs_49.txt,0,1,3,22
data/SRS/Dataset_A/sig10_15_25/srs_49.txt,srs_49.txt,0,5,0,22
data/SRS/Dataset_A/sig10_15_25/srs_49.txt,srs_49.txt,0,5,1,22
data/SRS/Dataset_A/sig10_15_25/srs_49.txt,srs_49.txt,0,5,2,22
data/SRS/Dataset_A/sig10_15_25/srs_49.txt,srs_49.txt,0,5,3,22
data/SRS/Dataset_A/sig10_15_25/srs_49.txt,srs_49.txt,0,10,0,22
data/SRS/Dataset_A/sig10_15_25/srs_49.txt,srs_49.txt,0,10,1,22
data/SRS/Dataset_A/sig10_15_25/srs_49.txt,srs_49.txt,0,10,2,22
data/SRS/Dataset_A/sig10_15_25/srs_49.txt,srs_49.txt,1,1,0,22
data/SRS/Dataset_A/sig10_15_25/srs_49.txt,srs_49.txt,1,1,1,22
data/SRS/Dataset_A/sig10_15_25/srs_49.txt,srs_49.txt,1,1,2,22
data/SRS/Dataset_A/sig10_15_25/srs_49.txt,srs_49.txt,1,1,3,22
data/SRS/Dataset_A/sig10_15_25/srs_49.txt,srs_49.txt,1,5,0,22
data/SRS/Dataset_A/sig10_15_25/srs_49.txt,srs_49.txt,1,5,1,22
data/SRS/Dataset_A/sig10_15_25/srs_49.txt,srs_49.txt,1,5,2,22
data/SRS/Dataset_A/sig10_15_25/srs_49.txt,srs_49.txt,1,5,3,22
data/SRS/Dataset_A/sig10_15_25/srs_49.txt,srs_49.txt,1,10,0,22
data/SRS/Dataset_A/sig10_15_25/srs_49.txt,srs_49.txt,1,10,1,22
data/SRS/Dataset_A/sig10_15_25/srs_49.txt,srs_49.txt,1,10,2,22
data/SRS/Dataset_A/sig10_15_25/srs_49.txt,srs_49.txt,1,10,3,22
data/SRS/Dataset_A/sig10_15_25/srs_5.txt,srs_5.txt,0,1,1,15
data/SRS/Dataset_A/sig10_15_25/srs_5.txt,srs_5.txt,0,1,2,15
data/SRS/Dataset_A/sig10_15_25/srs_5.txt,srs_5.txt,0,1,3,15
data/SRS/Dataset_A/sig10_15_25/srs_5.txt,srs_5.txt,0,5,0,15
data/SRS/Dataset_A/sig10_15_25/srs_5.txt,srs_5.txt,0,5,1,15
data/SRS/Dataset_A/sig10_15_25/srs_5.txt,srs_5.txt,0,5,2,15
data/SRS/Dataset_A/sig10_15_25/srs_5.txt,srs_5.txt,0,5,3,15
data/SRS/Dataset_A/sig10_15_25/srs_5.txt,srs_5.txt,0,10,0,15
data/SRS/Dataset_A/sig10_15_25/srs_5.txt,srs_5.txt,0,10,1,15
data/SRS/Dataset_A/sig10_15_25/srs_5.txt,srs_5.txt,0,10,2,15
data/SRS/Dataset_A/sig10_15_25/srs_5.txt,srs_5.txt,1,1,0,15
data/SRS/Dataset_A/sig10_15_25/srs_5.txt,srs_5.txt,1,1,1,15
data/SRS/Dataset_A/sig10_15_25/srs_5.txt,srs_5.txt,1,1,2,15
data/SRS/Dataset_A/sig10_15_25/srs_5.txt,srs_5.txt,1,1,3,15
data/SRS/Dataset_A/sig10_15_25/srs_5.txt,srs_5.txt,1,5,0,15
data/SRS/Dataset_A/sig10_15_25/srs_5.txt,srs_5.txt,1,5,1,15
data/SRS/Dataset_A/sig10_15_25/srs_5.txt,srs_5.txt,1,5,2,15
data/SRS/Dataset_A/sig10_15_25/srs_5.txt,srs_5.txt,1,5,3,15
data/SRS/Dataset_A/sig10_15_25/srs_5.txt,srs_5.txt,1,10,0,15
data/SRS/Dataset_A/sig10_15_25/srs_5.txt,srs_5.txt,1,10,1,15
data/SRS/Dataset_A/sig10_15_25/srs_5.txt,srs_5.txt,1,10,2,15
data/SRS/Dataset_A/sig10_15_25/srs_5.txt,srs_5.txt,1,10,3,15
data/SRS/Dataset_A/sig10_15_25/srs_50.txt,srs_50.txt,0,1,1,20
data/SRS/Dataset_A/sig10_15_25/srs_50.txt,srs_50.txt,0,1,2,20
data/SRS/Dataset_A/sig10_15_25/srs_50.txt,srs_50.txt,0,1,3,20
data/SRS/Dataset_A/sig10_15_25/srs_50.txt,srs_50.txt,0,5,0,20
data/SRS/Dataset_A/sig10_15_25/srs_50.txt,srs_50.txt,0,5,1,20
data/SRS/Dataset_A/sig10_15_25/srs_50.txt,srs_50.txt,0,5,2,20
data/SRS/Dataset_A/sig10_15_25/srs_50.txt,srs_50.txt,0,5,3,20
data/SRS/Dataset_A/sig10_15_25/srs_50.txt,srs_50.txt,0,10,0,20
data/SRS/Dataset_A/sig10_15_25/srs_50.txt,srs_50.txt,0,10,1,20
data/SRS/Dataset_A/sig10_15_25/srs_50.txt,srs_50.txt,0,10,2,20
data/SRS/Dataset_A/sig10_15_25/srs_50.txt,srs_50.txt,1,1,0,20
data/SRS/Dataset_A/sig10_15_25/srs_50.txt,srs_50.txt,1,1,1,20
data/SRS/Dataset_A/sig10_15_25/srs_50.txt,srs_50.txt,1,1,2,20
data/SRS/Dataset_A/sig10_15_25/srs_50.txt,srs_50.txt,1,1,3,20
data/SRS/Dataset_A/sig10_15_25/srs_50.txt,srs_50.txt,1,5,0,20
data/SRS/Dataset_A/sig10_15_25/srs_50.txt,srs_50.txt,1,5,1,20
data/SRS/Dataset_A/sig10_15_25/srs_50.txt,srs_50.txt,1,5,2,20
data/SRS/Dataset_A/sig10_15_25/srs_50.txt,srs_50.txt,1,5,3,20
data/SRS/Dataset_A/sig10_15_25/srs_50.txt,srs_50.txt,1,10,0,20
data/SRS/Dataset_A/sig10_15_25/srs_50.txt,srs_50.txt,1,10,1,20
data/SRS/Dataset_A/sig10_15_25/srs_50.txt,srs_50.txt,1,10,2,20
data/SRS/Dataset_A/sig10_15_25/srs_50.txt,srs_50.txt,1,10,3,20
data/SRS/Dataset_A/sig10_15_25/srs_51.txt,srs_51.txt,0,1,1,22
data/SRS/Dataset_A/sig10_15_25/srs_51.txt,srs_51.txt,0,1,2,22
data/SRS/Dataset_A/sig10_15_25/srs_51.txt,srs_51.txt,0,1,3,22
data/SRS/Dataset_A/sig10_15_25/srs_51.txt,srs_51.txt,0,5,0,22
data/SRS/Dataset_A/sig10_15_25/srs_51.txt,srs_51.txt,0,5,1,22
data/SRS/Dataset_A/sig10_15_25/srs_51.txt,srs_51.txt,0,5,2,22
data/SRS/Dataset_A/sig10_15_25/srs_51.txt,srs_51.txt,0,5,3,22
data/SRS/Dataset_A/sig10_15_25/srs_51.txt,srs_51.txt,0,10,0,22
data/SRS/Dataset_A/sig10_15_25/srs_51.txt,srs_51.txt,0,10,1,22
data/SRS/Dataset_A/sig10_15_25/srs_51.txt,srs_51.txt,0,10,2,22
data/SRS/Dataset_A/sig10_15_25/srs_51.txt,srs_51.txt,1,1,0,22
data/SRS/Dataset_A/sig10_15_25/srs_51.txt,srs_51.txt,1,1,1,22
data/SRS/Dataset_A/sig10_15_25/srs_51.txt,srs_51.txt,1,1,2,22
data/SRS/Dataset_A/sig10_15_25/srs_51.txt,srs_51.txt,1,1,3,22
data/SRS/Dataset_A/sig10_15_25/srs_51.txt,srs_51.txt,1,5,0,22
data/SRS/Dataset_A/sig10_15_25/srs_51.txt,srs_51.txt,1,5,1,22
data/SRS/Dataset_A/sig10_15_25/srs_51.txt,srs_51.txt,1,5,2,22
data/SRS/Dataset_A/sig10_15_25/srs_51.txt,srs_51.txt,1,5,3,22
data/SRS/Dataset_A/sig10_15_25/srs_51.txt,srs_51.txt,1,10,0,22
data/SRS/Dataset_A/sig10_15_25/srs_51.txt,srs_51.txt,1,10,1,22
data/SRS/Dataset_A/sig10_15_25/srs_51.txt,srs_51.txt,1,10,2,22
data/SRS/Dataset_A/sig10_15_25/srs_51.txt,srs_51.txt,1,10,3,22
data/SRS/Dataset_A/sig10_15_25/srs_52.txt,srs_52.txt,0,1,1,17
data/SRS/Dataset_A/sig10_15_25/srs_52.txt,srs_52.txt,0,1,2,17
data/SRS/Dataset_A/sig10_15_25/srs_52.txt,srs_52.txt,0,1,3,17
data/SRS/Dataset_A/sig10_15_25/srs_52.txt,srs_52.txt,0,5,0,17
data/SRS/Dataset_A/sig10_15_25/srs_52.txt,srs_52.txt,0,5,1,17
data/SRS/Dataset_A/sig10_15_25/srs_52.txt,srs_52.txt,0,5,2,17
data/SRS/Dataset_A/sig10_15_25/srs_52.txt,srs_52.txt,0,5,3,17
data/SRS/Dataset_A/sig10_15_25/srs_52.txt,srs_52.txt,0,10,0,17
data/SRS/Dataset_A/sig10_15_25/srs_52.txt,srs_52.txt,0,10,1,17
data/SRS/Dataset_A/sig10_15_25/srs_52.txt,srs_52.txt,0,10,2,17
data/SRS/Dataset_A/sig10_15_25/srs_52.txt,srs_52.txt,1,1,0,17
data/SRS/Dataset_A/sig10_15_25/srs_52.txt,srs_52.txt,1,1,1,17
data/SRS/Dataset_A/sig10_15_25/srs_52.txt,srs_52.txt,1,1,2,17
data/SRS/Dataset_A/sig10_15_25/srs_52.txt,srs_52.txt,1,1,3,17
data/SRS/Dataset_A/sig10_15_25/srs_52.txt,srs_52.txt,1,5,0,17
data/SRS/Dataset_A/sig10_15_25/srs_52.txt,srs_52.txt,1,5,1,17
data/SRS/Dataset_A/sig10_15_25/srs_52.txt,srs_52.txt,1,5,2,17
data/SRS/Dataset_A/sig10_15_25/srs_52.txt,srs_52.txt,1,5,3,17
data/SRS/Dataset_A/sig10_15_25/srs_52.txt,srs_52.txt,1,10,0,17
data/SRS/Dataset_A/sig10_15_25/srs_52.txt,srs_52.txt,1,10,1,17
data/SRS/Dataset_A/sig10_15_25/srs_52.txt,srs_52.txt,1,10,2,17
data/SRS/Dataset_A/sig10_15_25/srs_52.txt,srs_52.txt,1,10,3,17
data/SRS/Dataset_A/sig10_15_25/srs_53.txt,srs_53.txt,0,1,1,24
data/SRS/Dataset_A/sig10_15_25/srs_53.txt,srs_53.txt,0,1,2,24
data/SRS/Dataset_A/sig10_15_25/srs_53.txt,srs_53.txt,0,1,3,24
data/SRS/Dataset_A/sig10_15_25/srs_53.txt,srs_53.txt,0,5,0,24
data/SRS/Dataset_A/sig10_15_25/srs_53.txt,srs_53.txt,0,5,1,24
data/SRS/Dataset_A/sig10_15_25/srs_53.txt,srs_53.txt,0,5,2,24
data/SRS/Dataset_A/sig10_15_25/srs_53.txt,srs_53.txt,0,5,3,24
data/SRS/Dataset_A/sig10_15_25/srs_53.txt,srs_53.txt,0,10,0,24
data/SRS/Dataset_A/sig10_15_25/srs_53.txt,srs_53.txt,0,10,1,24
data/SRS/Dataset_A/sig10_15_25/srs_53.txt,srs_53.txt,0,10,2,24
data/SRS/Dataset_A/sig10_15_25/srs_53.txt,srs_53.txt,1,1,0,24
data/SRS/Dataset_A/sig10_15_25/srs_53.txt,srs_53.txt,1,1,1,24
data/SRS/Dataset_A/sig10_15_25/srs_53.txt,srs_53.txt,1,1,2,24
data/SRS/Dataset_A/sig10_15_25/srs_53.txt,srs_53.txt,1,1,3,24
data/SRS/Dataset_A/sig10_15_25/srs_53.txt,srs_53.txt,1,5,0,24
data/SRS/Dataset_A/sig10_15_25/srs_53.txt,srs_53.txt,1,5,1,24
data/SRS/Dataset_A/sig10_15_25/srs_53.txt,srs_53.txt,1,5,2,24
data/SRS/Dataset_A/sig10_15_25/srs_53.txt,srs_53.txt,1,5,3,24
data/SRS/Dataset_A/sig10_15_25/srs_53.txt,srs_53.txt,1,10,0,24
data/SRS/Dataset_A/sig10_15_25/srs_53.txt,srs_53.txt,1,10,1,24
data/SRS/Dataset_A/sig10_15_25/srs_53.txt,srs_53.txt,1,10,2,24
data/SRS/Dataset_A/sig10_15_25/srs_53.txt,srs_53.txt,1,10,3,24
data/SRS/Dataset_A/sig10_15_25/srs_54.txt,srs_54.txt,0,1,1,18
data/SRS/Dataset_A/sig10_15_25/srs_54.txt,srs_54.txt,0,1,2,18
data/SRS/Dataset_A/sig10_15_25/srs_54.txt,srs_54.txt,0,1,3,18
data/SRS/Dataset_A/sig10_15_25/srs_54.txt,srs_54.txt,0,5,0,18
data/SRS/Dataset_A/sig10_15_25/srs_54.txt,srs_54.txt,0,5,1,18
data/SRS/Dataset_A/sig10_15_25/srs_54.txt,srs_54.txt,0,5,2,18
data/SRS/Dataset_A/sig10_15_25/srs_54.txt,srs_54.txt,0,5,3,18
data/SRS/Dataset_A/sig10_15_25/srs_54.txt,srs_54.txt,0,10,0,18
data/SRS/Dataset_A/sig10_15_25/srs_54.txt,srs_54.txt,0,10,1,18
data/SRS/Dataset_A/sig10_15_25/srs_54.txt,srs_54.txt,0,10,2,18
data/SRS/Dataset_A/sig10_15_25/srs_54.txt,srs_54.txt,1,1,0,18
data/SRS/Dataset_A/sig10_15_25/srs_54.txt,srs_54.txt,1,1,1,18
data/SRS/Dataset_A/sig10_15_25/srs_54.txt,srs_54.txt,1,1,2,18
data/SRS/Dataset_A/sig10_15_25/srs_54.txt,srs_54.txt,1,1,3,18
data/SRS/Dataset_A/sig10_15_25/srs_54.txt,srs_54.txt,1,5,0,18
data/SRS/Dataset_A/sig10_15_25/srs_54.txt,srs_54.txt,1,5,1,18
data/SRS/Dataset_A/sig10_15_25/srs_54.txt,srs_54.txt,1,5,2,18
data/SRS/Dataset_A/sig10_15_25/srs_54.txt,srs_54.txt,1,5,3,18
data/SRS/Dataset_A/sig10_15_25/srs_54.txt,srs_54.txt,1,10,0,18
data/SRS/Dataset_A/sig10_15_25/srs_54.txt,srs_54.txt,1,10,1,18
data/SRS/Dataset_A/sig10_15_25/srs_54.txt,srs_54.txt,1,10,2,18
data/SRS/Dataset_A/sig10_15_25/srs_54.txt,srs_54.txt,1,10,3,18
data/SRS/Dataset_A/sig10_15_25/srs_55.txt,srs_55.txt,0,1,1,23
data/SRS/Dataset_A/sig10_15_25/srs_55.txt,srs_55.txt,0,1,2,23
data/SRS/Dataset_A/sig10_15_25/srs_55.txt,srs_55.txt,0,1,3,23
data/SRS/Dataset_A/sig10_15_25/srs_55.txt,srs_55.txt,0,5,0,23
data/SRS/Dataset_A/sig10_15_25/srs_55.txt,srs_55.txt,0,5,1,23
data/SRS/Dataset_A/sig10_15_25/srs_55.txt,srs_55.txt,0,5,2,23
data/SRS/Dataset_A/sig10_15_25/srs_55.txt,srs_55.txt,0,5,3,23
data/SRS/Dataset_A/sig10_15_25/srs_55.txt,srs_55.txt,0,10,0,23
data/SRS/Dataset_A/sig10_15_25/srs_55.txt,srs_55.txt,0,10,1,23
data/SRS/Dataset_A/sig10_15_25/srs_55.txt,srs_55.txt,0,10,2,23
data/SRS/Dataset_A/sig10_15_25/srs_55.txt,srs_55.txt,1,1,0,23
data/SRS/Dataset_A/sig10_15_25/srs_55.txt,srs_55.txt,1,1,1,23
data/SRS/Dataset_A/sig10_15_25/srs_55.txt,srs_55.txt,1,1,2,23
data/SRS/Dataset_A/sig10_15_25/srs_55.txt,srs_55.txt,1,1,3,23
data/SRS/Dataset_A/sig10_15_25/srs_55.txt,srs_55.txt,1,5,0,23
data/SRS/Dataset_A/sig10_15_25/srs_55.txt,srs_55.txt,1,5,1,23
data/SRS/Dataset_A/sig10_15_25/srs_55.txt,srs_55.txt,1,5,2,23
data/SRS/Dataset_A/sig10_15_25/srs_55.txt,srs_55.txt,1,5,3,23
data/SRS/Dataset_A/sig10_15_25/srs_55.txt,srs_55.txt,1,10,0,23
data/SRS/Dataset_A/sig10_15_25/srs_55.txt,srs_55.txt,1,10,1,23
data/SRS/Dataset_A/sig10_15_25/srs_55.txt,srs_55.txt,1,10,2,23
data/SRS/Dataset_A/sig10_15_25/srs_55.txt,srs_55.txt,1,10,3,23
data/SRS/Dataset_A/sig10_15_25/srs_56.txt,srs_56.txt,0,1,1,21
data/SRS/Dataset_A/sig10_15_25/srs_56.txt,srs_56.txt,0,1,2,21
data/SRS/Dataset_A/sig10_15_25/srs_56.txt,srs_56.txt,0,1,3,21
data/SRS/Dataset_A/sig10_15_25/srs_56.txt,srs_56.txt,0,5,0,21
data/SRS/Dataset_A/sig10_15_25/srs_56.txt,srs_56.txt,0,5,1,21
data/SRS/Dataset_A/sig10_15_25/srs_56.txt,srs_56.txt,0,5,2,21
data/SRS/Dataset_A/sig10_15_25/srs_56.txt,srs_56.txt,0,5,3,21
data/SRS/Dataset_A/sig10_15_25/srs_56.txt,srs_56.txt,0,10,0,21
data/SRS/Dataset_A/sig10_15_25/srs_56.txt,srs_56.txt,0,10,1,21
data/SRS/Dataset_A/sig10_15_25/srs_56.txt,srs_56.txt,0,10,2,21
data/SRS/Dataset_A/sig10_15_25/srs_56.txt,srs_56.txt,1,1,0,21
data/SRS/Dataset_A/sig10_15_25/srs_56.txt,srs_56.txt,1,1,1,21
data/SRS/Dataset_A/sig10_15_25/srs_56.txt,srs_56.txt,1,1,2,21
data/SRS/Dataset_A/sig10_15_25/srs_56.txt,srs_56.txt,1,1,3,21
data/SRS/Dataset_A/sig10_15_25/srs_56.txt,srs_56.txt,1,5,0,21
data/SRS/Dataset_A/sig10_15_25/srs_56.txt,srs_56.txt,1,5,1,21
data/SRS/Dataset_A/sig10_15_25/srs_56.txt,srs_56.txt,1,5,2,21
data/SRS/Dataset_A/sig10_15_25/srs_56.txt,srs_56.txt,1,5,3,21
data/SRS/Dataset_A/sig10_15_25/srs_56.txt,srs_56.txt,1,10,0,21
data/SRS/Dataset_A/sig10_15_25/srs_56.txt,srs_56.txt,1,10,1,21
data/SRS/Dataset_A/sig10_15_25/srs_56.txt,srs_56.txt,1,10,2,21
data/SRS/Dataset_A/sig10_15_25/srs_56.txt,srs_56.txt,1,10,3,21
data/SRS/Dataset_A/sig10_15_25/srs_57.txt,srs_57.txt,0,1,1,23
data/SRS/Dataset_A/sig10_15_25/srs_57.txt,srs_57.txt,0,1,2,23
data/SRS/Dataset_A/sig10_15_25/srs_57.txt,srs_57.txt,0,1,3,23
data/SRS/Dataset_A/sig10_15_25/srs_57.txt,srs_57.txt,0,5,0,23
data/SRS/Dataset_A/sig10_15_25/srs_57.txt,srs_57.txt,0,5,1,23
data/SRS/Dataset_A/sig10_15_25/srs_57.txt,srs_57.txt,0,5,2,23
data/SRS/Dataset_A/sig10_15_25/srs_57.txt,srs_57.txt,0,5,3,23
data/SRS/Dataset_A/sig10_15_25/srs_57.txt,srs_57.txt,0,10,0,23
data/SRS/Dataset_A/sig10_15_25/srs_57.txt,srs_57.txt,0,10,1,23
data/SRS/Dataset_A/sig10_15_25/srs_57.txt,srs_57.txt,0,10,2,23
data/SRS/Dataset_A/sig10_15_25/srs_57.txt,srs_57.txt,1,1,0,23
data/SRS/Dataset_A/sig10_15_25/srs_57.txt,srs_57.txt,1,1,1,23
data/SRS/Dataset_A/sig10_15_25/srs_57.txt,srs_57.txt,1,1,2,23
data/SRS/Dataset_A/sig10_15_25/srs_57.txt,srs_57.txt,1,1,3,23
data/SRS/Dataset_A/sig10_15_25/srs_57.txt,srs_57.txt,1,5,0,23
data/SRS/Dataset_A/sig10_15_25/srs_57.txt,srs_57.txt,1,5,1,23
data/SRS/Dataset_A/sig10_15_25/srs_57.txt,srs_57.txt,1,5,2,23
data/SRS/Dataset_A/sig10_15_25/srs_57.txt,srs_57.txt,1,5,3,23
data/SRS/Dataset_A/sig10_15_25/srs_57.txt,srs_57.txt,1,10,0,23
data/SRS/Dataset_A/sig10_15_25/srs_57.txt,srs_57.txt,1,10,1,23
data/SRS/Dataset_A/sig10_15_25/srs_57.txt,srs_57.txt,1,10,2,23
data/SRS/Dataset_A/sig10_15_25/srs_57.txt,srs_57.txt,1,10,3,23
data/SRS/Dataset_A/sig10_15_25/srs_58.txt,srs_58.txt,0,1,1,23
data/SRS/Dataset_A/sig10_15_25/srs_58.txt,srs_58.txt,0,1,2,23
data/SRS/Dataset_A/sig10_15_25/srs_58.txt,srs_58.txt,0,1,3,23
data/SRS/Dataset_A/sig10_15_25/srs_58.txt,srs_58.txt,0,5,0,23
data/SRS/Dataset_A/sig10_15_25/srs_58.txt,srs_58.txt,0,5,1,23
data/SRS/Dataset_A/sig10_15_25/srs_58.txt,srs_58.txt,0,5,2,23
data/SRS/Dataset_A/sig10_15_25/srs_58.txt,srs_58.txt,0,5,3,23
data/SRS/Dataset_A/sig10_15_25/srs_58.txt,srs_58.txt,0,10,0,23
data/SRS/Dataset_A/sig10_15_25/srs_58.txt,srs_58.txt,0,10,1,23
data/SRS/Dataset_A/sig10_15_25/srs_58.txt,srs_58.txt,0,10,2,23
data/SRS/Dataset_A/sig10_15_25/srs_58.txt,srs_58.txt,1,1,0,23
data/SRS/Dataset_A/sig10_15_25/srs_58.txt,srs_58.txt,1,1,1,23
data/SRS/Dataset_A/sig10_15_25/srs_58.txt,srs_58.txt,1,1,2,23
data/SRS/Dataset_A/sig10_15_25/srs_58.txt,srs_58.txt,1,1,3,23
data/SRS/Dataset_A/sig10_15_25/srs_58.txt,srs_58.txt,1,5,0,23
data/SRS/Dataset_A/sig10_15_25/srs_58.txt,srs_58.txt,1,5,1,23
data/SRS/Dataset_A/sig10_15_25/srs_58.txt,srs_58.txt,1,5,2,23
data/SRS/Dataset_A/sig10_15_25/srs_58.txt,srs_58.txt,1,5,3,23
data/SRS/Dataset_A/sig10_15_25/srs_58.txt,srs_58.txt,1,10,0,23
data/SRS/Dataset_A/sig10_15_25/srs_58.txt,srs_58.txt,1,10,1,23
data/SRS/Dataset_A/sig10_15_25/srs_58.txt,srs_58.txt,1,10,2,23
data/SRS/Dataset_A/sig10_15_25/srs_58.txt,srs_58.txt,1,10,3,23
data/SRS/Dataset_A/sig10_15_25/srs_59.txt,srs_59.txt,0,1,1,14
data/SRS/Dataset_A/sig10_15_25/srs_59.txt,srs_59.txt,0,1,2,14
data/SRS/Dataset_A/sig10_15_25/srs_59.txt,srs_59.txt,0,1,3,14
data/SRS/Dataset_A/sig10_15_25/srs_59.txt,srs_59.txt,0,5,0,14
data/SRS/Dataset_A/sig10_15_25/srs_59.txt,srs_59.txt,0,5,1,14
data/SRS/Dataset_A/sig10_15_25/srs_59.txt,srs_59.txt,0,5,2,14
data/SRS/Dataset_A/sig10_15_25/srs_59.txt,srs_59.txt,0,5,3,14
data/SRS/Dataset_A/sig10_15_25/srs_59.txt,srs_59.txt,0,10,0,14
data/SRS/Dataset_A/sig10_15_25/srs_59.txt,srs_59.txt,0,10,1,14
data/SRS/Dataset_A/sig10_15_25/srs_59.txt,srs_59.txt,0,10,2,14
data/SRS/Dataset_A/sig10_15_25/srs_59.txt,srs_59.txt,1,1,0,14
data/SRS/Dataset_A/sig10_15_25/srs_59.txt,srs_59.txt,1,1,1,14
data/SRS/Dataset_A/sig10_15_25/srs_59.txt,srs_59.txt,1,1,2,14
data/SRS/Dataset_A/sig10_15_25/srs_59.txt,srs_59.txt,1,1,3,14
data/SRS/Dataset_A/sig10_15_25/srs_59.txt,srs_59.txt,1,5,0,14
data/SRS/Dataset_A/sig10_15_25/srs_59.txt,srs_59.txt,1,5,1,14
data/SRS/Dataset_A/sig10_15_25/srs_59.txt,srs_59.txt,1,5,2,14
data/SRS/Dataset_A/sig10_15_25/srs_59.txt,srs_59.txt,1,5,3,14
data/SRS/Dataset_A/sig10_15_25/srs_59.txt,srs_59.txt,1,10,0,14
data/SRS/Dataset_A/sig10_15_25/srs_59.txt,srs_59.txt,1,10,1,14
data/SRS/Dataset_A/sig10_15_25/srs_59.txt,srs_59.txt,1,10,2,14
data/SRS/Dataset_A/sig10_15_25/srs_59.txt,srs_59.txt,1,10,3,14
data/SRS/Dataset_A/sig10_15_25/srs_6.txt,srs_6.txt,0,1,1,18
data/SRS/Dataset_A/sig10_15_25/srs_6.txt,srs_6.txt,0,1,2,18
data/SRS/Dataset_A/sig10_15_25/srs_6.txt,srs_6.txt,0,1,3,18
data/SRS/Dataset_A/sig10_15_25/srs_6.txt,srs_6.txt,0,5,0,18
data/SRS/Dataset_A/sig10_15_25/srs_6.txt,srs_6.txt,0,5,1,18
data/SRS/Dataset_A/sig10_15_25/srs_6.txt,srs_6.txt,0,5,2,18
data/SRS/Dataset_A/sig10_15_25/srs_6.txt,srs_6.txt,0,5,3,18
data/SRS/Dataset_A/sig10_15_25/srs_6.txt,srs_6.txt,0,10,0,18
data/SRS/Dataset_A/sig10_15_25/srs_6.txt,srs_6.txt,0,10,1,18
data/SRS/Dataset_A/sig10_15_25/srs_6.txt,srs_6.txt,0,10,2,18
data/SRS/Dataset_A/sig10_15_25/srs_6.txt,srs_6.txt,1,1,0,18
data/SRS/Dataset_A/sig10_15_25/srs_6.txt,srs_6.txt,1,1,1,18
data/SRS/Dataset_A/sig10_15_25/srs_6.txt,srs_6.txt,1,1,2,18
data/SRS/Dataset_A/sig10_15_25/srs_6.txt,srs_6.txt,1,1,3,18
data/SRS/Dataset_A/sig10_15_25/srs_6.txt,srs_6.txt,1,5,0,18
data/SRS/Dataset_A/sig10_15_25/srs_6.txt,srs_6.txt,1,5,1,18
data/SRS/Dataset_A/sig10_15_25/srs_6.txt,srs_6.txt,1,5,2,18
data/SRS/Dataset_A/sig10_15_25/srs_6.txt,srs_6.txt,1,5,3,18
data/SRS/Dataset_A/sig10_15_25/srs_6.txt,srs_6.txt,1,10,0,18
data/SRS/Dataset_A/sig10_15_25/srs_6.txt,srs_6.txt,1,10,1,18
data/SRS/Dataset_A/sig10_15_25/srs_6.txt,srs_6.txt,1,10,2,18
data/SRS/Dataset_A/sig10_15_25/srs_6.txt,srs_6.txt,1,10,3,18
data/SRS/Dataset_A/sig10_15_25/srs_60.txt,srs_60.txt,0,1,1,23
data/SRS/Dataset_A/sig10_15_25/srs_60.txt,srs_60.txt,0,1,2,23
data/SRS/Dataset_A/sig10_15_25/srs_60.txt,srs_60.txt,0,1,3,23
data/SRS/Dataset_A/sig10_15_25/srs_60.txt,srs_60.txt,0,5,0,23
data/SRS/Dataset_A/sig10_15_25/srs_60.txt,srs_60.txt,0,5,1,23
data/SRS/Dataset_A/sig10_15_25/srs_60.txt,srs_60.txt,0,5,2,23
data/SRS/Dataset_A/sig10_15_25/srs_60.txt,srs_60.txt,0,5,3,23
data/SRS/Dataset_A/sig10_15_25/srs_60.txt,srs_60.txt,0,10,0,23
data/SRS/Dataset_A/sig10_15_25/srs_60.txt,srs_60.txt,0,10,1,23
data/SRS/Dataset_A/sig10_15_25/srs_60.txt,srs_60.txt,0,10,2,23
data/SRS/Dataset_A/sig10_15_25/srs_60.txt,srs_60.txt,1,1,0,23
data/SRS/Dataset_A/sig10_15_25/srs_60.txt,srs_60.txt,1,1,1,23
data/SRS/Dataset_A/sig10_15_25/srs_60.txt,srs_60.txt,1,1,2,23
data/SRS/Dataset_A/sig10_15_25/srs_60.txt,srs_60.txt,1,1,3,23
data/SRS/Dataset_A/sig10_15_25/srs_60.txt,srs_60.txt,1,5,0,23
data/SRS/Dataset_A/sig10_15_25/srs_60.txt,srs_60.txt,1,5,1,23
data/SRS/Dataset_A/sig10_15_25/srs_60.txt,srs_60.txt,1,5,2,23
data/SRS/Dataset_A/sig10_15_25/srs_60.txt,srs_60.txt,1,5,3,23
data/SRS/Dataset_A/sig10_15_25/srs_60.txt,srs_60.txt,1,10,0,23
data/SRS/Dataset_A/sig10_15_25/srs_60.txt,srs_60.txt,1,10,1,23
data/SRS/Dataset_A/sig10_15_25/srs_60.txt,srs_60.txt,1,10,2,23
data/SRS/Dataset_A/sig10_15_25/srs_60.txt,srs_60.txt,1,10,3,23
data/SRS/Dataset_A/sig10_15_25/srs_61.txt,srs_61.txt,0,1,1,22
data/SRS/Dataset_A/sig10_15_25/srs_61.txt,srs_61.txt,0,1,2,22
data/SRS/Dataset_A/sig10_15_25/srs_61.txt,srs_61.txt,0,1,3,22
data/SRS/Dataset_A/sig10_15_25/srs_61.txt,srs_61.txt,0,5,0,22
data/SRS/Dataset_A/sig10_15_25/srs_61.txt,srs_61.txt,0,5,1,22
data/SRS/Dataset_A/sig10_15_25/srs_61.txt,srs_61.txt,0,5,2,22
data/SRS/Dataset_A/sig10_15_25/srs_61.txt,srs_61.txt,0,5,3,22
data/SRS/Dataset_A/sig10_15_25/srs_61.txt,srs_61.txt,0,10,0,22
data/SRS/Dataset_A/sig10_15_25/srs_61.txt,srs_61.txt,0,10,1,22
data/SRS/Dataset_A/sig10_15_25/srs_61.txt,srs_61.txt,0,10,2,22
data/SRS/Dataset_A/sig10_15_25/srs_61.txt,srs_61.txt,1,1,0,22
data/SRS/Dataset_A/sig10_15_25/srs_61.txt,srs_61.txt,1,1,1,22
data/SRS/Dataset_A/sig10_15_25/srs_61.txt,srs_61.txt,1,1,2,22
data/SRS/Dataset_A/sig10_15_25/srs_61.txt,srs_61.txt,1,1,3,22
data/SRS/Dataset_A/sig10_15_25/srs_61.txt,srs_61.txt,1,5,0,22
data/SRS/Dataset_A/sig10_15_25/srs_61.txt,srs_61.txt,1,5,1,22
data/SRS/Dataset_A/sig10_15_25/srs_61.txt,srs_61.txt,1,5,2,22
data/SRS/Dataset_A/sig10_15_25/srs_61.txt,srs_61.txt,1,5,3,22
data/SRS/Dataset_A/sig10_15_25/srs_61.txt,srs_61.txt,1,10,0,22
data/SRS/Dataset_A/sig10_15_25/srs_61.txt,srs_61.txt,1,10,1,22
data/SRS/Dataset_A/sig10_15_25/srs_61.txt,srs_61.txt,1,10,2,22
data/SRS/Dataset_A/sig10_15_25/srs_61.txt,srs_61.txt,1,10,3,22
data/SRS/Dataset_A/sig10_15_25/srs_62.txt,srs_62.txt,0,1,1,16
data/SRS/Dataset_A/sig10_15_25/srs_62.txt,srs_62.txt,0,1,2,16
data/SRS/Dataset_A/sig10_15_25/srs_62.txt,srs_62.txt,0,1,3,16
data/SRS/Dataset_A/sig10_15_25/srs_62.txt,srs_62.txt,0,5,0,16
data/SRS/Dataset_A/sig10_15_25/srs_62.txt,srs_62.txt,0,5,1,16
data/SRS/Dataset_A/sig10_15_25/srs_62.txt,srs_62.txt,0,5,2,16
data/SRS/Dataset_A/sig10_15_25/srs_62.txt,srs_62.txt,0,5,3,16
data/SRS/Dataset_A/sig10_15_25/srs_62.txt,srs_62.txt,0,10,0,16
data/SRS/Dataset_A/sig10_15_25/srs_62.txt,srs_62.txt,0,10,1,16
data/SRS/Dataset_A/sig10_15_25/srs_62.txt,srs_62.txt,0,10,2,16
data/SRS/Dataset_A/sig10_15_25/srs_62.txt,srs_62.txt,1,1,0,16
data/SRS/Dataset_A/sig10_15_25/srs_62.txt,srs_62.txt,1,1,1,16
data/SRS/Dataset_A/sig10_15_25/srs_62.txt,srs_62.txt,1,1,2,16
data/SRS/Dataset_A/sig10_15_25/srs_62.txt,srs_62.txt,1,1,3,16
data/SRS/Dataset_A/sig10_15_25/srs_62.txt,srs_62.txt,1,5,0,16
data/SRS/Dataset_A/sig10_15_25/srs_62.txt,srs_62.txt,1,5,1,16
data/SRS/Dataset_A/sig10_15_25/srs_62.txt,srs_62.txt,1,5,2,16
data/SRS/Dataset_A/sig10_15_25/srs_62.txt,srs_62.txt,1,5,3,16
data/SRS/Dataset_A/sig10_15_25/srs_62.txt,srs_62.txt,1,10,0,16
data/SRS/Dataset_A/sig10_15_25/srs_62.txt,srs_62.txt,1,10,1,16
data/SRS/Dataset_A/sig10_15_25/srs_62.txt,srs_62.txt,1,10,2,16
data/SRS/Dataset_A/sig10_15_25/srs_62.txt,srs_62.txt,1,10,3,16
data/SRS/Dataset_A/sig10_15_25/srs_63.txt,srs_63.txt,0,1,1,15
data/SRS/Dataset_A/sig10_15_25/srs_63.txt,srs_63.txt,0,1,2,15
data/SRS/Dataset_A/sig10_15_25/srs_63.txt,srs_63.txt,0,1,3,15
data/SRS/Dataset_A/sig10_15_25/srs_63.txt,srs_63.txt,0,5,0,15
data/SRS/Dataset_A/sig10_15_25/srs_63.txt,srs_63.txt,0,5,1,15
data/SRS/Dataset_A/sig10_15_25/srs_63.txt,srs_63.txt,0,5,2,15
data/SRS/Dataset_A/sig10_15_25/srs_63.txt,srs_63.txt,0,5,3,15
data/SRS/Dataset_A/sig10_15_25/srs_63.txt,srs_63.txt,0,10,0,15
data/SRS/Dataset_A/sig10_15_25/srs_63.txt,srs_63.txt,0,10,1,15
data/SRS/Dataset_A/sig10_15_25/srs_63.txt,srs_63.txt,0,10,2,15
data/SRS/Dataset_A/sig10_15_25/srs_63.txt,srs_63.txt,1,1,0,15
data/SRS/Dataset_A/sig10_15_25/srs_63.txt,srs_63.txt,1,1,1,15
data/SRS/Dataset_A/sig10_15_25/srs_63.txt,srs_63.txt,1,1,2,15
data/SRS/Dataset_A/sig10_15_25/srs_63.txt,srs_63.txt,1,1,3,15
data/SRS/Dataset_A/sig10_15_25/srs_63.txt,srs_63.txt,1,5,0,15
data/SRS/Dataset_A/sig10_15_25/srs_63.txt,srs_63.txt,1,5,1,15
data/SRS/Dataset_A/sig10_15_25/srs_63.txt,srs_63.txt,1,5,2,15
data/SRS/Dataset_A/sig10_15_25/srs_63.txt,srs_63.txt,1,5,3,15
data/SRS/Dataset_A/sig10_15_25/srs_63.txt,srs_63.txt,1,10,0,15
data/SRS/Dataset_A/sig10_15_25/srs_63.txt,srs_63.txt,1,10,1,15
data/SRS/Dataset_A/sig10_15_25/srs_63.txt,srs_63.txt,1,10,2,15
data/SRS/Dataset_A/sig10_15_25/srs_63.txt,srs_63.txt,1,10,3,15
data/SRS/Dataset_A/sig10_15_25/srs_64.txt,srs_64.txt,0,1,1,25
data/SRS/Dataset_A/sig10_15_25/srs_64.txt,srs_64.txt,0,1,2,25
data/SRS/Dataset_A/sig10_15_25/srs_64.txt,srs_64.txt,0,1,3,25
data/SRS/Dataset_A/sig10_15_25/srs_64.txt,srs_64.txt,0,5,0,25
data/SRS/Dataset_A/sig10_15_25/srs_64.txt,srs_64.txt,0,5,1,25
data/SRS/Dataset_A/sig10_15_25/srs_64.txt,srs_64.txt,0,5,2,25
data/SRS/Dataset_A/sig10_15_25/srs_64.txt,srs_64.txt,0,5,3,25
data/SRS/Dataset_A/sig10_15_25/srs_64.txt,srs_64.txt,0,10,0,25
data/SRS/Dataset_A/sig10_15_25/srs_64.txt,srs_64.txt,0,10,1,25
data/SRS/Dataset_A/sig10_15_25/srs_64.txt,srs_64.txt,0,10,2,25
data/SRS/Dataset_A/sig10_15_25/srs_64.txt,srs_64.txt,1,1,0,25
data/SRS/Dataset_A/sig10_15_25/srs_64.txt,srs_64.txt,1,1,1,25
data/SRS/Dataset_A/sig10_15_25/srs_64.txt,srs_64.txt,1,1,2,25
data/SRS/Dataset_A/sig10_15_25/srs_64.txt,srs_64.txt,1,1,3,25
data/SRS/Dataset_A/sig10_15_25/srs_64.txt,srs_64.txt,1,5,0,25
data/SRS/Dataset_A/sig10_15_25/srs_64.txt,srs_64.txt,1,5,1,25
data/SRS/Dataset_A/sig10_15_25/srs_64.txt,srs_64.txt,1,5,2,25
data/SRS/Dataset_A/sig10_15_25/srs_64.txt,srs_64.txt,1,5,3,25
data/SRS/Dataset_A/sig10_15_25/srs_64.txt,srs_64.txt,1,10,0,25
data/SRS/Dataset_A/sig10_15_25/srs_64.txt,srs_64.txt,1,10,1,25
data/SRS/Dataset_A/sig10_15_25/srs_64.txt,srs_64.txt,1,10,2,25
data/SRS/Dataset_A/sig10_15_25/srs_64.txt,srs_64.txt,1,10,3,25
data/SRS/Dataset_A/sig10_15_25/srs_65.txt,srs_65.txt,0,1,1,16
data/SRS/Dataset_A/sig10_15_25/srs_65.txt,srs_65.txt,0,1,2,16
data/SRS/Dataset_A/sig10_15_25/srs_65.txt,srs_65.txt,0,1,3,16
data/SRS/Dataset_A/sig10_15_25/srs_65.txt,srs_65.txt,0,5,0,16
data/SRS/Dataset_A/sig10_15_25/srs_65.txt,srs_65.txt,0,5,1,16
data/SRS/Dataset_A/sig10_15_25/srs_65.txt,srs_65.txt,0,5,2,16
data/SRS/Dataset_A/sig10_15_25/srs_65.txt,srs_65.txt,0,5,3,16
data/SRS/Dataset_A/sig10_15_25/srs_65.txt,srs_65.txt,0,10,0,16
data/SRS/Dataset_A/sig10_15_25/srs_65.txt,srs_65.txt,0,10,1,16
data/SRS/Dataset_A/sig10_15_25/srs_65.txt,srs_65.txt,0,10,2,16
data/SRS/Dataset_A/sig10_15_25/srs_65.txt,srs_65.txt,1,1,0,16
data/SRS/Dataset_A/sig10_15_25/srs_65.txt,srs_65.txt,1,1,1,16
data/SRS/Dataset_A/sig10_15_25/srs_65.txt,srs_65.txt,1,1,2,16
data/SRS/Dataset_A/sig10_15_25/srs_65.txt,srs_65.txt,1,1,3,16
data/SRS/Dataset_A/sig10_15_25/srs_65.txt,srs_65.txt,1,5,0,16
data/SRS/Dataset_A/sig10_15_25/srs_65.txt,srs_65.txt,1,5,1,16
data/SRS/Dataset_A/sig10_15_25/srs_65.txt,srs_65.txt,1,5,2,16
data/SRS/Dataset_A/sig10_15_25/srs_65.txt,srs_65.txt,1,5,3,16
data/SRS/Dataset_A/sig10_15_25/srs_65.txt,srs_65.txt,1,10,0,16
data/SRS/Dataset_A/sig10_15_25/srs_65.txt,srs_65.txt,1,10,1,16
data/SRS/Dataset_A/sig10_15_25/srs_65.txt,srs_65.txt,1,10,2,16
data/SRS/Dataset_A/sig10_15_25/srs_65.txt,srs_65.txt,1,10,3,16
data/SRS/Dataset_A/sig10_15_25/srs_66.txt,srs_66.txt,0,1,1,15
data/SRS/Dataset_A/sig10_15_25/srs_66.txt,srs_66.txt,0,1,2,15
data/SRS/Dataset_A/sig10_15_25/srs_66.txt,srs_66.txt,0,1,3,15
data/SRS/Dataset_A/sig10_15_25/srs_66.txt,srs_66.txt,0,5,0,15
data/SRS/Dataset_A/sig10_15_25/srs_66.txt,srs_66.txt,0,5,1,15
data/SRS/Dataset_A/sig10_15_25/srs_66.txt,srs_66.txt,0,5,2,15
data/SRS/Dataset_A/sig10_15_25/srs_66.txt,srs_66.txt,0,5,3,15
data/SRS/Dataset_A/sig10_15_25/srs_66.txt,srs_66.txt,0,10,0,15
data/SRS/Dataset_A/sig10_15_25/srs_66.txt,srs_66.txt,0,10,1,15
data/SRS/Dataset_A/sig10_15_25/srs_66.txt,srs_66.txt,0,10,2,15
data/SRS/Dataset_A/sig10_15_25/srs_66.txt,srs_66.txt,1,1,0,15
data/SRS/Dataset_A/sig10_15_25/srs_66.txt,srs_66.txt,1,1,1,15
data/SRS/Dataset_A/sig10_15_25/srs_66.txt,srs_66.txt,1,1,2,15
data/SRS/Dataset_A/sig10_15_25/srs_66.txt,srs_66.txt,1,1,3,15
data/SRS/Dataset_A/sig10_15_25/srs_66.txt,srs_66.txt,1,5,0,15
data/SRS/Dataset_A/sig10_15_25/srs_66.txt,srs_66.txt,1,5,1,15
data/SRS/Dataset_A/sig10_15_25/srs_66.txt,srs_66.txt,1,5,2,15
data/SRS/Dataset_A/sig10_15_25/srs_66.txt,srs_66.txt,1,5,3,15
data/SRS/Dataset_A/sig10_15_25/srs_66.txt,srs_66.txt,1,10,0,15
data/SRS/Dataset_A/sig10_15_25/srs_66.txt,srs_66.txt,1,10,1,15
data/SRS/Dataset_A/sig10_15_25/srs_66.txt,srs_66.txt,1,10,2,15
data/SRS/Dataset_A/sig10_15_25/srs_66.txt,srs_66.txt,1,10,3,15
data/SRS/Dataset_A/sig10_15_25/srs_67.txt,srs_67.txt,0,1,1,23
data/SRS/Dataset_A/sig10_15_25/srs_67.txt,srs_67.txt,0,1,2,23
data/SRS/Dataset_A/sig10_15_25/srs_67.txt,srs_67.txt,0,1,3,23
data/SRS/Dataset_A/sig10_15_25/srs_67.txt,srs_67.txt,0,5,0,23
data/SRS/Dataset_A/sig10_15_25/srs_67.txt,srs_67.txt,0,5,1,23
data/SRS/Dataset_A/sig10_15_25/srs_67.txt,srs_67.txt,0,5,2,23
data/SRS/Dataset_A/sig10_15_25/srs_67.txt,srs_67.txt,0,5,3,23
data/SRS/Dataset_A/sig10_15_25/srs_67.txt,srs_67.txt,0,10,0,23
data/SRS/Dataset_A/sig10_15_25/srs_67.txt,srs_67.txt,0,10,1,23
data/SRS/Dataset_A/sig10_15_25/srs_67.txt,srs_67.txt,0,10,2,23
data/SRS/Dataset_A/sig10_15_25/srs_67.txt,srs_67.txt,1,1,0,23
data/SRS/Dataset_A/sig10_15_25/srs_67.txt,srs_67.txt,1,1,1,23
data/SRS/Dataset_A/sig10_15_25/srs_67.txt,srs_67.txt,1,1,2,23
data/SRS/Dataset_A/sig10_15_25/srs_67.txt,srs_67.txt,1,1,3,23
data/SRS/Dataset_A/sig10_15_25/srs_67.txt,srs_67.txt,1,5,0,23
data/SRS/Dataset_A/sig10_15_25/srs_67.txt,srs_67.txt,1,5,1,23
data/SRS/Dataset_A/sig10_15_25/srs_67.txt,srs_67.txt,1,5,2,23
data/SRS/Dataset_A/sig10_15_25/srs_67.txt,srs_67.txt,1,5,3,23
data/SRS/Dataset_A/sig10_15_25/srs_67.txt,srs_67.txt,1,10,0,23
data/SRS/Dataset_A/sig10_15_25/srs_67.txt,srs_67.txt,1,10,1,23
data/SRS/Dataset_A/sig10_15_25/srs_67.txt,srs_67.txt,1,10,2,23
data/SRS/Dataset_A/sig10_15_25/srs_67.txt,srs_67.txt,1,10,3,23
data/SRS/Dataset_A/sig10_15_25/srs_68.txt,srs_68.txt,0,1,1,16
data/SRS/Dataset_A/sig10_15_25/srs_68.txt,srs_68.txt,0,1,2,16
data/SRS/Dataset_A/sig10_15_25/srs_68.txt,srs_68.txt,0,1,3,16
data/SRS/Dataset_A/sig10_15_25/srs_68.txt,srs_68.txt,0,5,0,16
data/SRS/Dataset_A/sig10_15_25/srs_68.txt,srs_68.txt,0,5,1,16
data/SRS/Dataset_A/sig10_15_25/srs_68.txt,srs_68.txt,0,5,2,16
data/SRS/Dataset_A/sig10_15_25/srs_68.txt,srs_68.txt,0,5,3,16
data/SRS/Dataset_A/sig10_15_25/srs_68.txt,srs_68.txt,0,10,0,16
data/SRS/Dataset_A/sig10_15_25/srs_68.txt,srs_68.txt,0,10,1,16
data/SRS/Dataset_A/sig10_15_25/srs_68.txt,srs_68.txt,0,10,2,16
data/SRS/Dataset_A/sig10_15_25/srs_68.txt,srs_68.txt,1,1,0,16
data/SRS/Dataset_A/sig10_15_25/srs_68.txt,srs_68.txt,1,1,1,16
data/SRS/Dataset_A/sig10_15_25/srs_68.txt,srs_68.txt,1,1,2,16
data/SRS/Dataset_A/sig10_15_25/srs_68.txt,srs_68.txt,1,1,3,16
data/SRS/Dataset_A/sig10_15_25/srs_68.txt,srs_68.txt,1,5,0,16
data/SRS/Dataset_A/sig10_15_25/srs_68.txt,srs_68.txt,1,5,1,16
data/SRS/Dataset_A/sig10_15_25/srs_68.txt,srs_68.txt,1,5,2,16
data/SRS/Dataset_A/sig10_15_25/srs_68.txt,srs_68.txt,1,5,3,16
data/SRS/Dataset_A/sig10_15_25/srs_68.txt,srs_68.txt,1,10,0,16
data/SRS/Dataset_A/sig10_15_25/srs_68.txt,srs_68.txt,1,10,1,16
data/SRS/Dataset_A/sig10_15_25/srs_68.txt,srs_68.txt,1,10,2,16
data/SRS/Dataset_A/sig10_15_25/srs_68.txt,srs_68.txt,1,10,3,16
data/SRS/Dataset_A/sig10_15_25/srs_69.txt,srs_69.txt,0,1,1,24
data/SRS/Dataset_A/sig10_15_25/srs_69.txt,srs_69.txt,0,1,2,24
data/SRS/Dataset_A/sig10_15_25/srs_69.txt,srs_69.txt,0,1,3,24
data/SRS/Dataset_A/sig10_15_25/srs_69.txt,srs_69.txt,0,5,0,24
data/SRS/Dataset_A/sig10_15_25/srs_69.txt,srs_69.txt,0,5,1,24
data/SRS/Dataset_A/sig10_15_25/srs_69.txt,srs_69.txt,0,5,2,24
data/SRS/Dataset_A/sig10_15_25/srs_69.txt,srs_69.txt,0,5,3,24
data/SRS/Dataset_A/sig10_15_25/srs_69.txt,srs_69.txt,0,10,0,24
data/SRS/Dataset_A/sig10_15_25/srs_69.txt,srs_69.txt,0,10,1,24
data/SRS/Dataset_A/sig10_15_25/srs_69.txt,srs_69.txt,0,10,2,24
data/SRS/Dataset_A/sig10_15_25/srs_69.txt,srs_69.txt,1,1,0,24
data/SRS/Dataset_A/sig10_15_25/srs_69.txt,srs_69.txt,1,1,1,24
data/SRS/Dataset_A/sig10_15_25/srs_69.txt,srs_69.txt,1,1,2,24
data/SRS/Dataset_A/sig10_15_25/srs_69.txt,srs_69.txt,1,1,3,24
data/SRS/Dataset_A/sig10_15_25/srs_69.txt,srs_69.txt,1,5,0,24
data/SRS/Dataset_A/sig10_15_25/srs_69.txt,srs_69.txt,1,5,1,24
data/SRS/Dataset_A/sig10_15_25/srs_69.txt,srs_69.txt,1,5,2,24
data/SRS/Dataset_A/sig10_15_25/srs_69.txt,srs_69.txt,1,5,3,24
data/SRS/Dataset_A/sig10_15_25/srs_69.txt,srs_69.txt,1,10,0,24
data/SRS/Dataset_A/sig10_15_25/srs_69.txt,srs_69.txt,1,10,1,24
data/SRS/Dataset_A/sig10_15_25/srs_69.txt,srs_69.txt,1,10,2,24
data/SRS/Dataset_A/sig10_15_25/srs_69.txt,srs_69.txt,1,10,3,24
data/SRS/Dataset_A/sig10_15_25/srs_7.txt,srs_7.txt,0,1,1,22
data/SRS/Dataset_A/sig10_15_25/srs_7.txt,srs_7.txt,0,1,2,22
data/SRS/Dataset_A/sig10_15_25/srs_7.txt,srs_7.txt,0,1,3,22
data/SRS/Dataset_A/sig10_15_25/srs_7.txt,srs_7.txt,0,5,0,22
data/SRS/Dataset_A/sig10_15_25/srs_7.txt,srs_7.txt,0,5,1,22
data/SRS/Dataset_A/sig10_15_25/srs_7.txt,srs_7.txt,0,5,2,22
data/SRS/Dataset_A/sig10_15_25/srs_7.txt,srs_7.txt,0,5,3,22
data/SRS/Dataset_A/sig10_15_25/srs_7.txt,srs_7.txt,0,10,0,22
data/SRS/Dataset_A/sig10_15_25/srs_7.txt,srs_7.txt,0,10,1,22
data/SRS/Dataset_A/sig10_15_25/srs_7.txt,srs_7.txt,0,10,2,22
data/SRS/Dataset_A/sig10_15_25/srs_7.txt,srs_7.txt,1,1,0,22
data/SRS/Dataset_A/sig10_15_25/srs_7.txt,srs_7.txt,1,1,1,22
data/SRS/Dataset_A/sig10_15_25/srs_7.txt,srs_7.txt,1,1,2,22
data/SRS/Dataset_A/sig10_15_25/srs_7.txt,srs_7.txt,1,1,3,22
data/SRS/Dataset_A/sig10_15_25/srs_7.txt,srs_7.txt,1,5,0,22
data/SRS/Dataset_A/sig10_15_25/srs_7.txt,srs_7.txt,1,5,1,22
data/SRS/Dataset_A/sig10_15_25/srs_7.txt,srs_7.txt,1,5,2,22
data/SRS/Dataset_A/sig10_15_25/srs_7.txt,srs_7.txt,1,5,3,22
data/SRS/Dataset_A/sig10_15_25/srs_7.txt,srs_7.txt,1,10,0,22
data/SRS/Dataset_A/sig10_15_25/srs_7.txt,srs_7.txt,1,10,1,22
data/SRS/Dataset_A/sig10_15_25/srs_7.txt,srs_7.txt,1,10,2,22
data/SRS/Dataset_A/sig10_15_25/srs_7.txt,srs_7.txt,1,10,3,22
data/SRS/Dataset_A/sig10_15_25/srs_70.txt,srs_70.txt,0,1,1,16
data/SRS/Dataset_A/sig10_15_25/srs_70.txt,srs_70.txt,0,1,2,16
data/SRS/Dataset_A/sig10_15_25/srs_70.txt,srs_70.txt,0,1,3,16
data/SRS/Dataset_A/sig10_15_25/srs_70.txt,srs_70.txt,0,5,0,16
data/SRS/Dataset_A/sig10_15_25/srs_70.txt,srs_70.txt,0,5,1,16
data/SRS/Dataset_A/sig10_15_25/srs_70.txt,srs_70.txt,0,5,2,16
data/SRS/Dataset_A/sig10_15_25/srs_70.txt,srs_70.txt,0,5,3,16
data/SRS/Dataset_A/sig10_15_25/srs_70.txt,srs_70.txt,0,10,0,16
data/SRS/Dataset_A/sig10_15_25/srs_70.txt,srs_70.txt,0,10,1,16
data/SRS/Dataset_A/sig10_15_25/srs_70.txt,srs_70.txt,0,10,2,16
data/SRS/Dataset_A/sig10_15_25/srs_70.txt,srs_70.txt,1,1,0,16
data/SRS/Dataset_A/sig10_15_25/srs_70.txt,srs_70.txt,1,1,1,16
data/SRS/Dataset_A/sig10_15_25/srs_70.txt,srs_70.txt,1,1,2,16
data/SRS/Dataset_A/sig10_15_25/srs_70.txt,srs_70.txt,1,1,3,16
data/SRS/Dataset_A/sig10_15_25/srs_70.txt,srs_70.txt,1,5,0,16
data/SRS/Dataset_A/sig10_15_25/srs_70.txt,srs_70.txt,1,5,1,16
data/SRS/Dataset_A/sig10_15_25/srs_70.txt,srs_70.txt,1,5,2,16
data/SRS/Dataset_A/sig10_15_25/srs_70.txt,srs_70.txt,1,5,3,16
data/SRS/Dataset_A/sig10_15_25/srs_70.txt,srs_70.txt,1,10,0,16
data/SRS/Dataset_A/sig10_15_25/srs_70.txt,srs_70.txt,1,10,1,16
data/SRS/Dataset_A/sig10_15_25/srs_70.txt,srs_70.txt,1,10,2,16
data/SRS/Dataset_A/sig10_15_25/srs_70.txt,srs_70.txt,1,10,3,16
data/SRS/Dataset_A/sig10_15_25/srs_71.txt,srs_71.txt,0,1,1,22
data/SRS/Dataset_A/sig10_15_25/srs_71.txt,srs_71.txt,0,1,2,22
data/SRS/Dataset_A/sig10_15_25/srs_71.txt,srs_71.txt,0,1,3,22
data/SRS/Dataset_A/sig10_15_25/srs_71.txt,srs_71.txt,0,5,0,22
data/SRS/Dataset_A/sig10_15_25/srs_71.txt,srs_71.txt,0,5,1,22
data/SRS/Dataset_A/sig10_15_25/srs_71.txt,srs_71.txt,0,5,2,22
data/SRS/Dataset_A/sig10_15_25/srs_71.txt,srs_71.txt,0,5,3,22
data/SRS/Dataset_A/sig10_15_25/srs_71.txt,srs_71.txt,0,10,0,22
data/SRS/Dataset_A/sig10_15_25/srs_71.txt,srs_71.txt,0,10,1,22
data/SRS/Dataset_A/sig10_15_25/srs_71.txt,srs_71.txt,0,10,2,22
data/SRS/Dataset_A/sig10_15_25/srs_71.txt,srs_71.txt,1,1,0,22
data/SRS/Dataset_A/sig10_15_25/srs_71.txt,srs_71.txt,1,1,1,22
data/SRS/Dataset_A/sig10_15_25/srs_71.txt,srs_71.txt,1,1,2,22
data/SRS/Dataset_A/sig10_15_25/srs_71.txt,srs_71.txt,1,1,3,22
data/SRS/Dataset_A/sig10_15_25/srs_71.txt,srs_71.txt,1,5,0,22
data/SRS/Dataset_A/sig10_15_25/srs_71.txt,srs_71.txt,1,5,1,22
data/SRS/Dataset_A/sig10_15_25/srs_71.txt,srs_71.txt,1,5,2,22
data/SRS/Dataset_A/sig10_15_25/srs_71.txt,srs_71.txt,1,5,3,22
data/SRS/Dataset_A/sig10_15_25/srs_71.txt,srs_71.txt,1,10,0,22
data/SRS/Dataset_A/sig10_15_25/srs_71.txt,srs_71.txt,1,10,1,22
data/SRS/Dataset_A/sig10_15_25/srs_71.txt,srs_71.txt,1,10,2,22
data/SRS/Dataset_A/sig10_15_25/srs_71.txt,srs_71.txt,1,10,3,22
data/SRS/Dataset_A/sig10_15_25/srs_72.txt,srs_72.txt,0,1,1,19
data/SRS/Dataset_A/sig10_15_25/srs_72.txt,srs_72.txt,0,1,2,19
data/SRS/Dataset_A/sig10_15_25/srs_72.txt,srs_72.txt,0,1,3,19
data/SRS/Dataset_A/sig10_15_25/srs_72.txt,srs_72.txt,0,5,0,19
data/SRS/Dataset_A/sig10_15_25/srs_72.txt,srs_72.txt,0,5,1,19
data/SRS/Dataset_A/sig10_15_25/srs_72.txt,srs_72.txt,0,5,2,19
data/SRS/Dataset_A/sig10_15_25/srs_72.txt,srs_72.txt,0,5,3,19
data/SRS/Dataset_A/sig10_15_25/srs_72.txt,srs_72.txt,0,10,0,19
data/SRS/Dataset_A/sig10_15_25/srs_72.txt,srs_72.txt,0,10,1,19
data/SRS/Dataset_A/sig10_15_25/srs_72.txt,srs_72.txt,0,10,2,19
data/SRS/Dataset_A/sig10_15_25/srs_72.txt,srs_72.txt,1,1,0,19
data/SRS/Dataset_A/sig10_15_25/srs_72.txt,srs_72.txt,1,1,1,19
data/SRS/Dataset_A/sig10_15_25/srs_72.txt,srs_72.txt,1,1,2,19
data/SRS/Dataset_A/sig10_15_25/srs_72.txt,srs_72.txt,1,1,3,19
data/SRS/Dataset_A/sig10_15_25/srs_72.txt,srs_72.txt,1,5,0,19
data/SRS/Dataset_A/sig10_15_25/srs_72.txt,srs_72.txt,1,5,1,19
data/SRS/Dataset_A/sig10_15_25/srs_72.txt,srs_72.txt,1,5,2,19
data/SRS/Dataset_A/sig10_15_25/srs_72.txt,srs_72.txt,1,5,3,19
data/SRS/Dataset_A/sig10_15_25/srs_72.txt,srs_72.txt,1,10,0,19
data/SRS/Dataset_A/sig10_15_25/srs_72.txt,srs_72.txt,1,10,1,19
data/SRS/Dataset_A/sig10_15_25/srs_72.txt,srs_72.txt,1,10,2,19
data/SRS/Dataset_A/sig10_15_25/srs_72.txt,srs_72.txt,1,10,3,19
data/SRS/Dataset_A/sig10_15_25/srs_73.txt,srs_73.txt,0,1,1,18
data/SRS/Dataset_A/sig10_15_25/srs_73.txt,srs_73.txt,0,1,2,18
data/SRS/Dataset_A/sig10_15_25/srs_73.txt,srs_73.txt,0,1,3,18
data/SRS/Dataset_A/sig10_15_25/srs_73.txt,srs_73.txt,0,5,0,18
data/SRS/Dataset_A/sig10_15_25/srs_73.txt,srs_73.txt,0,5,1,18
data/SRS/Dataset_A/sig10_15_25/srs_73.txt,srs_73.txt,0,5,2,18
data/SRS/Dataset_A/sig10_15_25/srs_73.txt,srs_73.txt,0,5,3,18
data/SRS/Dataset_A/sig10_15_25/srs_73.txt,srs_73.txt,0,10,0,18
data/SRS/Dataset_A/sig10_15_25/srs_73.txt,srs_73.txt,0,10,1,18
data/SRS/Dataset_A/sig10_15_25/srs_73.txt,srs_73.txt,0,10,2,18
data/SRS/Dataset_A/sig10_15_25/srs_73.txt,srs_73.txt,1,1,0,18
data/SRS/Dataset_A/sig10_15_25/srs_73.txt,srs_73.txt,1,1,1,18
data/SRS/Dataset_A/sig10_15_25/srs_73.txt,srs_73.txt,1,1,2,18
data/SRS/Dataset_A/sig10_15_25/srs_73.txt,srs_73.txt,1,1,3,18
data/SRS/Dataset_A/sig10_15_25/srs_73.txt,srs_73.txt,1,5,0,18
data/SRS/Dataset_A/sig10_15_25/srs_73.txt,srs_73.txt,1,5,1,18
data/SRS/Dataset_A/sig10_15_25/srs_73.txt,srs_73.txt,1,5,2,18
data/SRS/Dataset_A/sig10_15_25/srs_73.txt,srs_73.txt,1,5,3,18
data/SRS/Dataset_A/sig10_15_25/srs_73.txt,srs_73.txt,1,10,0,18
data/SRS/Dataset_A/sig10_15_25/srs_73.txt,srs_73.txt,1,10,1,18
data/SRS/Dataset_A/sig10_15_25/srs_73.txt,srs_73.txt,1,10,2,18
data/SRS/Dataset_A/sig10_15_25/srs_73.txt,srs_73.txt,1,10,3,18
data/SRS/Dataset_A/sig10_15_25/srs_74.txt,srs_74.txt,0,1,1,17
data/SRS/Dataset_A/sig10_15_25/srs_74.txt,srs_74.txt,0,1,2,17
data/SRS/Dataset_A/sig10_15_25/srs_74.txt,srs_74.txt,0,1,3,17
data/SRS/Dataset_A/sig10_15_25/srs_74.txt,srs_74.txt,0,5,0,17
data/SRS/Dataset_A/sig10_15_25/srs_74.txt,srs_74.txt,0,5,1,17
data/SRS/Dataset_A/sig10_15_25/srs_74.txt,srs_74.txt,0,5,2,17
data/SRS/Dataset_A/sig10_15_25/srs_74.txt,srs_74.txt,0,5,3,17
data/SRS/Dataset_A/sig10_15_25/srs_74.txt,srs_74.txt,0,10,0,17
data/SRS/Dataset_A/sig10_15_25/srs_74.txt,srs_74.txt,0,10,1,17
data/SRS/Dataset_A/sig10_15_25/srs_74.txt,srs_74.txt,0,10,2,17
data/SRS/Dataset_A/sig10_15_25/srs_74.txt,srs_74.txt,1,1,0,17
data/SRS/Dataset_A/sig10_15_25/srs_74.txt,srs_74.txt,1,1,1,17
data/SRS/Dataset_A/sig10_15_25/srs_74.txt,srs_74.txt,1,1,2,17
data/SRS/Dataset_A/sig10_15_25/srs_74.txt,srs_74.txt,1,1,3,17
data/SRS/Dataset_A/sig10_15_25/srs_74.txt,srs_74.txt,1,5,0,17
data/SRS/Dataset_A/sig10_15_25/srs_74.txt,srs_74.txt,1,5,1,17
data/SRS/Dataset_A/sig10_15_25/srs_74.txt,srs_74.txt,1,5,2,17
data/SRS/Dataset_A/sig10_15_25/srs_74.txt,srs_74.txt,1,5,3,17
data/SRS/Dataset_A/sig10_15_25/srs_74.txt,srs_74.txt,1,10,0,17
data/SRS/Dataset_A/sig10_15_25/srs_74.txt,srs_74.txt,1,10,1,17
data/SRS/Dataset_A/sig10_15_25/srs_74.txt,srs_74.txt,1,10,2,17
data/SRS/Dataset_A/sig10_15_25/srs_74.txt,srs_74.txt,1,10,3,17
data/SRS/Dataset_A/sig10_15_25/srs_75.txt,srs_75.txt,0,1,1,18
data/SRS/Dataset_A/sig10_15_25/srs_75.txt,srs_75.txt,0,1,2,18
data/SRS/Dataset_A/sig10_15_25/srs_75.txt,srs_75.txt,0,1,3,18
data/SRS/Dataset_A/sig10_15_25/srs_75.txt,srs_75.txt,0,5,0,18
data/SRS/Dataset_A/sig10_15_25/srs_75.txt,srs_75.txt,0,5,1,18
data/SRS/Dataset_A/sig10_15_25/srs_75.txt,srs_75.txt,0,5,2,18
data/SRS/Dataset_A/sig10_15_25/srs_75.txt,srs_75.txt,0,5,3,18
data/SRS/Dataset_A/sig10_15_25/srs_75.txt,srs_75.txt,0,10,0,18
data/SRS/Dataset_A/sig10_15_25/srs_75.txt,srs_75.txt,0,10,1,18
data/SRS/Dataset_A/sig10_15_25/srs_75.txt,srs_75.txt,0,10,2,18
data/SRS/Dataset_A/sig10_15_25/srs_75.txt,srs_75.txt,1,1,0,18
data/SRS/Dataset_A/sig10_15_25/srs_75.txt,srs_75.txt,1,1,1,18
data/SRS/Dataset_A/sig10_15_25/srs_75.txt,srs_75.txt,1,1,2,18
data/SRS/Dataset_A/sig10_15_25/srs_75.txt,srs_75.txt,1,1,3,18
data/SRS/Dataset_A/sig10_15_25/srs_75.txt,srs_75.txt,1,5,0,18
data/SRS/Dataset_A/sig10_15_25/srs_75.txt,srs_75.txt,1,5,1,18
data/SRS/Dataset_A/sig10_15_25/srs_75.txt,srs_75.txt,1,5,2,18
data/SRS/Dataset_A/sig10_15_25/srs_75.txt,srs_75.txt,1,5,3,18
data/SRS/Dataset_A/sig10_15_25/srs_75.txt,srs_75.txt,1,10,0,18
data/SRS/Dataset_A/sig10_15_25/srs_75.txt,srs_75.txt,1,10,1,18
data/SRS/Dataset_A/sig10_15_25/srs_75.txt,srs_75.txt,1,10,2,18
data/SRS/Dataset_A/sig10_15_25/srs_75.txt,srs_75.txt,1,10,3,18
data/SRS/Dataset_A/sig10_15_25/srs_76.txt,srs_76.txt,0,1,1,17
data/SRS/Dataset_A/sig10_15_25/srs_76.txt,srs_76.txt,0,1,2,17
data/SRS/Dataset_A/sig10_15_25/srs_76.txt,srs_76.txt,0,1,3,17
data/SRS/Dataset_A/sig10_15_25/srs_76.txt,srs_76.txt,0,5,0,17
data/SRS/Dataset_A/sig10_15_25/srs_76.txt,srs_76.txt,0,5,1,17
data/SRS/Dataset_A/sig10_15_25/srs_76.txt,srs_76.txt,0,5,2,17
data/SRS/Dataset_A/sig10_15_25/srs_76.txt,srs_76.txt,0,5,3,17
data/SRS/Dataset_A/sig10_15_25/srs_76.txt,srs_76.txt,0,10,0,17
data/SRS/Dataset_A/sig10_15_25/srs_76.txt,srs_76.txt,0,10,1,17
data/SRS/Dataset_A/sig10_15_25/srs_76.txt,srs_76.txt,0,10,2,17
data/SRS/Dataset_A/sig10_15_25/srs_76.txt,srs_76.txt,1,1,0,17
data/SRS/Dataset_A/sig10_15_25/srs_76.txt,srs_76.txt,1,1,1,17
data/SRS/Dataset_A/sig10_15_25/srs_76.txt,srs_76.txt,1,1,2,17
data/SRS/Dataset_A/sig10_15_25/srs_76.txt,srs_76.txt,1,1,3,17
data/SRS/Dataset_A/sig10_15_25/srs_76.txt,srs_76.txt,1,5,0,17
data/SRS/Dataset_A/sig10_15_25/srs_76.txt,srs_76.txt,1,5,1,17
data/SRS/Dataset_A/sig10_15_25/srs_76.txt,srs_76.txt,1,5,2,17
data/SRS/Dataset_A/sig10_15_25/srs_76.txt,srs_76.txt,1,5,3,17
data/SRS/Dataset_A/sig10_15_25/srs_76.txt,srs_76.txt,1,10,0,17
data/SRS/Dataset_A/sig10_15_25/srs_76.txt,srs_76.txt,1,10,1,17
data/SRS/Dataset_A/sig10_15_25/srs_76.txt,srs_76.txt,1,10,2,17
data/SRS/Dataset_A/sig10_15_25/srs_76.txt,srs_76.txt,1,10,3,17
data/SRS/Dataset_A/sig10_15_25/srs_77.txt,srs_77.txt,0,1,1,20
data/SRS/Dataset_A/sig10_15_25/srs_77.txt,srs_77.txt,0,1,2,20
data/SRS/Dataset_A/sig10_15_25/srs_77.txt,srs_77.txt,0,1,3,20
data/SRS/Dataset_A/sig10_15_25/srs_77.txt,srs_77.txt,0,5,0,20
data/SRS/Dataset_A/sig10_15_25/srs_77.txt,srs_77.txt,0,5,1,20
data/SRS/Dataset_A/sig10_15_25/srs_77.txt,srs_77.txt,0,5,2,20
data/SRS/Dataset_A/sig10_15_25/srs_77.txt,srs_77.txt,0,5,3,20
data/SRS/Dataset_A/sig10_15_25/srs_77.txt,srs_77.txt,0,10,0,20
data/SRS/Dataset_A/sig10_15_25/srs_77.txt,srs_77.txt,0,10,1,20
data/SRS/Dataset_A/sig10_15_25/srs_77.txt,srs_77.txt,0,10,2,20
data/SRS/Dataset_A/sig10_15_25/srs_77.txt,srs_77.txt,1,1,0,20
data/SRS/Dataset_A/sig10_15_25/srs_77.txt,srs_77.txt,1,1,1,20
data/SRS/Dataset_A/sig10_15_25/srs_77.txt,srs_77.txt,1,1,2,20
data/SRS/Dataset_A/sig10_15_25/srs_77.txt,srs_77.txt,1,1,3,20
data/SRS/Dataset_A/sig10_15_25/srs_77.txt,srs_77.txt,1,5,0,20
data/SRS/Dataset_A/sig10_15_25/srs_77.txt,srs_77.txt,1,5,1,20
data/SRS/Dataset_A/sig10_15_25/srs_77.txt,srs_77.txt,1,5,2,20
data/SRS/Dataset_A/sig10_15_25/srs_77.txt,srs_77.txt,1,5,3,20
data/SRS/Dataset_A/sig10_15_25/srs_77.txt,srs_77.txt,1,10,0,20
data/SRS/Dataset_A/sig10_15_25/srs_77.txt,srs_77.txt,1,10,1,20
data/SRS/Dataset_A/sig10_15_25/srs_77.txt,srs_77.txt,1,10,2,20
data/SRS/Dataset_A/sig10_15_25/srs_77.txt,srs_77.txt,1,10,3,20
data/SRS/Dataset_A/sig10_15_25/srs_78.txt,srs_78.txt,0,1,1,16
data/SRS/Dataset_A/sig10_15_25/srs_78.txt,srs_78.txt,0,1,2,16
data/SRS/Dataset_A/sig10_15_25/srs_78.txt,srs_78.txt,0,1,3,16
data/SRS/Dataset_A/sig10_15_25/srs_78.txt,srs_78.txt,0,5,0,16
data/SRS/Dataset_A/sig10_15_25/srs_78.txt,srs_78.txt,0,5,1,16
data/SRS/Dataset_A/sig10_15_25/srs_78.txt,srs_78.txt,0,5,2,16
data/SRS/Dataset_A/sig10_15_25/srs_78.txt,srs_78.txt,0,5,3,16
data/SRS/Dataset_A/sig10_15_25/srs_78.txt,srs_78.txt,0,10,0,16
data/SRS/Dataset_A/sig10_15_25/srs_78.txt,srs_78.txt,0,10,1,16
data/SRS/Dataset_A/sig10_15_25/srs_78.txt,srs_78.txt,0,10,2,16
data/SRS/Dataset_A/sig10_15_25/srs_78.txt,srs_78.txt,1,1,0,16
data/SRS/Dataset_A/sig10_15_25/srs_78.txt,srs_78.txt,1,1,1,16
data/SRS/Dataset_A/sig10_15_25/srs_78.txt,srs_78.txt,1,1,2,16
data/SRS/Dataset_A/sig10_15_25/srs_78.txt,srs_78.txt,1,1,3,16
data/SRS/Dataset_A/sig10_15_25/srs_78.txt,srs_78.txt,1,5,0,16
data/SRS/Dataset_A/sig10_15_25/srs_78.txt,srs_78.txt,1,5,1,16
data/SRS/Dataset_A/sig10_15_25/srs_78.txt,srs_78.txt,1,5,2,16
data/SRS/Dataset_A/sig10_15_25/srs_78.txt,srs_78.txt,1,5,3,16
data/SRS/Dataset_A/sig10_15_25/srs_78.txt,srs_78.txt,1,10,0,16
data/SRS/Dataset_A/sig10_15_25/srs_78.txt,srs_78.txt,1,10,1,16
data/SRS/Dataset_A/sig10_15_25/srs_78.txt,srs_78.txt,1,10,2,16
data/SRS/Dataset_A/sig10_15_25/srs_78.txt,srs_78.txt,1,10,3,16
data/SRS/Dataset_A/sig10_15_25/srs_79.txt,srs_79.txt,0,1,1,16
data/SRS/Dataset_A/sig10_15_25/srs_79.txt,srs_79.txt,0,1,2,16
data/SRS/Dataset_A/sig10_15_25/srs_79.txt,srs_79.txt,0,1,3,16
data/SRS/Dataset_A/sig10_15_25/srs_79.txt,srs_79.txt,0,5,0,16
data/SRS/Dataset_A/sig10_15_25/srs_79.txt,srs_79.txt,0,5,1,16
data/SRS/Dataset_A/sig10_15_25/srs_79.txt,srs_79.txt,0,5,2,16
data/SRS/Dataset_A/sig10_15_25/srs_79.txt,srs_79.txt,0,5,3,16
data/SRS/Dataset_A/sig10_15_25/srs_79.txt,srs_79.txt,0,10,0,16
data/SRS/Dataset_A/sig10_15_25/srs_79.txt,srs_79.txt,0,10,1,16
data/SRS/Dataset_A/sig10_15_25/srs_79.txt,srs_79.txt,0,10,2,16
data/SRS/Dataset_A/sig10_15_25/srs_79.txt,srs_79.txt,1,1,0,16
data/SRS/Dataset_A/sig10_15_25/srs_79.txt,srs_79.txt,1,1,1,16
data/SRS/Dataset_A/sig10_15_25/srs_79.txt,srs_79.txt,1,1,2,16
data/SRS/Dataset_A/sig10_15_25/srs_79.txt,srs_79.txt,1,1,3,16
data/SRS/Dataset_A/sig10_15_25/srs_79.txt,srs_79.txt,1,5,0,16
data/SRS/Dataset_A/sig10_15_25/srs_79.txt,srs_79.txt,1,5,1,16
data/SRS/Dataset_A/sig10_15_25/srs_79.txt,srs_79.txt,1,5,2,16
data/SRS/Dataset_A/sig10_15_25/srs_79.txt,srs_79.txt,1,5,3,16
data/SRS/Dataset_A/sig10_15_25/srs_79.txt,srs_79.txt,1,10,0,16
data/SRS/Dataset_A/sig10_15_25/srs_79.txt,srs_79.txt,1,10,1,16
data/SRS/Dataset_A/sig10_15_25/srs_79.txt,srs_79.txt,1,10,2,16
data/SRS/Dataset_A/sig10_15_25/srs_79.txt,srs_79.txt,1,10,3,16
data/SRS/Dataset_A/sig10_15_25/srs_8.txt,srs_8.txt,0,1,1,20
data/SRS/Dataset_A/sig10_15_25/srs_8.txt,srs_8.txt,0,1,2,20
data/SRS/Dataset_A/sig10_15_25/srs_8.txt,srs_8.txt,0,1,3,20
data/SRS/Dataset_A/sig10_15_25/srs_8.txt,srs_8.txt,0,5,0,20
data/SRS/Dataset_A/sig10_15_25/srs_8.txt,srs_8.txt,0,5,1,20
data/SRS/Dataset_A/sig10_15_25/srs_8.txt,srs_8.txt,0,5,2,20
data/SRS/Dataset_A/sig10_15_25/srs_8.txt,srs_8.txt,0,5,3,20
data/SRS/Dataset_A/sig10_15_25/srs_8.txt,srs_8.txt,0,10,0,20
data/SRS/Dataset_A/sig10_15_25/srs_8.txt,srs_8.txt,0,10,1,20
data/SRS/Dataset_A/sig10_15_25/srs_8.txt,srs_8.txt,0,10,2,20
data/SRS/Dataset_A/sig10_15_25/srs_8.txt,srs_8.txt,1,1,0,20
data/SRS/Dataset_A/sig10_15_25/srs_8.txt,srs_8.txt,1,1,1,20
data/SRS/Dataset_A/sig10_15_25/srs_8.txt,srs_8.txt,1,1,2,20
data/SRS/Dataset_A/sig10_15_25/srs_8.txt,srs_8.txt,1,1,3,20
data/SRS/Dataset_A/sig10_15_25/srs_8.txt,srs_8.txt,1,5,0,20
data/SRS/Dataset_A/sig10_15_25/srs_8.txt,srs_8.txt,1,5,1,20
data/SRS/Dataset_A/sig10_15_25/srs_8.txt,srs_8.txt,1,5,2,20
data/SRS/Dataset_A/sig10_15_25/srs_8.txt,srs_8.txt,1,5,3,20
data/SRS/Dataset_A/sig10_15_25/srs_8.txt,srs_8.txt,1,10,0,20
data/SRS/Dataset_A/sig10_15_25/srs_8.txt,srs_8.txt,1,10,1,20
data/SRS/Dataset_A/sig10_15_25/srs_8.txt,srs_8.txt,1,10,2,20
data/SRS/Dataset_A/sig10_15_25/srs_8.txt,srs_8.txt,1,10,3,20
data/SRS/Dataset_A/sig10_15_25/srs_80.txt,srs_80.txt,0,1,1,17
data/SRS/Dataset_A/sig10_15_25/srs_80.txt,srs_80.txt,0,1,2,17
data/SRS/Dataset_A/sig10_15_25/srs_80.txt,srs_80.txt,0,1,3,17
data/SRS/Dataset_A/sig10_15_25/srs_80.txt,srs_80.txt,0,5,0,17
data/SRS/Dataset_A/sig10_15_25/srs_80.txt,srs_80.txt,0,5,1,17
data/SRS/Dataset_A/sig10_15_25/srs_80.txt,srs_80.txt,0,5,2,17
data/SRS/Dataset_A/sig10_15_25/srs_80.txt,srs_80.txt,0,5,3,17
data/SRS/Dataset_A/sig10_15_25/srs_80.txt,srs_80.txt,0,10,0,17
data/SRS/Dataset_A/sig10_15_25/srs_80.txt,srs_80.txt,0,10,1,17
data/SRS/Dataset_A/sig10_15_25/srs_80.txt,srs_80.txt,0,10,2,17
data/SRS/Dataset_A/sig10_15_25/srs_80.txt,srs_80.txt,1,1,0,17
data/SRS/Dataset_A/sig10_15_25/srs_80.txt,srs_80.txt,1,1,1,17
data/SRS/Dataset_A/sig10_15_25/srs_80.txt,srs_80.txt,1,1,2,17
data/SRS/Dataset_A/sig10_15_25/srs_80.txt,srs_80.txt,1,1,3,17
data/SRS/Dataset_A/sig10_15_25/srs_80.txt,srs_80.txt,1,5,0,17
data/SRS/Dataset_A/sig10_15_25/srs_80.txt,srs_80.txt,1,5,1,17
data/SRS/Dataset_A/sig10_15_25/srs_80.txt,srs_80.txt,1,5,2,17
data/SRS/Dataset_A/sig10_15_25/srs_80.txt,srs_80.txt,1,5,3,17
data/SRS/Dataset_A/sig10_15_25/srs_80.txt,srs_80.txt,1,10,0,17
data/SRS/Dataset_A/sig10_15_25/srs_80.txt,srs_80.txt,1,10,1,17
data/SRS/Dataset_A/sig10_15_25/srs_80.txt,srs_80.txt,1,10,2,17
data/SRS/Dataset_A/sig10_15_25/srs_80.txt,srs_80.txt,1,10,3,17
data/SRS/Dataset_A/sig10_15_25/srs_81.txt,srs_81.txt,0,1,1,22
data/SRS/Dataset_A/sig10_15_25/srs_81.txt,srs_81.txt,0,1,2,22
data/SRS/Dataset_A/sig10_15_25/srs_81.txt,srs_81.txt,0,1,3,22
data/SRS/Dataset_A/sig10_15_25/srs_81.txt,srs_81.txt,0,5,0,22
data/SRS/Dataset_A/sig10_15_25/srs_81.txt,srs_81.txt,0,5,1,22
data/SRS/Dataset_A/sig10_15_25/srs_81.txt,srs_81.txt,0,5,2,22
data/SRS/Dataset_A/sig10_15_25/srs_81.txt,srs_81.txt,0,5,3,22
data/SRS/Dataset_A/sig10_15_25/srs_81.txt,srs_81.txt,0,10,0,22
data/SRS/Dataset_A/sig10_15_25/srs_81.txt,srs_81.txt,0,10,1,22
data/SRS/Dataset_A/sig10_15_25/srs_81.txt,srs_81.txt,0,10,2,22
data/SRS/Dataset_A/sig10_15_25/srs_81.txt,srs_81.txt,1,1,0,22
data/SRS/Dataset_A/sig10_15_25/srs_81.txt,srs_81.txt,1,1,1,22
data/SRS/Dataset_A/sig10_15_25/srs_81.txt,srs_81.txt,1,1,2,22
data/SRS/Dataset_A/sig10_15_25/srs_81.txt,srs_81.txt,1,1,3,22
data/SRS/Dataset_A/sig10_15_25/srs_81.txt,srs_81.txt,1,5,0,22
data/SRS/Dataset_A/sig10_15_25/srs_81.txt,srs_81.txt,1,5,1,22
data/SRS/Dataset_A/sig10_15_25/srs_81.txt,srs_81.txt,1,5,2,22
data/SRS/Dataset_A/sig10_15_25/srs_81.txt,srs_81.txt,1,5,3,22
data/SRS/Dataset_A/sig10_15_25/srs_81.txt,srs_81.txt,1,10,0,22
data/SRS/Dataset_A/sig10_15_25/srs_81.txt,srs_81.txt,1,10,1,22
data/SRS/Dataset_A/sig10_15_25/srs_81.txt,srs_81.txt,1,10,2,22
data/SRS/Dataset_A/sig10_15_25/srs_81.txt,srs_81.txt,1,10,3,22
data/SRS/Dataset_A/sig10_15_25/srs_82.txt,srs_82.txt,0,1,1,21
data/SRS/Dataset_A/sig10_15_25/srs_82.txt,srs_82.txt,0,1,2,21
data/SRS/Dataset_A/sig10_15_25/srs_82.txt,srs_82.txt,0,1,3,21
data/SRS/Dataset_A/sig10_15_25/srs_82.txt,srs_82.txt,0,5,0,21
data/SRS/Dataset_A/sig10_15_25/srs_82.txt,srs_82.txt,0,5,1,21
data/SRS/Dataset_A/sig10_15_25/srs_82.txt,srs_82.txt,0,5,2,21
data/SRS/Dataset_A/sig10_15_25/srs_82.txt,srs_82.txt,0,5,3,21
data/SRS/Dataset_A/sig10_15_25/srs_82.txt,srs_82.txt,0,10,0,21
data/SRS/Dataset_A/sig10_15_25/srs_82.txt,srs_82.txt,0,10,1,21
data/SRS/Dataset_A/sig10_15_25/srs_82.txt,srs_82.txt,0,10,2,21
data/SRS/Dataset_A/sig10_15_25/srs_82.txt,srs_82.txt,1,1,0,21
data/SRS/Dataset_A/sig10_15_25/srs_82.txt,srs_82.txt,1,1,1,21
data/SRS/Dataset_A/sig10_15_25/srs_82.txt,srs_82.txt,1,1,2,21
data/SRS/Dataset_A/sig10_15_25/srs_82.txt,srs_82.txt,1,1,3,21
data/SRS/Dataset_A/sig10_15_25/srs_82.txt,srs_82.txt,1,5,0,21
data/SRS/Dataset_A/sig10_15_25/srs_82.txt,srs_82.txt,1,5,1,21
data/SRS/Dataset_A/sig10_15_25/srs_82.txt,srs_82.txt,1,5,2,21
data/SRS/Dataset_A/sig10_15_25/srs_82.txt,srs_82.txt,1,5,3,21
data/SRS/Dataset_A/sig10_15_25/srs_82.txt,srs_82.txt,1,10,0,21
data/SRS/Dataset_A/sig10_15_25/srs_82.txt,srs_82.txt,1,10,1,21
data/SRS/Dataset_A/sig10_15_25/srs_82.txt,srs_82.txt,1,10,2,21
data/SRS/Dataset_A/sig10_15_25/srs_82.txt,srs_82.txt,1,10,3,21
data/SRS/Dataset_A/sig10_15_25/srs_83.txt,srs_83.txt,0,1,1,22
data/SRS/Dataset_A/sig10_15_25/srs_83.txt,srs_83.txt,0,1,2,22
data/SRS/Dataset_A/sig10_15_25/srs_83.txt,srs_83.txt,0,1,3,22
data/SRS/Dataset_A/sig10_15_25/srs_83.txt,srs_83.txt,0,5,0,22
data/SRS/Dataset_A/sig10_15_25/srs_83.txt,srs_83.txt,0,5,1,22
data/SRS/Dataset_A/sig10_15_25/srs_83.txt,srs_83.txt,0,5,2,22
data/SRS/Dataset_A/sig10_15_25/srs_83.txt,srs_83.txt,0,5,3,22
data/SRS/Dataset_A/sig10_15_25/srs_83.txt,srs_83.txt,0,10,0,22
data/SRS/Dataset_A/sig10_15_25/srs_83.txt,srs_83.txt,0,10,1,22
data/SRS/Dataset_A/sig10_15_25/srs_83.txt,srs_83.txt,0,10,2,22
data/SRS/Dataset_A/sig10_15_25/srs_83.txt,srs_83.txt,1,1,0,22
data/SRS/Dataset_A/sig10_15_25/srs_83.txt,srs_83.txt,1,1,1,22
data/SRS/Dataset_A/sig10_15_25/srs_83.txt,srs_83.txt,1,1,2,22
data/SRS/Dataset_A/sig10_15_25/srs_83.txt,srs_83.txt,1,1,3,22
data/SRS/Dataset_A/sig10_15_25/srs_83.txt,srs_83.txt,1,5,0,22
data/SRS/Dataset_A/sig10_15_25/srs_83.txt,srs_83.txt,1,5,1,22
data/SRS/Dataset_A/sig10_15_25/srs_83.txt,srs_83.txt,1,5,2,22
data/SRS/Dataset_A/sig10_15_25/srs_83.txt,srs_83.txt,1,5,3,22
data/SRS/Dataset_A/sig10_15_25/srs_83.txt,srs_83.txt,1,10,0,22
data/SRS/Dataset_A/sig10_15_25/srs_83.txt,srs_83.txt,1,10,1,22
data/SRS/Dataset_A/sig10_15_25/srs_83.txt,srs_83.txt,1,10,2,22
data/SRS/Dataset_A/sig10_15_25/srs_83.txt,srs_83.txt,1,10,3,22
data/SRS/Dataset_A/sig10_15_25/srs_84.txt,srs_84.txt,0,1,1,15
data/SRS/Dataset_A/sig10_15_25/srs_84.txt,srs_84.txt,0,1,2,15
data/SRS/Dataset_A/sig10_15_25/srs_84.txt,srs_84.txt,0,1,3,15
data/SRS/Dataset_A/sig10_15_25/srs_84.txt,srs_84.txt,0,5,0,15
data/SRS/Dataset_A/sig10_15_25/srs_84.txt,srs_84.txt,0,5,1,15
data/SRS/Dataset_A/sig10_15_25/srs_84.txt,srs_84.txt,0,5,2,15
data/SRS/Dataset_A/sig10_15_25/srs_84.txt,srs_84.txt,0,5,3,15
data/SRS/Dataset_A/sig10_15_25/srs_84.txt,srs_84.txt,0,10,0,15
data/SRS/Dataset_A/sig10_15_25/srs_84.txt,srs_84.txt,0,10,1,15
data/SRS/Dataset_A/sig10_15_25/srs_84.txt,srs_84.txt,0,10,2,15
data/SRS/Dataset_A/sig10_15_25/srs_84.txt,srs_84.txt,1,1,0,15
data/SRS/Dataset_A/sig10_15_25/srs_84.txt,srs_84.txt,1,1,1,15
data/SRS/Dataset_A/sig10_15_25/srs_84.txt,srs_84.txt,1,1,2,15
data/SRS/Dataset_A/sig10_15_25/srs_84.txt,srs_84.txt,1,1,3,15
data/SRS/Dataset_A/sig10_15_25/srs_84.txt,srs_84.txt,1,5,0,15
data/SRS/Dataset_A/sig10_15_25/srs_84.txt,srs_84.txt,1,5,1,15
data/SRS/Dataset_A/sig10_15_25/srs_84.txt,srs_84.txt,1,5,2,15
data/SRS/Dataset_A/sig10_15_25/srs_84.txt,srs_84.txt,1,5,3,15
data/SRS/Dataset_A/sig10_15_25/srs_84.txt,srs_84.txt,1,10,0,15
data/SRS/Dataset_A/sig10_15_25/srs_84.txt,srs_84.txt,1,10,1,15
data/SRS/Dataset_A/sig10_15_25/srs_84.txt,srs_84.txt,1,10,2,15
data/SRS/Dataset_A/sig10_15_25/srs_84.txt,srs_84.txt,1,10,3,15
data/SRS/Dataset_A/sig10_15_25/srs_85.txt,srs_85.txt,0,1,1,18
data/SRS/Dataset_A/sig10_15_25/srs_85.txt,srs_85.txt,0,1,2,18
data/SRS/Dataset_A/sig10_15_25/srs_85.txt,srs_85.txt,0,1,3,18
data/SRS/Dataset_A/sig10_15_25/srs_85.txt,srs_85.txt,0,5,0,18
data/SRS/Dataset_A/sig10_15_25/srs_85.txt,srs_85.txt,0,5,1,18
data/SRS/Dataset_A/sig10_15_25/srs_85.txt,srs_85.txt,0,5,2,18
data/SRS/Dataset_A/sig10_15_25/srs_85.txt,srs_85.txt,0,5,3,18
data/SRS/Dataset_A/sig10_15_25/srs_85.txt,srs_85.txt,0,10,0,18
data/SRS/Dataset_A/sig10_15_25/srs_85.txt,srs_85.txt,0,10,1,18
data/SRS/Dataset_A/sig10_15_25/srs_85.txt,srs_85.txt,0,10,2,18
data/SRS/Dataset_A/sig10_15_25/srs_85.txt,srs_85.txt,1,1,0,18
data/SRS/Dataset_A/sig10_15_25/srs_85.txt,srs_85.txt,1,1,1,18
data/SRS/Dataset_A/sig10_15_25/srs_85.txt,srs_85.txt,1,1,2,18
data/SRS/Dataset_A/sig10_15_25/srs_85.txt,srs_85.txt,1,1,3,18
data/SRS/Dataset_A/sig10_15_25/srs_85.txt,srs_85.txt,1,5,0,18
data/SRS/Dataset_A/sig10_15_25/srs_85.txt,srs_85.txt,1,5,1,18
data/SRS/Dataset_A/sig10_15_25/srs_85.txt,srs_85.txt,1,5,2,18
data/SRS/Dataset_A/sig10_15_25/srs_85.txt,srs_85.txt,1,5,3,18
data/SRS/Dataset_A/sig10_15_25/srs_85.txt,srs_85.txt,1,10,0,18
data/SRS/Dataset_A/sig10_15_25/srs_85.txt,srs_85.txt,1,10,1,18
data/SRS/Dataset_A/sig10_15_25/srs_85.txt,srs_85.txt,1,10,2,18
data/SRS/Dataset_A/sig10_15_25/srs_85.txt,srs_85.txt,1,10,3,18
data/SRS/Dataset_A/sig10_15_25/srs_86.txt,srs_86.txt,0,1,1,20
data/SRS/Dataset_A/sig10_15_25/srs_86.txt,srs_86.txt,0,1,2,20
data/SRS/Dataset_A/sig10_15_25/srs_86.txt,srs_86.txt,0,1,3,20
data/SRS/Dataset_A/sig10_15_25/srs_86.txt,srs_86.txt,0,5,0,20
data/SRS/Dataset_A/sig10_15_25/srs_86.txt,srs_86.txt,0,5,1,20
data/SRS/Dataset_A/sig10_15_25/srs_86.txt,srs_86.txt,0,5,2,20
data/SRS/Dataset_A/sig10_15_25/srs_86.txt,srs_86.txt,0,5,3,20
data/SRS/Dataset_A/sig10_15_25/srs_86.txt,srs_86.txt,0,10,0,20
data/SRS/Dataset_A/sig10_15_25/srs_86.txt,srs_86.txt,0,10,1,20
data/SRS/Dataset_A/sig10_15_25/srs_86.txt,srs_86.txt,0,10,2,20
data/SRS/Dataset_A/sig10_15_25/srs_86.txt,srs_86.txt,1,1,0,20
data/SRS/Dataset_A/sig10_15_25/srs_86.txt,srs_86.txt,1,1,1,20
data/SRS/Dataset_A/sig10_15_25/srs_86.txt,srs_86.txt,1,1,2,20
data/SRS/Dataset_A/sig10_15_25/srs_86.txt,srs_86.txt,1,1,3,20
data/SRS/Dataset_A/sig10_15_25/srs_86.txt,srs_86.txt,1,5,0,20
data/SRS/Dataset_A/sig10_15_25/srs_86.txt,srs_86.txt,1,5,1,20
data/SRS/Dataset_A/sig10_15_25/srs_86.txt,srs_86.txt,1,5,2,20
data/SRS/Dataset_A/sig10_15_25/srs_86.txt,srs_86.txt,1,5,3,20
data/SRS/Dataset_A/sig10_15_25/srs_86.txt,srs_86.txt,1,10,0,20
data/SRS/Dataset_A/sig10_15_25/srs_86.txt,srs_86.txt,1,10,1,20
data/SRS/Dataset_A/sig10_15_25/srs_86.txt,srs_86.txt,1,10,2,20
data/SRS/Dataset_A/sig10_15_25/srs_86.txt,srs_86.txt,1,10,3,20
data/SRS/Dataset_A/sig10_15_25/srs_87.txt,srs_87.txt,0,1,1,14
data/SRS/Dataset_A/sig10_15_25/srs_87.txt,srs_87.txt,0,1,2,14
data/SRS/Dataset_A/sig10_15_25/srs_87.txt,srs_87.txt,0,1,3,14
data/SRS/Dataset_A/sig10_15_25/srs_87.txt,srs_87.txt,0,5,0,14
data/SRS/Dataset_A/sig10_15_25/srs_87.txt,srs_87.txt,0,5,1,14
data/SRS/Dataset_A/sig10_15_25/srs_87.txt,srs_87.txt,0,5,2,14
data/SRS/Dataset_A/sig10_15_25/srs_87.txt,srs_87.txt,0,5,3,14
data/SRS/Dataset_A/sig10_15_25/srs_87.txt,srs_87.txt,0,10,0,14
data/SRS/Dataset_A/sig10_15_25/srs_87.txt,srs_87.txt,0,10,1,14
data/SRS/Dataset_A/sig10_15_25/srs_87.txt,srs_87.txt,0,10,2,14
data/SRS/Dataset_A/sig10_15_25/srs_87.txt,srs_87.txt,1,1,0,14
data/SRS/Dataset_A/sig10_15_25/srs_87.txt,srs_87.txt,1,1,1,14
data/SRS/Dataset_A/sig10_15_25/srs_87.txt,srs_87.txt,1,1,2,14
data/SRS/Dataset_A/sig10_15_25/srs_87.txt,srs_87.txt,1,1,3,14
data/SRS/Dataset_A/sig10_15_25/srs_87.txt,srs_87.txt,1,5,0,14
data/SRS/Dataset_A/sig10_15_25/srs_87.txt,srs_87.txt,1,5,1,14
data/SRS/Dataset_A/sig10_15_25/srs_87.txt,srs_87.txt,1,5,2,14
data/SRS/Dataset_A/sig10_15_25/srs_87.txt,srs_87.txt,1,5,3,14
data/SRS/Dataset_A/sig10_15_25/srs_87.txt,srs_87.txt,1,10,0,14
data/SRS/Dataset_A/sig10_15_25/srs_87.txt,srs_87.txt,1,10,1,14
data/SRS/Dataset_A/sig10_15_25/srs_87.txt,srs_87.txt,1,10,2,14
data/SRS/Dataset_A/sig10_15_25/srs_87.txt,srs_87.txt,1,10,3,14
data/SRS/Dataset_A/sig10_15_25/srs_88.txt,srs_88.txt,0,1,1,17
data/SRS/Dataset_A/sig10_15_25/srs_88.txt,srs_88.txt,0,1,2,17
data/SRS/Dataset_A/sig10_15_25/srs_88.txt,srs_88.txt,0,1,3,17
data/SRS/Dataset_A/sig10_15_25/srs_88.txt,srs_88.txt,0,5,0,17
data/SRS/Dataset_A/sig10_15_25/srs_88.txt,srs_88.txt,0,5,1,17
data/SRS/Dataset_A/sig10_15_25/srs_88.txt,srs_88.txt,0,5,2,17
data/SRS/Dataset_A/sig10_15_25/srs_88.txt,srs_88.txt,0,5,3,17
data/SRS/Dataset_A/sig10_15_25/srs_88.txt,srs_88.txt,0,10,0,17
data/SRS/Dataset_A/sig10_15_25/srs_88.txt,srs_88.txt,0,10,1,17
data/SRS/Dataset_A/sig10_15_25/srs_88.txt,srs_88.txt,0,10,2,17
data/SRS/Dataset_A/sig10_15_25/srs_88.txt,srs_88.txt,1,1,0,17
data/SRS/Dataset_A/sig10_15_25/srs_88.txt,srs_88.txt,1,1,1,17
data/SRS/Dataset_A/sig10_15_25/srs_88.txt,srs_88.txt,1,1,2,17
data/SRS/Dataset_A/sig10_15_25/srs_88.txt,srs_88.txt,1,1,3,17
data/SRS/Dataset_A/sig10_15_25/srs_88.txt,srs_88.txt,1,5,0,17
data/SRS/Dataset_A/sig10_15_25/srs_88.txt,srs_88.txt,1,5,1,17
data/SRS/Dataset_A/sig10_15_25/srs_88.txt,srs_88.txt,1,5,2,17
data/SRS/Dataset_A/sig10_15_25/srs_88.txt,srs_88.txt,1,5,3,17
data/SRS/Dataset_A/sig10_15_25/srs_88.txt,srs_88.txt,1,10,0,17
data/SRS/Dataset_A/sig10_15_25/srs_88.txt,srs_88.txt,1,10,1,17
data/SRS/Dataset_A/sig10_15_25/srs_88.txt,srs_88.txt,1,10,2,17
data/SRS/Dataset_A/sig10_15_25/srs_88.txt,srs_88.txt,1,10,3,17
data/SRS/Dataset_A/sig10_15_25/srs_89.txt,srs_89.txt,0,1,1,18
data/SRS/Dataset_A/sig10_15_25/srs_89.txt,srs_89.txt,0,1,2,18
data/SRS/Dataset_A/sig10_15_25/srs_89.txt,srs_89.txt,0,1,3,18
data/SRS/Dataset_A/sig10_15_25/srs_89.txt,srs_89.txt,0,5,0,18
data/SRS/Dataset_A/sig10_15_25/srs_89.txt,srs_89.txt,0,5,1,18
data/SRS/Dataset_A/sig10_15_25/srs_89.txt,srs_89.txt,0,5,2,18
data/SRS/Dataset_A/sig10_15_25/srs_89.txt,srs_89.txt,0,5,3,18
data/SRS/Dataset_A/sig10_15_25/srs_89.txt,srs_89.txt,0,10,0,18
data/SRS/Dataset_A/sig10_15_25/srs_89.txt,srs_89.txt,0,10,1,18
data/SRS/Dataset_A/sig10_15_25/srs_89.txt,srs_89.txt,0,10,2,18
data/SRS/Dataset_A/sig10_15_25/srs_89.txt,srs_89.txt,1,1,0,18
data/SRS/Dataset_A/sig10_15_25/srs_89.txt,srs_89.txt,1,1,1,18
data/SRS/Dataset_A/sig10_15_25/srs_89.txt,srs_89.txt,1,1,2,18
data/SRS/Dataset_A/sig10_15_25/srs_89.txt,srs_89.txt,1,1,3,18
data/SRS/Dataset_A/sig10_15_25/srs_89.txt,srs_89.txt,1,5,0,18
data/SRS/Dataset_A/sig10_15_25/srs_89.txt,srs_89.txt,1,5,1,18
data/SRS/Dataset_A/sig10_15_25/srs_89.txt,srs_89.txt,1,5,2,18
data/SRS/Dataset_A/sig10_15_25/srs_89.txt,srs_89.txt,1,5,3,18
data/SRS/Dataset_A/sig10_15_25/srs_89.txt,srs_89.txt,1,10,0,18
data/SRS/Dataset_A/sig10_15_25/srs_89.txt,srs_89.txt,1,10,1,18
data/SRS/Dataset_A/sig10_15_25/srs_89.txt,srs_89.txt,1,10,2,18
data/SRS/Dataset_A/sig10_15_25/srs_89.txt,srs_89.txt,1,10,3,18
data/SRS/Dataset_A/sig10_15_25/srs_9.txt,srs_9.txt,0,1,1,25
data/SRS/Dataset_A/sig10_15_25/srs_9.txt,srs_9.txt,0,1,2,25
data/SRS/Dataset_A/sig10_15_25/srs_9.txt,srs_9.txt,0,1,3,25
data/SRS/Dataset_A/sig10_15_25/srs_9.txt,srs_9.txt,0,5,0,25
data/SRS/Dataset_A/sig10_15_25/srs_9.txt,srs_9.txt,0,5,1,25
data/SRS/Dataset_A/sig10_15_25/srs_9.txt,srs_9.txt,0,5,2,25
data/SRS/Dataset_A/sig10_15_25/srs_9.txt,srs_9.txt,0,5,3,25
data/SRS/Dataset_A/sig10_15_25/srs_9.txt,srs_9.txt,0,10,0,25
data/SRS/Dataset_A/sig10_15_25/srs_9.txt,srs_9.txt,0,10,1,25
data/SRS/Dataset_A/sig10_15_25/srs_9.txt,srs_9.txt,0,10,2,25
data/SRS/Dataset_A/sig10_15_25/srs_9.txt,srs_9.txt,1,1,0,25
data/SRS/Dataset_A/sig10_15_25/srs_9.txt,srs_9.txt,1,1,1,25
data/SRS/Dataset_A/sig10_15_25/srs_9.txt,srs_9.txt,1,1,2,25
data/SRS/Dataset_A/sig10_15_25/srs_9.txt,srs_9.txt,1,1,3,25
data/SRS/Dataset_A/sig10_15_25/srs_9.txt,srs_9.txt,1,5,0,25
data/SRS/Dataset_A/sig10_15_25/srs_9.txt,srs_9.txt,1,5,1,25
data/SRS/Dataset_A/sig10_15_25/srs_9.txt,srs_9.txt,1,5,2,25
data/SRS/Dataset_A/sig10_15_25/srs_9.txt,srs_9.txt,1,5,3,25
data/SRS/Dataset_A/sig10_15_25/srs_9.txt,srs_9.txt,1,10,0,25
data/SRS/Dataset_A/sig10_15_25/srs_9.txt,srs_9.txt,1,10,1,25
data/SRS/Dataset_A/sig10_15_25/srs_9.txt,srs_9.txt,1,10,2,25
data/SRS/Dataset_A/sig10_15_25/srs_9.txt,srs_9.txt,1,10,3,25
data/SRS/Dataset_A/sig10_15_25/srs_90.txt,srs_90.txt,0,1,1,21
data/SRS/Dataset_A/sig10_15_25/srs_90.txt,srs_90.txt,0,1,2,21
data/SRS/Dataset_A/sig10_15_25/srs_90.txt,srs_90.txt,0,1,3,21
data/SRS/Dataset_A/sig10_15_25/srs_90.txt,srs_90.txt,0,5,0,21
data/SRS/Dataset_A/sig10_15_25/srs_90.txt,srs_90.txt,0,5,1,21
data/SRS/Dataset_A/sig10_15_25/srs_90.txt,srs_90.txt,0,5,2,21
data/SRS/Dataset_A/sig10_15_25/srs_90.txt,srs_90.txt,0,5,3,21
data/SRS/Dataset_A/sig10_15_25/srs_90.txt,srs_90.txt,0,10,0,21
data/SRS/Dataset_A/sig10_15_25/srs_90.txt,srs_90.txt,0,10,1,21
data/SRS/Dataset_A/sig10_15_25/srs_90.txt,srs_90.txt,0,10,2,21
data/SRS/Dataset_A/sig10_15_25/srs_90.txt,srs_90.txt,1,1,0,21
data/SRS/Dataset_A/sig10_15_25/srs_90.txt,srs_90.txt,1,1,1,21
data/SRS/Dataset_A/sig10_15_25/srs_90.txt,srs_90.txt,1,1,2,21
data/SRS/Dataset_A/sig10_15_25/srs_90.txt,srs_90.txt,1,1,3,21
data/SRS/Dataset_A/sig10_15_25/srs_90.txt,srs_90.txt,1,5,0,21
data/SRS/Dataset_A/sig10_15_25/srs_90.txt,srs_90.txt,1,5,1,21
data/SRS/Dataset_A/sig10_15_25/srs_90.txt,srs_90.txt,1,5,2,21
data/SRS/Dataset_A/sig10_15_25/srs_90.txt,srs_90.txt,1,5,3,21
data/SRS/Dataset_A/sig10_15_25/srs_90.txt,srs_90.txt,1,10,0,21
data/SRS/Dataset_A/sig10_15_25/srs_90.txt,srs_90.txt,1,10,1,21
data/SRS/Dataset_A/sig10_15_25/srs_90.txt,srs_90.txt,1,10,2,21
data/SRS/Dataset_A/sig10_15_25/srs_90.txt,srs_90.txt,1,10,3,21
data/SRS/Dataset_A/sig10_15_25/srs_91.txt,srs_91.txt,0,1,1,20
data/SRS/Dataset_A/sig10_15_25/srs_91.txt,srs_91.txt,0,1,2,20
data/SRS/Dataset_A/sig10_15_25/srs_91.txt,srs_91.txt,0,1,3,20
data/SRS/Dataset_A/sig10_15_25/srs_91.txt,srs_91.txt,0,5,0,20
data/SRS/Dataset_A/sig10_15_25/srs_91.txt,srs_91.txt,0,5,1,20
data/SRS/Dataset_A/sig10_15_25/srs_91.txt,srs_91.txt,0,5,2,20
data/SRS/Dataset_A/sig10_15_25/srs_91.txt,srs_91.txt,0,5,3,20
data/SRS/Dataset_A/sig10_15_25/srs_91.txt,srs_91.txt,0,10,0,20
data/SRS/Dataset_A/sig10_15_25/srs_91.txt,srs_91.txt,0,10,1,20
data/SRS/Dataset_A/sig10_15_25/srs_91.txt,srs_91.txt,0,10,2,20
data/SRS/Dataset_A/sig10_15_25/srs_91.txt,srs_91.txt,1,1,0,20
data/SRS/Dataset_A/sig10_15_25/srs_91.txt,srs_91.txt,1,1,1,20
data/SRS/Dataset_A/sig10_15_25/srs_91.txt,srs_91.txt,1,1,2,20
data/SRS/Dataset_A/sig10_15_25/srs_91.txt,srs_91.txt,1,1,3,20
data/SRS/Dataset_A/sig10_15_25/srs_91.txt,srs_91.txt,1,5,0,20
data/SRS/Dataset_A/sig10_15_25/srs_91.txt,srs_91.txt,1,5,1,20
data/SRS/Dataset_A/sig10_15_25/srs_91.txt,srs_91.txt,1,5,2,20
data/SRS/Dataset_A/sig10_15_25/srs_91.txt,srs_91.txt,1,5,3,20
data/SRS/Dataset_A/sig10_15_25/srs_91.txt,srs_91.txt,1,10,0,20
data/SRS/Dataset_A/sig10_15_25/srs_91.txt,srs_91.txt,1,10,1,20
data/SRS/Dataset_A/sig10_15_25/srs_91.txt,srs_91.txt,1,10,2,20
data/SRS/Dataset_A/sig10_15_25/srs_91.txt,srs_91.txt,1,10,3,20
data/SRS/Dataset_A/sig10_15_25/srs_92.txt,srs_92.txt,0,1,1,20
data/SRS/Dataset_A/sig10_15_25/srs_92.txt,srs_92.txt,0,1,2,20
data/SRS/Dataset_A/sig10_15_25/srs_92.txt,srs_92.txt,0,1,3,20
data/SRS/Dataset_A/sig10_15_25/srs_92.txt,srs_92.txt,0,5,0,20
data/SRS/Dataset_A/sig10_15_25/srs_92.txt,srs_92.txt,0,5,1,20
data/SRS/Dataset_A/sig10_15_25/srs_92.txt,srs_92.txt,0,5,2,20
data/SRS/Dataset_A/sig10_15_25/srs_92.txt,srs_92.txt,0,5,3,20
data/SRS/Dataset_A/sig10_15_25/srs_92.txt,srs_92.txt,0,10,0,20
data/SRS/Dataset_A/sig10_15_25/srs_92.txt,srs_92.txt,0,10,1,20
data/SRS/Dataset_A/sig10_15_25/srs_92.txt,srs_92.txt,0,10,2,20
data/SRS/Dataset_A/sig10_15_25/srs_92.txt,srs_92.txt,1,1,0,20
data/SRS/Dataset_A/sig10_15_25/srs_92.txt,srs_92.txt,1,1,1,20
data/SRS/Dataset_A/sig10_15_25/srs_92.txt,srs_92.txt,1,1,2,20
data/SRS/Dataset_A/sig10_15_25/srs_92.txt,srs_92.txt,1,1,3,20
data/SRS/Dataset_A/sig10_15_25/srs_92.txt,srs_92.txt,1,5,0,20
data/SRS/Dataset_A/sig10_15_25/srs_92.txt,srs_92.txt,1,5,1,20
data/SRS/Dataset_A/sig10_15_25/srs_92.txt,srs_92.txt,1,5,2,20
data/SRS/Dataset_A/sig10_15_25/srs_92.txt,srs_92.txt,1,5,3,20
data/SRS/Dataset_A/sig10_15_25/srs_92.txt,srs_92.txt,1,10,0,20
data/SRS/Dataset_A/sig10_15_25/srs_92.txt,srs_92.txt,1,10,1,20
data/SRS/Dataset_A/sig10_15_25/srs_92.txt,srs_92.txt,1,10,2,20
data/SRS/Dataset_A/sig10_15_25/srs_92.txt,srs_92.txt,1,10,3,20
data/SRS/Dataset_A/sig10_15_25/srs_93.txt,srs_93.txt,0,1,1,21
data/SRS/Dataset_A/sig10_15_25/srs_93.txt,srs_93.txt,0,1,2,21
data/SRS/Dataset_A/sig10_15_25/srs_93.txt,srs_93.txt,0,1,3,21
data/SRS/Dataset_A/sig10_15_25/srs_93.txt,srs_93.txt,0,5,0,21
data/SRS/Dataset_A/sig10_15_25/srs_93.txt,srs_93.txt,0,5,1,21
data/SRS/Dataset_A/sig10_15_25/srs_93.txt,srs_93.txt,0,5,2,21
data/SRS/Dataset_A/sig10_15_25/srs_93.txt,srs_93.txt,0,5,3,21
data/SRS/Dataset_A/sig10_15_25/srs_93.txt,srs_93.txt,0,10,0,21
data/SRS/Dataset_A/sig10_15_25/srs_93.txt,srs_93.txt,0,10,1,21
data/SRS/Dataset_A/sig10_15_25/srs_93.txt,srs_93.txt,0,10,2,21
data/SRS/Dataset_A/sig10_15_25/srs_93.txt,srs_93.txt,1,1,0,21
data/SRS/Dataset_A/sig10_15_25/srs_93.txt,srs_93.txt,1,1,1,21
data/SRS/Dataset_A/sig10_15_25/srs_93.txt,srs_93.txt,1,1,2,21
data/SRS/Dataset_A/sig10_15_25/srs_93.txt,srs_93.txt,1,1,3,21
data/SRS/Dataset_A/sig10_15_25/srs_93.txt,srs_93.txt,1,5,0,21
data/SRS/Dataset_A/sig10_15_25/srs_93.txt,srs_93.txt,1,5,1,21
data/SRS/Dataset_A/sig10_15_25/srs_93.txt,srs_93.txt,1,5,2,21
data/SRS/Dataset_A/sig10_15_25/srs_93.txt,srs_93.txt,1,5,3,21
data/SRS/Dataset_A/sig10_15_25/srs_93.txt,srs_93.txt,1,10,0,21
data/SRS/Dataset_A/sig10_15_25/srs_93.txt,srs_93.txt,1,10,1,21
data/SRS/Dataset_A/sig10_15_25/srs_93.txt,srs_93.txt,1,10,2,21
data/SRS/Dataset_A/sig10_15_25/srs_93.txt,srs_93.txt,1,10,3,21
data/SRS/Dataset_A/sig10_15_25/srs_94.txt,srs_94.txt,0,1,1,20
data/SRS/Dataset_A/sig10_15_25/srs_94.txt,srs_94.txt,0,1,2,20
data/SRS/Dataset_A/sig10_15_25/srs_94.txt,srs_94.txt,0,1,3,20
data/SRS/Dataset_A/sig10_15_25/srs_94.txt,srs_94.txt,0,5,0,20
data/SRS/Dataset_A/sig10_15_25/srs_94.txt,srs_94.txt,0,5,1,20
data/SRS/Dataset_A/sig10_15_25/srs_94.txt,srs_94.txt,0,5,2,20
data/SRS/Dataset_A/sig10_15_25/srs_94.txt,srs_94.txt,0,5,3,20
data/SRS/Dataset_A/sig10_15_25/srs_94.txt,srs_94.txt,0,10,0,20
data/SRS/Dataset_A/sig10_15_25/srs_94.txt,srs_94.txt,0,10,1,20
data/SRS/Dataset_A/sig10_15_25/srs_94.txt,srs_94.txt,0,10,2,20
data/SRS/Dataset_A/sig10_15_25/srs_94.txt,srs_94.txt,1,1,0,20
data/SRS/Dataset_A/sig10_15_25/srs_94.txt,srs_94.txt,1,1,1,20
data/SRS/Dataset_A/sig10_15_25/srs_94.txt,srs_94.txt,1,1,2,20
data/SRS/Dataset_A/sig10_15_25/srs_94.txt,srs_94.txt,1,1,3,20
data/SRS/Dataset_A/sig10_15_25/srs_94.txt,srs_94.txt,1,5,0,20
data/SRS/Dataset_A/sig10_15_25/srs_94.txt,srs_94.txt,1,5,1,20
data/SRS/Dataset_A/sig10_15_25/srs_94.txt,srs_94.txt,1,5,2,20
data/SRS/Dataset_A/sig10_15_25/srs_94.txt,srs_94.txt,1,5,3,20
data/SRS/Dataset_A/sig10_15_25/srs_94.txt,srs_94.txt,1,10,0,20
data/SRS/Dataset_A/sig10_15_25/srs_94.txt,srs_94.txt,1,10,1,20
data/SRS/Dataset_A/sig10_15_25/srs_94.txt,srs_94.txt,1,10,2,20
data/SRS/Dataset_A/sig10_15_25/srs_94.txt,srs_94.txt,1,10,3,20
data/SRS/Dataset_A/sig10_15_25/srs_95.txt,srs_95.txt,0,1,1,25
data/SRS/Dataset_A/sig10_15_25/srs_95.txt,srs_95.txt,0,1,2,25
data/SRS/Dataset_A/sig10_15_25/srs_95.txt,srs_95.txt,0,1,3,25
data/SRS/Dataset_A/sig10_15_25/srs_95.txt,srs_95.txt,0,5,0,25
data/SRS/Dataset_A/sig10_15_25/srs_95.txt,srs_95.txt,0,5,1,25
data/SRS/Dataset_A/sig10_15_25/srs_95.txt,srs_95.txt,0,5,2,25
data/SRS/Dataset_A/sig10_15_25/srs_95.txt,srs_95.txt,0,5,3,25
data/SRS/Dataset_A/sig10_15_25/srs_95.txt,srs_95.txt,0,10,0,25
data/SRS/Dataset_A/sig10_15_25/srs_95.txt,srs_95.txt,0,10,1,25
data/SRS/Dataset_A/sig10_15_25/srs_95.txt,srs_95.txt,0,10,2,25
data/SRS/Dataset_A/sig10_15_25/srs_95.txt,srs_95.txt,1,1,0,25
data/SRS/Dataset_A/sig10_15_25/srs_95.txt,srs_95.txt,1,1,1,25
data/SRS/Dataset_A/sig10_15_25/srs_95.txt,srs_95.txt,1,1,2,25
data/SRS/Dataset_A/sig10_15_25/srs_95.txt,srs_95.txt,1,1,3,25
data/SRS/Dataset_A/sig10_15_25/srs_95.txt,srs_95.txt,1,5,0,25
data/SRS/Dataset_A/sig10_15_25/srs_95.txt,srs_95.txt,1,5,1,25
data/SRS/Dataset_A/sig10_15_25/srs_95.txt,srs_95.txt,1,5,2,25
data/SRS/Dataset_A/sig10_15_25/srs_95.txt,srs_95.txt,1,5,3,25
data/SRS/Dataset_A/sig10_15_25/srs_95.txt,srs_95.txt,1,10,0,25
data/SRS/Dataset_A/sig10_15_25/srs_95.txt,srs_95.txt,1,10,1,25
data/SRS/Dataset_A/sig10_15_25/srs_95.txt,srs_95.txt,1,10,2,25
data/SRS/Dataset_A/sig10_15_25/srs_95.txt,srs_95.txt,1,10,3,25
data/SRS/Dataset_A/sig10_15_25/srs_96.txt,srs_96.txt,0,1,1,15
data/SRS/Dataset_A/sig10_15_25/srs_96.txt,srs_96.txt,0,1,2,15
data/SRS/Dataset_A/sig10_15_25/srs_96.txt,srs_96.txt,0,1,3,15
data/SRS/Dataset_A/sig10_15_25/srs_96.txt,srs_96.txt,0,5,0,15
data/SRS/Dataset_A/sig10_15_25/srs_96.txt,srs_96.txt,0,5,1,15
data/SRS/Dataset_A/sig10_15_25/srs_96.txt,srs_96.txt,0,5,2,15
data/SRS/Dataset_A/sig10_15_25/srs_96.txt,srs_96.txt,0,5,3,15
data/SRS/Dataset_A/sig10_15_25/srs_96.txt,srs_96.txt,0,10,0,15
data/SRS/Dataset_A/sig10_15_25/srs_96.txt,srs_96.txt,0,10,1,15
data/SRS/Dataset_A/sig10_15_25/srs_96.txt,srs_96.txt,0,10,2,15
data/SRS/Dataset_A/sig10_15_25/srs_96.txt,srs_96.txt,1,1,0,15
data/SRS/Dataset_A/sig10_15_25/srs_96.txt,srs_96.txt,1,1,1,15
data/SRS/Dataset_A/sig10_15_25/srs_96.txt,srs_96.txt,1,1,2,15
data/SRS/Dataset_A/sig10_15_25/srs_96.txt,srs_96.txt,1,1,3,15
data/SRS/Dataset_A/sig10_15_25/srs_96.txt,srs_96.txt,1,5,0,15
data/SRS/Dataset_A/sig10_15_25/srs_96.txt,srs_96.txt,1,5,1,15
data/SRS/Dataset_A/sig10_15_25/srs_96.txt,srs_96.txt,1,5,2,15
data/SRS/Dataset_A/sig10_15_25/srs_96.txt,srs_96.txt,1,5,3,15
data/SRS/Dataset_A/sig10_15_25/srs_96.txt,srs_96.txt,1,10,0,15
data/SRS/Dataset_A/sig10_15_25/srs_96.txt,srs_96.txt,1,10,1,15
data/SRS/Dataset_A/sig10_15_25/srs_96.txt,srs_96.txt,1,10,2,15
data/SRS/Dataset_A/sig10_15_25/srs_96.txt,srs_96.txt,1,10,3,15
data/SRS/Dataset_A/sig10_15_25/srs_97.txt,srs_97.txt,0,1,1,16
data/SRS/Dataset_A/sig10_15_25/srs_97.txt,srs_97.txt,0,1,2,16
data/SRS/Dataset_A/sig10_15_25/srs_97.txt,srs_97.txt,0,1,3,16
data/SRS/Dataset_A/sig10_15_25/srs_97.txt,srs_97.txt,0,5,0,16
data/SRS/Dataset_A/sig10_15_25/srs_97.txt,srs_97.txt,0,5,1,16
data/SRS/Dataset_A/sig10_15_25/srs_97.txt,srs_97.txt,0,5,2,16
data/SRS/Dataset_A/sig10_15_25/srs_97.txt,srs_97.txt,0,5,3,16
data/SRS/Dataset_A/sig10_15_25/srs_97.txt,srs_97.txt,0,10,0,16
data/SRS/Dataset_A/sig10_15_25/srs_97.txt,srs_97.txt,0,10,1,16
data/SRS/Dataset_A/sig10_15_25/srs_97.txt,srs_97.txt,0,10,2,16
data/SRS/Dataset_A/sig10_15_25/srs_97.txt,srs_97.txt,1,1,0,16
data/SRS/Dataset_A/sig10_15_25/srs_97.txt,srs_97.txt,1,1,1,16
data/SRS/Dataset_A/sig10_15_25/srs_97.txt,srs_97.txt,1,1,2,16
data/SRS/Dataset_A/sig10_15_25/srs_97.txt,srs_97.txt,1,1,3,16
data/SRS/Dataset_A/sig10_15_25/srs_97.txt,srs_97.txt,1,5,0,16
data/SRS/Dataset_A/sig10_15_25/srs_97.txt,srs_97.txt,1,5,1,16
data/SRS/Dataset_A/sig10_15_25/srs_97.txt,srs_97.txt,1,5,2,16
data/SRS/Dataset_A/sig10_15_25/srs_97.txt,srs_97.txt,1,5,3,16
data/SRS/Dataset_A/sig10_15_25/srs_97.txt,srs_97.txt,1,10,0,16
data/SRS/Dataset_A/sig10_15_25/srs_97.txt,srs_97.txt,1,10,1,16
data/SRS/Dataset_A/sig10_15_25/srs_97.txt,srs_97.txt,1,10,2,16
data/SRS/Dataset_A/sig10_15_25/srs_97.txt,srs_97.txt,1,10,3,16
data/SRS/Dataset_A/sig10_15_25/srs_98.txt,srs_98.txt,0,1,1,15
data/SRS/Dataset_A/sig10_15_25/srs_98.txt,srs_98.txt,0,1,2,15
data/SRS/Dataset_A/sig10_15_25/srs_98.txt,srs_98.txt,0,1,3,15
data/SRS/Dataset_A/sig10_15_25/srs_98.txt,srs_98.txt,0,5,0,15
data/SRS/Dataset_A/sig10_15_25/srs_98.txt,srs_98.txt,0,5,1,15
data/SRS/Dataset_A/sig10_15_25/srs_98.txt,srs_98.txt,0,5,2,15
data/SRS/Dataset_A/sig10_15_25/srs_98.txt,srs_98.txt,0,5,3,15
data/SRS/Dataset_A/sig10_15_25/srs_98.txt,srs_98.txt,0,10,0,15
data/SRS/Dataset_A/sig10_15_25/srs_98.txt,srs_98.txt,0,10,1,15
data/SRS/Dataset_A/sig10_15_25/srs_98.txt,srs_98.txt,0,10,2,15
data/SRS/Dataset_A/sig10_15_25/srs_98.txt,srs_98.txt,1,1,0,15
data/SRS/Dataset_A/sig10_15_25/srs_98.txt,srs_98.txt,1,1,1,15
data/SRS/Dataset_A/sig10_15_25/srs_98.txt,srs_98.txt,1,1,2,15
data/SRS/Dataset_A/sig10_15_25/srs_98.txt,srs_98.txt,1,1,3,15
data/SRS/Dataset_A/sig10_15_25/srs_98.txt,srs_98.txt,1,5,0,15
data/SRS/Dataset_A/sig10_15_25/srs_98.txt,srs_98.txt,1,5,1,15
data/SRS/Dataset_A/sig10_15_25/srs_98.txt,srs_98.txt,1,5,2,15
data/SRS/Dataset_A/sig10_15_25/srs_98.txt,srs_98.txt,1,5,3,15
data/SRS/Dataset_A/sig10_15_25/srs_98.txt,srs_98.txt,1,10,0,15
data/SRS/Dataset_A/sig10_15_25/srs_98.txt,srs_98.txt,1,10,1,15
data/SRS/Dataset_A/sig10_15_25/srs_98.txt,srs_98.txt,1,10,2,15
data/SRS/Dataset_A/sig10_15_25/srs_98.txt,srs_98.txt,1,10,3,15
data/SRS/Dataset_A/sig10_15_25/srs_99.txt,srs_99.txt,0,1,1,15
data/SRS/Dataset_A/sig10_15_25/srs_99.txt,srs_99.txt,0,1,2,15
data/SRS/Dataset_A/sig10_15_25/srs_99.txt,srs_99.txt,0,1,3,15
data/SRS/Dataset_A/sig10_15_25/srs_99.txt,srs_99.txt,0,5,0,15
data/SRS/Dataset_A/sig10_15_25/srs_99.txt,srs_99.txt,0,5,1,15
data/SRS/Dataset_A/sig10_15_25/srs_99.txt,srs_99.txt,0,5,2,15
data/SRS/Dataset_A/sig10_15_25/srs_99.txt,srs_99.txt,0,5,3,15
data/SRS/Dataset_A/sig10_15_25/srs_99.txt,srs_99.txt,0,10,0,15
data/SRS/Dataset_A/sig10_15_25/srs_99.txt,srs_99.txt,0,10,1,15
data/SRS/Dataset_A/sig10_15_25/srs_99.txt,srs_99.txt,0,10,2,15
data/SRS/Dataset_A/sig10_15_25/srs_99.txt,srs_99.txt,1,1,0,15
data/SRS/Dataset_A/sig10_15_25/srs_99.txt,srs_99.txt,1,1,1,15
data/SRS/Dataset_A/sig10_15_25/srs_99.txt,srs_99.txt,1,1,2,15
data/SRS/Dataset_A/sig10_15_25/srs_99.txt,srs_99.txt,1,1,3,15
data/SRS/Dataset_A/sig10_15_25/srs_99.txt,srs_99.txt,1,5,0,15
data/SRS/Dataset_A/sig10_15_25/srs_99.txt,srs_99.txt,1,5,1,15
data/SRS/Dataset_A/sig10_15_25/srs_99.txt,srs_99.txt,1,5,2,15
data/SRS/Dataset_A/sig10_15_25/srs_99.txt,srs_99.txt,1,5,3,15
data/SRS/Dataset_A/sig10_15_25/srs_99.txt,srs_99.txt,1,10,0,15
data/SRS/Dataset_A/sig10_15_25/srs_99.txt,srs_99.txt,1,10,1,15
data/SRS/Dataset_A/sig10_15_25/srs_99.txt,srs_99.txt,1,10,2,15
data/SRS/Dataset_A/sig10_15_25/srs_99.txt,srs_99.txt,1,10,3,15
